benchmark,benchmark_version,task_id,task_instruction_digest,sites,source_file,criterion_code,reviewer_decision,evidence_reference,notes
autonomous-tester-agent-benchmark,650b9edaa055915cb27d2498f379a66430cc3e02,"TC-5-F :: Login with the dropdown menu,,Fail",6952e59e6f5fb9c64b87e5cee514c9ac57770aa74e451a30690316a8b33401ae,classifieds,ata-zenodo/ISSTA_ARTEFACT/benchmark/classifieds_failing.csv,IC1,,ata-zenodo/ISSTA_ARTEFACT/benchmark/classifieds_failing.csv#6952e59e6f5fb9c64b87e5cee514c9ac57770aa74e451a30690316a8b33401ae,
autonomous-tester-agent-benchmark,650b9edaa055915cb27d2498f379a66430cc3e02,"TC-5-F :: Login with the dropdown menu,,Fail",6952e59e6f5fb9c64b87e5cee514c9ac57770aa74e451a30690316a8b33401ae,classifieds,ata-zenodo/ISSTA_ARTEFACT/benchmark/classifieds_failing.csv,IC2,,ata-zenodo/ISSTA_ARTEFACT/benchmark/classifieds_failing.csv#6952e59e6f5fb9c64b87e5cee514c9ac57770aa74e451a30690316a8b33401ae,
autonomous-tester-agent-benchmark,650b9edaa055915cb27d2498f379a66430cc3e02,"TC-5-F :: Login with the dropdown menu,,Fail",6952e59e6f5fb9c64b87e5cee514c9ac57770aa74e451a30690316a8b33401ae,classifieds,ata-zenodo/ISSTA_ARTEFACT/benchmark/classifieds_failing.csv,IC3,,ata-zenodo/ISSTA_ARTEFACT/benchmark/classifieds_failing.csv#6952e59e6f5fb9c64b87e5cee514c9ac57770aa74e451a30690316a8b33401ae,
autonomous-tester-agent-benchmark,650b9edaa055915cb27d2498f379a66430cc3e02,"TC-5-F :: Login with the dropdown menu,,Fail",6952e59e6f5fb9c64b87e5cee514c9ac57770aa74e451a30690316a8b33401ae,classifieds,ata-zenodo/ISSTA_ARTEFACT/benchmark/classifieds_failing.csv,IC4,,ata-zenodo/ISSTA_ARTEFACT/benchmark/classifieds_failing.csv#6952e59e6f5fb9c64b87e5cee514c9ac57770aa74e451a30690316a8b33401ae,
autonomous-tester-agent-benchmark,650b9edaa055915cb27d2498f379a66430cc3e02,"TC-5-F :: Login with the dropdown menu,,Fail",6952e59e6f5fb9c64b87e5cee514c9ac57770aa74e451a30690316a8b33401ae,classifieds,ata-zenodo/ISSTA_ARTEFACT/benchmark/classifieds_failing.csv,IC5,,ata-zenodo/ISSTA_ARTEFACT/benchmark/classifieds_failing.csv#6952e59e6f5fb9c64b87e5cee514c9ac57770aa74e451a30690316a8b33401ae,
autonomous-tester-agent-benchmark,650b9edaa055915cb27d2498f379a66430cc3e02,"TC-5-F :: Login with the dropdown menu,,Fail",6952e59e6f5fb9c64b87e5cee514c9ac57770aa74e451a30690316a8b33401ae,classifieds,ata-zenodo/ISSTA_ARTEFACT/benchmark/classifieds_failing.csv,IC6,,ata-zenodo/ISSTA_ARTEFACT/benchmark/classifieds_failing.csv#6952e59e6f5fb9c64b87e5cee514c9ac57770aa74e451a30690316a8b33401ae,
autonomous-tester-agent-benchmark,650b9edaa055915cb27d2498f379a66430cc3e02,"TC-5-F :: Login with the dropdown menu,,Fail",6952e59e6f5fb9c64b87e5cee514c9ac57770aa74e451a30690316a8b33401ae,classifieds,ata-zenodo/ISSTA_ARTEFACT/benchmark/classifieds_failing.csv,IC7,,ata-zenodo/ISSTA_ARTEFACT/benchmark/classifieds_failing.csv#6952e59e6f5fb9c64b87e5cee514c9ac57770aa74e451a30690316a8b33401ae,
autonomous-tester-agent-benchmark,650b9edaa055915cb27d2498f379a66430cc3e02,"TC-15-F :: Publish and delete an advertisement,,Fail",272071d0d55940b37c81f7823963d2ad2f905b9d2345aeb9ef8f8344251ffc3d,classifieds,ata-zenodo/ISSTA_ARTEFACT/benchmark/classifieds_failing.csv,IC1,,ata-zenodo/ISSTA_ARTEFACT/benchmark/classifieds_failing.csv#272071d0d55940b37c81f7823963d2ad2f905b9d2345aeb9ef8f8344251ffc3d,
autonomous-tester-agent-benchmark,650b9edaa055915cb27d2498f379a66430cc3e02,"TC-15-F :: Publish and delete an advertisement,,Fail",272071d0d55940b37c81f7823963d2ad2f905b9d2345aeb9ef8f8344251ffc3d,classifieds,ata-zenodo/ISSTA_ARTEFACT/benchmark/classifieds_failing.csv,IC2,,ata-zenodo/ISSTA_ARTEFACT/benchmark/classifieds_failing.csv#272071d0d55940b37c81f7823963d2ad2f905b9d2345aeb9ef8f8344251ffc3d,
autonomous-tester-agent-benchmark,650b9edaa055915cb27d2498f379a66430cc3e02,"TC-15-F :: Publish and delete an advertisement,,Fail",272071d0d55940b37c81f7823963d2ad2f905b9d2345aeb9ef8f8344251ffc3d,classifieds,ata-zenodo/ISSTA_ARTEFACT/benchmark/classifieds_failing.csv,IC3,,ata-zenodo/ISSTA_ARTEFACT/benchmark/classifieds_failing.csv#272071d0d55940b37c81f7823963d2ad2f905b9d2345aeb9ef8f8344251ffc3d,
autonomous-tester-agent-benchmark,650b9edaa055915cb27d2498f379a66430cc3e02,"TC-15-F :: Publish and delete an advertisement,,Fail",272071d0d55940b37c81f7823963d2ad2f905b9d2345aeb9ef8f8344251ffc3d,classifieds,ata-zenodo/ISSTA_ARTEFACT/benchmark/classifieds_failing.csv,IC4,,ata-zenodo/ISSTA_ARTEFACT/benchmark/classifieds_failing.csv#272071d0d55940b37c81f7823963d2ad2f905b9d2345aeb9ef8f8344251ffc3d,
autonomous-tester-agent-benchmark,650b9edaa055915cb27d2498f379a66430cc3e02,"TC-15-F :: Publish and delete an advertisement,,Fail",272071d0d55940b37c81f7823963d2ad2f905b9d2345aeb9ef8f8344251ffc3d,classifieds,ata-zenodo/ISSTA_ARTEFACT/benchmark/classifieds_failing.csv,IC5,,ata-zenodo/ISSTA_ARTEFACT/benchmark/classifieds_failing.csv#272071d0d55940b37c81f7823963d2ad2f905b9d2345aeb9ef8f8344251ffc3d,
autonomous-tester-agent-benchmark,650b9edaa055915cb27d2498f379a66430cc3e02,"TC-15-F :: Publish and delete an advertisement,,Fail",272071d0d55940b37c81f7823963d2ad2f905b9d2345aeb9ef8f8344251ffc3d,classifieds,ata-zenodo/ISSTA_ARTEFACT/benchmark/classifieds_failing.csv,IC6,,ata-zenodo/ISSTA_ARTEFACT/benchmark/classifieds_failing.csv#272071d0d55940b37c81f7823963d2ad2f905b9d2345aeb9ef8f8344251ffc3d,
autonomous-tester-agent-benchmark,650b9edaa055915cb27d2498f379a66430cc3e02,"TC-15-F :: Publish and delete an advertisement,,Fail",272071d0d55940b37c81f7823963d2ad2f905b9d2345aeb9ef8f8344251ffc3d,classifieds,ata-zenodo/ISSTA_ARTEFACT/benchmark/classifieds_failing.csv,IC7,,ata-zenodo/ISSTA_ARTEFACT/benchmark/classifieds_failing.csv#272071d0d55940b37c81f7823963d2ad2f905b9d2345aeb9ef8f8344251ffc3d,
autonomous-tester-agent-benchmark,650b9edaa055915cb27d2498f379a66430cc3e02,"TC-4-P :: Login, search by keyword & category, choose an add, and leave a comment - updated",92e8411dd3adf6fa32d23dfe92b9eb095cee0d25e90f05190a6632660f1ca03d,classifieds,ata-zenodo/ISSTA_ARTEFACT/benchmark/classifieds_passing.csv,IC1,,ata-zenodo/ISSTA_ARTEFACT/benchmark/classifieds_passing.csv#92e8411dd3adf6fa32d23dfe92b9eb095cee0d25e90f05190a6632660f1ca03d,
autonomous-tester-agent-benchmark,650b9edaa055915cb27d2498f379a66430cc3e02,"TC-4-P :: Login, search by keyword & category, choose an add, and leave a comment - updated",92e8411dd3adf6fa32d23dfe92b9eb095cee0d25e90f05190a6632660f1ca03d,classifieds,ata-zenodo/ISSTA_ARTEFACT/benchmark/classifieds_passing.csv,IC2,,ata-zenodo/ISSTA_ARTEFACT/benchmark/classifieds_passing.csv#92e8411dd3adf6fa32d23dfe92b9eb095cee0d25e90f05190a6632660f1ca03d,
autonomous-tester-agent-benchmark,650b9edaa055915cb27d2498f379a66430cc3e02,"TC-4-P :: Login, search by keyword & category, choose an add, and leave a comment - updated",92e8411dd3adf6fa32d23dfe92b9eb095cee0d25e90f05190a6632660f1ca03d,classifieds,ata-zenodo/ISSTA_ARTEFACT/benchmark/classifieds_passing.csv,IC3,,ata-zenodo/ISSTA_ARTEFACT/benchmark/classifieds_passing.csv#92e8411dd3adf6fa32d23dfe92b9eb095cee0d25e90f05190a6632660f1ca03d,
autonomous-tester-agent-benchmark,650b9edaa055915cb27d2498f379a66430cc3e02,"TC-4-P :: Login, search by keyword & category, choose an add, and leave a comment - updated",92e8411dd3adf6fa32d23dfe92b9eb095cee0d25e90f05190a6632660f1ca03d,classifieds,ata-zenodo/ISSTA_ARTEFACT/benchmark/classifieds_passing.csv,IC4,,ata-zenodo/ISSTA_ARTEFACT/benchmark/classifieds_passing.csv#92e8411dd3adf6fa32d23dfe92b9eb095cee0d25e90f05190a6632660f1ca03d,
autonomous-tester-agent-benchmark,650b9edaa055915cb27d2498f379a66430cc3e02,"TC-4-P :: Login, search by keyword & category, choose an add, and leave a comment - updated",92e8411dd3adf6fa32d23dfe92b9eb095cee0d25e90f05190a6632660f1ca03d,classifieds,ata-zenodo/ISSTA_ARTEFACT/benchmark/classifieds_passing.csv,IC5,,ata-zenodo/ISSTA_ARTEFACT/benchmark/classifieds_passing.csv#92e8411dd3adf6fa32d23dfe92b9eb095cee0d25e90f05190a6632660f1ca03d,
autonomous-tester-agent-benchmark,650b9edaa055915cb27d2498f379a66430cc3e02,"TC-4-P :: Login, search by keyword & category, choose an add, and leave a comment - updated",92e8411dd3adf6fa32d23dfe92b9eb095cee0d25e90f05190a6632660f1ca03d,classifieds,ata-zenodo/ISSTA_ARTEFACT/benchmark/classifieds_passing.csv,IC6,,ata-zenodo/ISSTA_ARTEFACT/benchmark/classifieds_passing.csv#92e8411dd3adf6fa32d23dfe92b9eb095cee0d25e90f05190a6632660f1ca03d,
autonomous-tester-agent-benchmark,650b9edaa055915cb27d2498f379a66430cc3e02,"TC-4-P :: Login, search by keyword & category, choose an add, and leave a comment - updated",92e8411dd3adf6fa32d23dfe92b9eb095cee0d25e90f05190a6632660f1ca03d,classifieds,ata-zenodo/ISSTA_ARTEFACT/benchmark/classifieds_passing.csv,IC7,,ata-zenodo/ISSTA_ARTEFACT/benchmark/classifieds_passing.csv#92e8411dd3adf6fa32d23dfe92b9eb095cee0d25e90f05190a6632660f1ca03d,
autonomous-tester-agent-benchmark,650b9edaa055915cb27d2498f379a66430cc3e02,TC-5-P :: Connection,ad6be29c457bfd761104aa329798c76ae029802c78379408cdb858999faea207,onestopshop,ata-zenodo/ISSTA_ARTEFACT/benchmark/onestopshop_passing.csv,IC1,,ata-zenodo/ISSTA_ARTEFACT/benchmark/onestopshop_passing.csv#ad6be29c457bfd761104aa329798c76ae029802c78379408cdb858999faea207,
autonomous-tester-agent-benchmark,650b9edaa055915cb27d2498f379a66430cc3e02,TC-5-P :: Connection,ad6be29c457bfd761104aa329798c76ae029802c78379408cdb858999faea207,onestopshop,ata-zenodo/ISSTA_ARTEFACT/benchmark/onestopshop_passing.csv,IC2,,ata-zenodo/ISSTA_ARTEFACT/benchmark/onestopshop_passing.csv#ad6be29c457bfd761104aa329798c76ae029802c78379408cdb858999faea207,
autonomous-tester-agent-benchmark,650b9edaa055915cb27d2498f379a66430cc3e02,TC-5-P :: Connection,ad6be29c457bfd761104aa329798c76ae029802c78379408cdb858999faea207,onestopshop,ata-zenodo/ISSTA_ARTEFACT/benchmark/onestopshop_passing.csv,IC3,,ata-zenodo/ISSTA_ARTEFACT/benchmark/onestopshop_passing.csv#ad6be29c457bfd761104aa329798c76ae029802c78379408cdb858999faea207,
autonomous-tester-agent-benchmark,650b9edaa055915cb27d2498f379a66430cc3e02,TC-5-P :: Connection,ad6be29c457bfd761104aa329798c76ae029802c78379408cdb858999faea207,onestopshop,ata-zenodo/ISSTA_ARTEFACT/benchmark/onestopshop_passing.csv,IC4,,ata-zenodo/ISSTA_ARTEFACT/benchmark/onestopshop_passing.csv#ad6be29c457bfd761104aa329798c76ae029802c78379408cdb858999faea207,
autonomous-tester-agent-benchmark,650b9edaa055915cb27d2498f379a66430cc3e02,TC-5-P :: Connection,ad6be29c457bfd761104aa329798c76ae029802c78379408cdb858999faea207,onestopshop,ata-zenodo/ISSTA_ARTEFACT/benchmark/onestopshop_passing.csv,IC5,,ata-zenodo/ISSTA_ARTEFACT/benchmark/onestopshop_passing.csv#ad6be29c457bfd761104aa329798c76ae029802c78379408cdb858999faea207,
autonomous-tester-agent-benchmark,650b9edaa055915cb27d2498f379a66430cc3e02,TC-5-P :: Connection,ad6be29c457bfd761104aa329798c76ae029802c78379408cdb858999faea207,onestopshop,ata-zenodo/ISSTA_ARTEFACT/benchmark/onestopshop_passing.csv,IC6,,ata-zenodo/ISSTA_ARTEFACT/benchmark/onestopshop_passing.csv#ad6be29c457bfd761104aa329798c76ae029802c78379408cdb858999faea207,
autonomous-tester-agent-benchmark,650b9edaa055915cb27d2498f379a66430cc3e02,TC-5-P :: Connection,ad6be29c457bfd761104aa329798c76ae029802c78379408cdb858999faea207,onestopshop,ata-zenodo/ISSTA_ARTEFACT/benchmark/onestopshop_passing.csv,IC7,,ata-zenodo/ISSTA_ARTEFACT/benchmark/onestopshop_passing.csv#ad6be29c457bfd761104aa329798c76ae029802c78379408cdb858999faea207,
autonomous-tester-agent-benchmark,650b9edaa055915cb27d2498f379a66430cc3e02,TC-27-P :: Change Password,72e0eee7ca767ec688813f3f9b5797d7fd4eb4bfc851cc1b3723512ae88e3baa,onestopshop,ata-zenodo/ISSTA_ARTEFACT/benchmark/onestopshop_passing.csv,IC1,,ata-zenodo/ISSTA_ARTEFACT/benchmark/onestopshop_passing.csv#72e0eee7ca767ec688813f3f9b5797d7fd4eb4bfc851cc1b3723512ae88e3baa,
autonomous-tester-agent-benchmark,650b9edaa055915cb27d2498f379a66430cc3e02,TC-27-P :: Change Password,72e0eee7ca767ec688813f3f9b5797d7fd4eb4bfc851cc1b3723512ae88e3baa,onestopshop,ata-zenodo/ISSTA_ARTEFACT/benchmark/onestopshop_passing.csv,IC2,,ata-zenodo/ISSTA_ARTEFACT/benchmark/onestopshop_passing.csv#72e0eee7ca767ec688813f3f9b5797d7fd4eb4bfc851cc1b3723512ae88e3baa,
autonomous-tester-agent-benchmark,650b9edaa055915cb27d2498f379a66430cc3e02,TC-27-P :: Change Password,72e0eee7ca767ec688813f3f9b5797d7fd4eb4bfc851cc1b3723512ae88e3baa,onestopshop,ata-zenodo/ISSTA_ARTEFACT/benchmark/onestopshop_passing.csv,IC3,,ata-zenodo/ISSTA_ARTEFACT/benchmark/onestopshop_passing.csv#72e0eee7ca767ec688813f3f9b5797d7fd4eb4bfc851cc1b3723512ae88e3baa,
autonomous-tester-agent-benchmark,650b9edaa055915cb27d2498f379a66430cc3e02,TC-27-P :: Change Password,72e0eee7ca767ec688813f3f9b5797d7fd4eb4bfc851cc1b3723512ae88e3baa,onestopshop,ata-zenodo/ISSTA_ARTEFACT/benchmark/onestopshop_passing.csv,IC4,,ata-zenodo/ISSTA_ARTEFACT/benchmark/onestopshop_passing.csv#72e0eee7ca767ec688813f3f9b5797d7fd4eb4bfc851cc1b3723512ae88e3baa,
autonomous-tester-agent-benchmark,650b9edaa055915cb27d2498f379a66430cc3e02,TC-27-P :: Change Password,72e0eee7ca767ec688813f3f9b5797d7fd4eb4bfc851cc1b3723512ae88e3baa,onestopshop,ata-zenodo/ISSTA_ARTEFACT/benchmark/onestopshop_passing.csv,IC5,,ata-zenodo/ISSTA_ARTEFACT/benchmark/onestopshop_passing.csv#72e0eee7ca767ec688813f3f9b5797d7fd4eb4bfc851cc1b3723512ae88e3baa,
autonomous-tester-agent-benchmark,650b9edaa055915cb27d2498f379a66430cc3e02,TC-27-P :: Change Password,72e0eee7ca767ec688813f3f9b5797d7fd4eb4bfc851cc1b3723512ae88e3baa,onestopshop,ata-zenodo/ISSTA_ARTEFACT/benchmark/onestopshop_passing.csv,IC6,,ata-zenodo/ISSTA_ARTEFACT/benchmark/onestopshop_passing.csv#72e0eee7ca767ec688813f3f9b5797d7fd4eb4bfc851cc1b3723512ae88e3baa,
autonomous-tester-agent-benchmark,650b9edaa055915cb27d2498f379a66430cc3e02,TC-27-P :: Change Password,72e0eee7ca767ec688813f3f9b5797d7fd4eb4bfc851cc1b3723512ae88e3baa,onestopshop,ata-zenodo/ISSTA_ARTEFACT/benchmark/onestopshop_passing.csv,IC7,,ata-zenodo/ISSTA_ARTEFACT/benchmark/onestopshop_passing.csv#72e0eee7ca767ec688813f3f9b5797d7fd4eb4bfc851cc1b3723512ae88e3baa,
autonomous-tester-agent-benchmark,650b9edaa055915cb27d2498f379a66430cc3e02,"TC-8-F :: Check the page after sign-in,,Fail",b008a48a39ab348cfa6a3a7821ee4dea13a9e6f49c093e5e5ec4a2e97e132ab6,onestopshop,ata-zenodo/ISSTA_ARTEFACT/benchmark/onestopshop_failing.csv,IC1,,ata-zenodo/ISSTA_ARTEFACT/benchmark/onestopshop_failing.csv#b008a48a39ab348cfa6a3a7821ee4dea13a9e6f49c093e5e5ec4a2e97e132ab6,
autonomous-tester-agent-benchmark,650b9edaa055915cb27d2498f379a66430cc3e02,"TC-8-F :: Check the page after sign-in,,Fail",b008a48a39ab348cfa6a3a7821ee4dea13a9e6f49c093e5e5ec4a2e97e132ab6,onestopshop,ata-zenodo/ISSTA_ARTEFACT/benchmark/onestopshop_failing.csv,IC2,,ata-zenodo/ISSTA_ARTEFACT/benchmark/onestopshop_failing.csv#b008a48a39ab348cfa6a3a7821ee4dea13a9e6f49c093e5e5ec4a2e97e132ab6,
autonomous-tester-agent-benchmark,650b9edaa055915cb27d2498f379a66430cc3e02,"TC-8-F :: Check the page after sign-in,,Fail",b008a48a39ab348cfa6a3a7821ee4dea13a9e6f49c093e5e5ec4a2e97e132ab6,onestopshop,ata-zenodo/ISSTA_ARTEFACT/benchmark/onestopshop_failing.csv,IC3,,ata-zenodo/ISSTA_ARTEFACT/benchmark/onestopshop_failing.csv#b008a48a39ab348cfa6a3a7821ee4dea13a9e6f49c093e5e5ec4a2e97e132ab6,
autonomous-tester-agent-benchmark,650b9edaa055915cb27d2498f379a66430cc3e02,"TC-8-F :: Check the page after sign-in,,Fail",b008a48a39ab348cfa6a3a7821ee4dea13a9e6f49c093e5e5ec4a2e97e132ab6,onestopshop,ata-zenodo/ISSTA_ARTEFACT/benchmark/onestopshop_failing.csv,IC4,,ata-zenodo/ISSTA_ARTEFACT/benchmark/onestopshop_failing.csv#b008a48a39ab348cfa6a3a7821ee4dea13a9e6f49c093e5e5ec4a2e97e132ab6,
autonomous-tester-agent-benchmark,650b9edaa055915cb27d2498f379a66430cc3e02,"TC-8-F :: Check the page after sign-in,,Fail",b008a48a39ab348cfa6a3a7821ee4dea13a9e6f49c093e5e5ec4a2e97e132ab6,onestopshop,ata-zenodo/ISSTA_ARTEFACT/benchmark/onestopshop_failing.csv,IC5,,ata-zenodo/ISSTA_ARTEFACT/benchmark/onestopshop_failing.csv#b008a48a39ab348cfa6a3a7821ee4dea13a9e6f49c093e5e5ec4a2e97e132ab6,
autonomous-tester-agent-benchmark,650b9edaa055915cb27d2498f379a66430cc3e02,"TC-8-F :: Check the page after sign-in,,Fail",b008a48a39ab348cfa6a3a7821ee4dea13a9e6f49c093e5e5ec4a2e97e132ab6,onestopshop,ata-zenodo/ISSTA_ARTEFACT/benchmark/onestopshop_failing.csv,IC6,,ata-zenodo/ISSTA_ARTEFACT/benchmark/onestopshop_failing.csv#b008a48a39ab348cfa6a3a7821ee4dea13a9e6f49c093e5e5ec4a2e97e132ab6,
autonomous-tester-agent-benchmark,650b9edaa055915cb27d2498f379a66430cc3e02,"TC-8-F :: Check the page after sign-in,,Fail",b008a48a39ab348cfa6a3a7821ee4dea13a9e6f49c093e5e5ec4a2e97e132ab6,onestopshop,ata-zenodo/ISSTA_ARTEFACT/benchmark/onestopshop_failing.csv,IC7,,ata-zenodo/ISSTA_ARTEFACT/benchmark/onestopshop_failing.csv#b008a48a39ab348cfa6a3a7821ee4dea13a9e6f49c093e5e5ec4a2e97e132ab6,
autonomous-tester-agent-benchmark,650b9edaa055915cb27d2498f379a66430cc3e02,"TC-2-F :: Automatic update of the wish list listings on quantity attributes,,Fail",c4df674c283f20f4310c3f8b053bba56f7883ac8ea0e86c07fcfd1d3a06f8e57,onestopshop,ata-zenodo/ISSTA_ARTEFACT/benchmark/onestopshop_failing.csv,IC1,,ata-zenodo/ISSTA_ARTEFACT/benchmark/onestopshop_failing.csv#c4df674c283f20f4310c3f8b053bba56f7883ac8ea0e86c07fcfd1d3a06f8e57,
autonomous-tester-agent-benchmark,650b9edaa055915cb27d2498f379a66430cc3e02,"TC-2-F :: Automatic update of the wish list listings on quantity attributes,,Fail",c4df674c283f20f4310c3f8b053bba56f7883ac8ea0e86c07fcfd1d3a06f8e57,onestopshop,ata-zenodo/ISSTA_ARTEFACT/benchmark/onestopshop_failing.csv,IC2,,ata-zenodo/ISSTA_ARTEFACT/benchmark/onestopshop_failing.csv#c4df674c283f20f4310c3f8b053bba56f7883ac8ea0e86c07fcfd1d3a06f8e57,
autonomous-tester-agent-benchmark,650b9edaa055915cb27d2498f379a66430cc3e02,"TC-2-F :: Automatic update of the wish list listings on quantity attributes,,Fail",c4df674c283f20f4310c3f8b053bba56f7883ac8ea0e86c07fcfd1d3a06f8e57,onestopshop,ata-zenodo/ISSTA_ARTEFACT/benchmark/onestopshop_failing.csv,IC3,,ata-zenodo/ISSTA_ARTEFACT/benchmark/onestopshop_failing.csv#c4df674c283f20f4310c3f8b053bba56f7883ac8ea0e86c07fcfd1d3a06f8e57,
autonomous-tester-agent-benchmark,650b9edaa055915cb27d2498f379a66430cc3e02,"TC-2-F :: Automatic update of the wish list listings on quantity attributes,,Fail",c4df674c283f20f4310c3f8b053bba56f7883ac8ea0e86c07fcfd1d3a06f8e57,onestopshop,ata-zenodo/ISSTA_ARTEFACT/benchmark/onestopshop_failing.csv,IC4,,ata-zenodo/ISSTA_ARTEFACT/benchmark/onestopshop_failing.csv#c4df674c283f20f4310c3f8b053bba56f7883ac8ea0e86c07fcfd1d3a06f8e57,
autonomous-tester-agent-benchmark,650b9edaa055915cb27d2498f379a66430cc3e02,"TC-2-F :: Automatic update of the wish list listings on quantity attributes,,Fail",c4df674c283f20f4310c3f8b053bba56f7883ac8ea0e86c07fcfd1d3a06f8e57,onestopshop,ata-zenodo/ISSTA_ARTEFACT/benchmark/onestopshop_failing.csv,IC5,,ata-zenodo/ISSTA_ARTEFACT/benchmark/onestopshop_failing.csv#c4df674c283f20f4310c3f8b053bba56f7883ac8ea0e86c07fcfd1d3a06f8e57,
autonomous-tester-agent-benchmark,650b9edaa055915cb27d2498f379a66430cc3e02,"TC-2-F :: Automatic update of the wish list listings on quantity attributes,,Fail",c4df674c283f20f4310c3f8b053bba56f7883ac8ea0e86c07fcfd1d3a06f8e57,onestopshop,ata-zenodo/ISSTA_ARTEFACT/benchmark/onestopshop_failing.csv,IC6,,ata-zenodo/ISSTA_ARTEFACT/benchmark/onestopshop_failing.csv#c4df674c283f20f4310c3f8b053bba56f7883ac8ea0e86c07fcfd1d3a06f8e57,
autonomous-tester-agent-benchmark,650b9edaa055915cb27d2498f379a66430cc3e02,"TC-2-F :: Automatic update of the wish list listings on quantity attributes,,Fail",c4df674c283f20f4310c3f8b053bba56f7883ac8ea0e86c07fcfd1d3a06f8e57,onestopshop,ata-zenodo/ISSTA_ARTEFACT/benchmark/onestopshop_failing.csv,IC7,,ata-zenodo/ISSTA_ARTEFACT/benchmark/onestopshop_failing.csv#c4df674c283f20f4310c3f8b053bba56f7883ac8ea0e86c07fcfd1d3a06f8e57,
autonomous-tester-agent-benchmark,650b9edaa055915cb27d2498f379a66430cc3e02,TC-13-P :: Search From menu,6b21ccbf95cd061b7d2477d380754273617144cb58b8c2be7023589cac7978af,onestopshop,ata-zenodo/ISSTA_ARTEFACT/benchmark/onestopshop_passing.csv,IC1,,ata-zenodo/ISSTA_ARTEFACT/benchmark/onestopshop_passing.csv#6b21ccbf95cd061b7d2477d380754273617144cb58b8c2be7023589cac7978af,
autonomous-tester-agent-benchmark,650b9edaa055915cb27d2498f379a66430cc3e02,TC-13-P :: Search From menu,6b21ccbf95cd061b7d2477d380754273617144cb58b8c2be7023589cac7978af,onestopshop,ata-zenodo/ISSTA_ARTEFACT/benchmark/onestopshop_passing.csv,IC2,,ata-zenodo/ISSTA_ARTEFACT/benchmark/onestopshop_passing.csv#6b21ccbf95cd061b7d2477d380754273617144cb58b8c2be7023589cac7978af,
autonomous-tester-agent-benchmark,650b9edaa055915cb27d2498f379a66430cc3e02,TC-13-P :: Search From menu,6b21ccbf95cd061b7d2477d380754273617144cb58b8c2be7023589cac7978af,onestopshop,ata-zenodo/ISSTA_ARTEFACT/benchmark/onestopshop_passing.csv,IC3,,ata-zenodo/ISSTA_ARTEFACT/benchmark/onestopshop_passing.csv#6b21ccbf95cd061b7d2477d380754273617144cb58b8c2be7023589cac7978af,
autonomous-tester-agent-benchmark,650b9edaa055915cb27d2498f379a66430cc3e02,TC-13-P :: Search From menu,6b21ccbf95cd061b7d2477d380754273617144cb58b8c2be7023589cac7978af,onestopshop,ata-zenodo/ISSTA_ARTEFACT/benchmark/onestopshop_passing.csv,IC4,,ata-zenodo/ISSTA_ARTEFACT/benchmark/onestopshop_passing.csv#6b21ccbf95cd061b7d2477d380754273617144cb58b8c2be7023589cac7978af,
autonomous-tester-agent-benchmark,650b9edaa055915cb27d2498f379a66430cc3e02,TC-13-P :: Search From menu,6b21ccbf95cd061b7d2477d380754273617144cb58b8c2be7023589cac7978af,onestopshop,ata-zenodo/ISSTA_ARTEFACT/benchmark/onestopshop_passing.csv,IC5,,ata-zenodo/ISSTA_ARTEFACT/benchmark/onestopshop_passing.csv#6b21ccbf95cd061b7d2477d380754273617144cb58b8c2be7023589cac7978af,
autonomous-tester-agent-benchmark,650b9edaa055915cb27d2498f379a66430cc3e02,TC-13-P :: Search From menu,6b21ccbf95cd061b7d2477d380754273617144cb58b8c2be7023589cac7978af,onestopshop,ata-zenodo/ISSTA_ARTEFACT/benchmark/onestopshop_passing.csv,IC6,,ata-zenodo/ISSTA_ARTEFACT/benchmark/onestopshop_passing.csv#6b21ccbf95cd061b7d2477d380754273617144cb58b8c2be7023589cac7978af,
autonomous-tester-agent-benchmark,650b9edaa055915cb27d2498f379a66430cc3e02,TC-13-P :: Search From menu,6b21ccbf95cd061b7d2477d380754273617144cb58b8c2be7023589cac7978af,onestopshop,ata-zenodo/ISSTA_ARTEFACT/benchmark/onestopshop_passing.csv,IC7,,ata-zenodo/ISSTA_ARTEFACT/benchmark/onestopshop_passing.csv#6b21ccbf95cd061b7d2477d380754273617144cb58b8c2be7023589cac7978af,
autonomous-tester-agent-benchmark,650b9edaa055915cb27d2498f379a66430cc3e02,TC-6-P :: Blocking list,9dc2e3b100233cf081ce7f13ddf3fd7723dcea5868260bb61e0d3bda8dfb2b16,postmill,ata-zenodo/ISSTA_ARTEFACT/benchmark/postmill_passing.csv,IC1,,ata-zenodo/ISSTA_ARTEFACT/benchmark/postmill_passing.csv#9dc2e3b100233cf081ce7f13ddf3fd7723dcea5868260bb61e0d3bda8dfb2b16,
autonomous-tester-agent-benchmark,650b9edaa055915cb27d2498f379a66430cc3e02,TC-6-P :: Blocking list,9dc2e3b100233cf081ce7f13ddf3fd7723dcea5868260bb61e0d3bda8dfb2b16,postmill,ata-zenodo/ISSTA_ARTEFACT/benchmark/postmill_passing.csv,IC2,,ata-zenodo/ISSTA_ARTEFACT/benchmark/postmill_passing.csv#9dc2e3b100233cf081ce7f13ddf3fd7723dcea5868260bb61e0d3bda8dfb2b16,
autonomous-tester-agent-benchmark,650b9edaa055915cb27d2498f379a66430cc3e02,TC-6-P :: Blocking list,9dc2e3b100233cf081ce7f13ddf3fd7723dcea5868260bb61e0d3bda8dfb2b16,postmill,ata-zenodo/ISSTA_ARTEFACT/benchmark/postmill_passing.csv,IC3,,ata-zenodo/ISSTA_ARTEFACT/benchmark/postmill_passing.csv#9dc2e3b100233cf081ce7f13ddf3fd7723dcea5868260bb61e0d3bda8dfb2b16,
autonomous-tester-agent-benchmark,650b9edaa055915cb27d2498f379a66430cc3e02,TC-6-P :: Blocking list,9dc2e3b100233cf081ce7f13ddf3fd7723dcea5868260bb61e0d3bda8dfb2b16,postmill,ata-zenodo/ISSTA_ARTEFACT/benchmark/postmill_passing.csv,IC4,,ata-zenodo/ISSTA_ARTEFACT/benchmark/postmill_passing.csv#9dc2e3b100233cf081ce7f13ddf3fd7723dcea5868260bb61e0d3bda8dfb2b16,
autonomous-tester-agent-benchmark,650b9edaa055915cb27d2498f379a66430cc3e02,TC-6-P :: Blocking list,9dc2e3b100233cf081ce7f13ddf3fd7723dcea5868260bb61e0d3bda8dfb2b16,postmill,ata-zenodo/ISSTA_ARTEFACT/benchmark/postmill_passing.csv,IC5,,ata-zenodo/ISSTA_ARTEFACT/benchmark/postmill_passing.csv#9dc2e3b100233cf081ce7f13ddf3fd7723dcea5868260bb61e0d3bda8dfb2b16,
autonomous-tester-agent-benchmark,650b9edaa055915cb27d2498f379a66430cc3e02,TC-6-P :: Blocking list,9dc2e3b100233cf081ce7f13ddf3fd7723dcea5868260bb61e0d3bda8dfb2b16,postmill,ata-zenodo/ISSTA_ARTEFACT/benchmark/postmill_passing.csv,IC6,,ata-zenodo/ISSTA_ARTEFACT/benchmark/postmill_passing.csv#9dc2e3b100233cf081ce7f13ddf3fd7723dcea5868260bb61e0d3bda8dfb2b16,
autonomous-tester-agent-benchmark,650b9edaa055915cb27d2498f379a66430cc3e02,TC-6-P :: Blocking list,9dc2e3b100233cf081ce7f13ddf3fd7723dcea5868260bb61e0d3bda8dfb2b16,postmill,ata-zenodo/ISSTA_ARTEFACT/benchmark/postmill_passing.csv,IC7,,ata-zenodo/ISSTA_ARTEFACT/benchmark/postmill_passing.csv#9dc2e3b100233cf081ce7f13ddf3fd7723dcea5868260bb61e0d3bda8dfb2b16,
autonomous-tester-agent-benchmark,650b9edaa055915cb27d2498f379a66430cc3e02,TC-3-P :: Profile,8c479687d507d3eb0bcb5ce2c5b28040277ad5461b2519b07cecad71767097b0,postmill,ata-zenodo/ISSTA_ARTEFACT/benchmark/postmill_passing.csv,IC1,,ata-zenodo/ISSTA_ARTEFACT/benchmark/postmill_passing.csv#8c479687d507d3eb0bcb5ce2c5b28040277ad5461b2519b07cecad71767097b0,
autonomous-tester-agent-benchmark,650b9edaa055915cb27d2498f379a66430cc3e02,TC-3-P :: Profile,8c479687d507d3eb0bcb5ce2c5b28040277ad5461b2519b07cecad71767097b0,postmill,ata-zenodo/ISSTA_ARTEFACT/benchmark/postmill_passing.csv,IC2,,ata-zenodo/ISSTA_ARTEFACT/benchmark/postmill_passing.csv#8c479687d507d3eb0bcb5ce2c5b28040277ad5461b2519b07cecad71767097b0,
autonomous-tester-agent-benchmark,650b9edaa055915cb27d2498f379a66430cc3e02,TC-3-P :: Profile,8c479687d507d3eb0bcb5ce2c5b28040277ad5461b2519b07cecad71767097b0,postmill,ata-zenodo/ISSTA_ARTEFACT/benchmark/postmill_passing.csv,IC3,,ata-zenodo/ISSTA_ARTEFACT/benchmark/postmill_passing.csv#8c479687d507d3eb0bcb5ce2c5b28040277ad5461b2519b07cecad71767097b0,
autonomous-tester-agent-benchmark,650b9edaa055915cb27d2498f379a66430cc3e02,TC-3-P :: Profile,8c479687d507d3eb0bcb5ce2c5b28040277ad5461b2519b07cecad71767097b0,postmill,ata-zenodo/ISSTA_ARTEFACT/benchmark/postmill_passing.csv,IC4,,ata-zenodo/ISSTA_ARTEFACT/benchmark/postmill_passing.csv#8c479687d507d3eb0bcb5ce2c5b28040277ad5461b2519b07cecad71767097b0,
autonomous-tester-agent-benchmark,650b9edaa055915cb27d2498f379a66430cc3e02,TC-3-P :: Profile,8c479687d507d3eb0bcb5ce2c5b28040277ad5461b2519b07cecad71767097b0,postmill,ata-zenodo/ISSTA_ARTEFACT/benchmark/postmill_passing.csv,IC5,,ata-zenodo/ISSTA_ARTEFACT/benchmark/postmill_passing.csv#8c479687d507d3eb0bcb5ce2c5b28040277ad5461b2519b07cecad71767097b0,
autonomous-tester-agent-benchmark,650b9edaa055915cb27d2498f379a66430cc3e02,TC-3-P :: Profile,8c479687d507d3eb0bcb5ce2c5b28040277ad5461b2519b07cecad71767097b0,postmill,ata-zenodo/ISSTA_ARTEFACT/benchmark/postmill_passing.csv,IC6,,ata-zenodo/ISSTA_ARTEFACT/benchmark/postmill_passing.csv#8c479687d507d3eb0bcb5ce2c5b28040277ad5461b2519b07cecad71767097b0,
autonomous-tester-agent-benchmark,650b9edaa055915cb27d2498f379a66430cc3e02,TC-3-P :: Profile,8c479687d507d3eb0bcb5ce2c5b28040277ad5461b2519b07cecad71767097b0,postmill,ata-zenodo/ISSTA_ARTEFACT/benchmark/postmill_passing.csv,IC7,,ata-zenodo/ISSTA_ARTEFACT/benchmark/postmill_passing.csv#8c479687d507d3eb0bcb5ce2c5b28040277ad5461b2519b07cecad71767097b0,
autonomous-tester-agent-benchmark,650b9edaa055915cb27d2498f379a66430cc3e02,TC-2-P :: Registration - Errors,05b8690db35cedf0aadd406f0e2ead3ab710fe12e48241b5e8b5a1b13de22794,postmill,ata-zenodo/ISSTA_ARTEFACT/benchmark/postmill_passing.csv,IC1,,ata-zenodo/ISSTA_ARTEFACT/benchmark/postmill_passing.csv#05b8690db35cedf0aadd406f0e2ead3ab710fe12e48241b5e8b5a1b13de22794,
autonomous-tester-agent-benchmark,650b9edaa055915cb27d2498f379a66430cc3e02,TC-2-P :: Registration - Errors,05b8690db35cedf0aadd406f0e2ead3ab710fe12e48241b5e8b5a1b13de22794,postmill,ata-zenodo/ISSTA_ARTEFACT/benchmark/postmill_passing.csv,IC2,,ata-zenodo/ISSTA_ARTEFACT/benchmark/postmill_passing.csv#05b8690db35cedf0aadd406f0e2ead3ab710fe12e48241b5e8b5a1b13de22794,
autonomous-tester-agent-benchmark,650b9edaa055915cb27d2498f379a66430cc3e02,TC-2-P :: Registration - Errors,05b8690db35cedf0aadd406f0e2ead3ab710fe12e48241b5e8b5a1b13de22794,postmill,ata-zenodo/ISSTA_ARTEFACT/benchmark/postmill_passing.csv,IC3,,ata-zenodo/ISSTA_ARTEFACT/benchmark/postmill_passing.csv#05b8690db35cedf0aadd406f0e2ead3ab710fe12e48241b5e8b5a1b13de22794,
autonomous-tester-agent-benchmark,650b9edaa055915cb27d2498f379a66430cc3e02,TC-2-P :: Registration - Errors,05b8690db35cedf0aadd406f0e2ead3ab710fe12e48241b5e8b5a1b13de22794,postmill,ata-zenodo/ISSTA_ARTEFACT/benchmark/postmill_passing.csv,IC4,,ata-zenodo/ISSTA_ARTEFACT/benchmark/postmill_passing.csv#05b8690db35cedf0aadd406f0e2ead3ab710fe12e48241b5e8b5a1b13de22794,
autonomous-tester-agent-benchmark,650b9edaa055915cb27d2498f379a66430cc3e02,TC-2-P :: Registration - Errors,05b8690db35cedf0aadd406f0e2ead3ab710fe12e48241b5e8b5a1b13de22794,postmill,ata-zenodo/ISSTA_ARTEFACT/benchmark/postmill_passing.csv,IC5,,ata-zenodo/ISSTA_ARTEFACT/benchmark/postmill_passing.csv#05b8690db35cedf0aadd406f0e2ead3ab710fe12e48241b5e8b5a1b13de22794,
autonomous-tester-agent-benchmark,650b9edaa055915cb27d2498f379a66430cc3e02,TC-2-P :: Registration - Errors,05b8690db35cedf0aadd406f0e2ead3ab710fe12e48241b5e8b5a1b13de22794,postmill,ata-zenodo/ISSTA_ARTEFACT/benchmark/postmill_passing.csv,IC6,,ata-zenodo/ISSTA_ARTEFACT/benchmark/postmill_passing.csv#05b8690db35cedf0aadd406f0e2ead3ab710fe12e48241b5e8b5a1b13de22794,
autonomous-tester-agent-benchmark,650b9edaa055915cb27d2498f379a66430cc3e02,TC-2-P :: Registration - Errors,05b8690db35cedf0aadd406f0e2ead3ab710fe12e48241b5e8b5a1b13de22794,postmill,ata-zenodo/ISSTA_ARTEFACT/benchmark/postmill_passing.csv,IC7,,ata-zenodo/ISSTA_ARTEFACT/benchmark/postmill_passing.csv#05b8690db35cedf0aadd406f0e2ead3ab710fe12e48241b5e8b5a1b13de22794,
autonomous-tester-agent-benchmark,650b9edaa055915cb27d2498f379a66430cc3e02,TC-5-P :: Settings,5d1cb642a0bf949c8e6ec3bc803124563380c786ce395f7138078b10888a2bf8,postmill,ata-zenodo/ISSTA_ARTEFACT/benchmark/postmill_passing.csv,IC1,,ata-zenodo/ISSTA_ARTEFACT/benchmark/postmill_passing.csv#5d1cb642a0bf949c8e6ec3bc803124563380c786ce395f7138078b10888a2bf8,
autonomous-tester-agent-benchmark,650b9edaa055915cb27d2498f379a66430cc3e02,TC-5-P :: Settings,5d1cb642a0bf949c8e6ec3bc803124563380c786ce395f7138078b10888a2bf8,postmill,ata-zenodo/ISSTA_ARTEFACT/benchmark/postmill_passing.csv,IC2,,ata-zenodo/ISSTA_ARTEFACT/benchmark/postmill_passing.csv#5d1cb642a0bf949c8e6ec3bc803124563380c786ce395f7138078b10888a2bf8,
autonomous-tester-agent-benchmark,650b9edaa055915cb27d2498f379a66430cc3e02,TC-5-P :: Settings,5d1cb642a0bf949c8e6ec3bc803124563380c786ce395f7138078b10888a2bf8,postmill,ata-zenodo/ISSTA_ARTEFACT/benchmark/postmill_passing.csv,IC3,,ata-zenodo/ISSTA_ARTEFACT/benchmark/postmill_passing.csv#5d1cb642a0bf949c8e6ec3bc803124563380c786ce395f7138078b10888a2bf8,
autonomous-tester-agent-benchmark,650b9edaa055915cb27d2498f379a66430cc3e02,TC-5-P :: Settings,5d1cb642a0bf949c8e6ec3bc803124563380c786ce395f7138078b10888a2bf8,postmill,ata-zenodo/ISSTA_ARTEFACT/benchmark/postmill_passing.csv,IC4,,ata-zenodo/ISSTA_ARTEFACT/benchmark/postmill_passing.csv#5d1cb642a0bf949c8e6ec3bc803124563380c786ce395f7138078b10888a2bf8,
autonomous-tester-agent-benchmark,650b9edaa055915cb27d2498f379a66430cc3e02,TC-5-P :: Settings,5d1cb642a0bf949c8e6ec3bc803124563380c786ce395f7138078b10888a2bf8,postmill,ata-zenodo/ISSTA_ARTEFACT/benchmark/postmill_passing.csv,IC5,,ata-zenodo/ISSTA_ARTEFACT/benchmark/postmill_passing.csv#5d1cb642a0bf949c8e6ec3bc803124563380c786ce395f7138078b10888a2bf8,
autonomous-tester-agent-benchmark,650b9edaa055915cb27d2498f379a66430cc3e02,TC-5-P :: Settings,5d1cb642a0bf949c8e6ec3bc803124563380c786ce395f7138078b10888a2bf8,postmill,ata-zenodo/ISSTA_ARTEFACT/benchmark/postmill_passing.csv,IC6,,ata-zenodo/ISSTA_ARTEFACT/benchmark/postmill_passing.csv#5d1cb642a0bf949c8e6ec3bc803124563380c786ce395f7138078b10888a2bf8,
autonomous-tester-agent-benchmark,650b9edaa055915cb27d2498f379a66430cc3e02,TC-5-P :: Settings,5d1cb642a0bf949c8e6ec3bc803124563380c786ce395f7138078b10888a2bf8,postmill,ata-zenodo/ISSTA_ARTEFACT/benchmark/postmill_passing.csv,IC7,,ata-zenodo/ISSTA_ARTEFACT/benchmark/postmill_passing.csv#5d1cb642a0bf949c8e6ec3bc803124563380c786ce395f7138078b10888a2bf8,
visualwebarena,89f5af29305c3d1e9f97ce4421462060a70c9a03,77,c01f00c13340d4a80daab72ebc04eac4ec22e0c906469a1881c426898caa677c,classifieds,visualwebarena/config_files/vwa/test_classifieds.raw.json,IC1,,visualwebarena/config_files/vwa/test_classifieds.raw.json#c01f00c13340d4a80daab72ebc04eac4ec22e0c906469a1881c426898caa677c,
visualwebarena,89f5af29305c3d1e9f97ce4421462060a70c9a03,77,c01f00c13340d4a80daab72ebc04eac4ec22e0c906469a1881c426898caa677c,classifieds,visualwebarena/config_files/vwa/test_classifieds.raw.json,IC2,,visualwebarena/config_files/vwa/test_classifieds.raw.json#c01f00c13340d4a80daab72ebc04eac4ec22e0c906469a1881c426898caa677c,
visualwebarena,89f5af29305c3d1e9f97ce4421462060a70c9a03,77,c01f00c13340d4a80daab72ebc04eac4ec22e0c906469a1881c426898caa677c,classifieds,visualwebarena/config_files/vwa/test_classifieds.raw.json,IC3,,visualwebarena/config_files/vwa/test_classifieds.raw.json#c01f00c13340d4a80daab72ebc04eac4ec22e0c906469a1881c426898caa677c,
visualwebarena,89f5af29305c3d1e9f97ce4421462060a70c9a03,77,c01f00c13340d4a80daab72ebc04eac4ec22e0c906469a1881c426898caa677c,classifieds,visualwebarena/config_files/vwa/test_classifieds.raw.json,IC4,,visualwebarena/config_files/vwa/test_classifieds.raw.json#c01f00c13340d4a80daab72ebc04eac4ec22e0c906469a1881c426898caa677c,
visualwebarena,89f5af29305c3d1e9f97ce4421462060a70c9a03,77,c01f00c13340d4a80daab72ebc04eac4ec22e0c906469a1881c426898caa677c,classifieds,visualwebarena/config_files/vwa/test_classifieds.raw.json,IC5,,visualwebarena/config_files/vwa/test_classifieds.raw.json#c01f00c13340d4a80daab72ebc04eac4ec22e0c906469a1881c426898caa677c,
visualwebarena,89f5af29305c3d1e9f97ce4421462060a70c9a03,77,c01f00c13340d4a80daab72ebc04eac4ec22e0c906469a1881c426898caa677c,classifieds,visualwebarena/config_files/vwa/test_classifieds.raw.json,IC6,,visualwebarena/config_files/vwa/test_classifieds.raw.json#c01f00c13340d4a80daab72ebc04eac4ec22e0c906469a1881c426898caa677c,
visualwebarena,89f5af29305c3d1e9f97ce4421462060a70c9a03,77,c01f00c13340d4a80daab72ebc04eac4ec22e0c906469a1881c426898caa677c,classifieds,visualwebarena/config_files/vwa/test_classifieds.raw.json,IC7,,visualwebarena/config_files/vwa/test_classifieds.raw.json#c01f00c13340d4a80daab72ebc04eac4ec22e0c906469a1881c426898caa677c,
visualwebarena,89f5af29305c3d1e9f97ce4421462060a70c9a03,201,c0485e284f809deb54102f666011e903e7fc7ca4bd24e96251ce9c8e6250969f,classifieds,visualwebarena/config_files/vwa/test_classifieds.raw.json,IC1,,visualwebarena/config_files/vwa/test_classifieds.raw.json#c0485e284f809deb54102f666011e903e7fc7ca4bd24e96251ce9c8e6250969f,
visualwebarena,89f5af29305c3d1e9f97ce4421462060a70c9a03,201,c0485e284f809deb54102f666011e903e7fc7ca4bd24e96251ce9c8e6250969f,classifieds,visualwebarena/config_files/vwa/test_classifieds.raw.json,IC2,,visualwebarena/config_files/vwa/test_classifieds.raw.json#c0485e284f809deb54102f666011e903e7fc7ca4bd24e96251ce9c8e6250969f,
visualwebarena,89f5af29305c3d1e9f97ce4421462060a70c9a03,201,c0485e284f809deb54102f666011e903e7fc7ca4bd24e96251ce9c8e6250969f,classifieds,visualwebarena/config_files/vwa/test_classifieds.raw.json,IC3,,visualwebarena/config_files/vwa/test_classifieds.raw.json#c0485e284f809deb54102f666011e903e7fc7ca4bd24e96251ce9c8e6250969f,
visualwebarena,89f5af29305c3d1e9f97ce4421462060a70c9a03,201,c0485e284f809deb54102f666011e903e7fc7ca4bd24e96251ce9c8e6250969f,classifieds,visualwebarena/config_files/vwa/test_classifieds.raw.json,IC4,,visualwebarena/config_files/vwa/test_classifieds.raw.json#c0485e284f809deb54102f666011e903e7fc7ca4bd24e96251ce9c8e6250969f,
visualwebarena,89f5af29305c3d1e9f97ce4421462060a70c9a03,201,c0485e284f809deb54102f666011e903e7fc7ca4bd24e96251ce9c8e6250969f,classifieds,visualwebarena/config_files/vwa/test_classifieds.raw.json,IC5,,visualwebarena/config_files/vwa/test_classifieds.raw.json#c0485e284f809deb54102f666011e903e7fc7ca4bd24e96251ce9c8e6250969f,
visualwebarena,89f5af29305c3d1e9f97ce4421462060a70c9a03,201,c0485e284f809deb54102f666011e903e7fc7ca4bd24e96251ce9c8e6250969f,classifieds,visualwebarena/config_files/vwa/test_classifieds.raw.json,IC6,,visualwebarena/config_files/vwa/test_classifieds.raw.json#c0485e284f809deb54102f666011e903e7fc7ca4bd24e96251ce9c8e6250969f,
visualwebarena,89f5af29305c3d1e9f97ce4421462060a70c9a03,201,c0485e284f809deb54102f666011e903e7fc7ca4bd24e96251ce9c8e6250969f,classifieds,visualwebarena/config_files/vwa/test_classifieds.raw.json,IC7,,visualwebarena/config_files/vwa/test_classifieds.raw.json#c0485e284f809deb54102f666011e903e7fc7ca4bd24e96251ce9c8e6250969f,
visualwebarena,89f5af29305c3d1e9f97ce4421462060a70c9a03,107,ac106a4b7393d7e5ed71fd6c0dcc2e80caa802f158ba416cec855e2b30bdc466,classifieds,visualwebarena/config_files/vwa/test_classifieds.raw.json,IC1,,visualwebarena/config_files/vwa/test_classifieds.raw.json#ac106a4b7393d7e5ed71fd6c0dcc2e80caa802f158ba416cec855e2b30bdc466,
visualwebarena,89f5af29305c3d1e9f97ce4421462060a70c9a03,107,ac106a4b7393d7e5ed71fd6c0dcc2e80caa802f158ba416cec855e2b30bdc466,classifieds,visualwebarena/config_files/vwa/test_classifieds.raw.json,IC2,,visualwebarena/config_files/vwa/test_classifieds.raw.json#ac106a4b7393d7e5ed71fd6c0dcc2e80caa802f158ba416cec855e2b30bdc466,
visualwebarena,89f5af29305c3d1e9f97ce4421462060a70c9a03,107,ac106a4b7393d7e5ed71fd6c0dcc2e80caa802f158ba416cec855e2b30bdc466,classifieds,visualwebarena/config_files/vwa/test_classifieds.raw.json,IC3,,visualwebarena/config_files/vwa/test_classifieds.raw.json#ac106a4b7393d7e5ed71fd6c0dcc2e80caa802f158ba416cec855e2b30bdc466,
visualwebarena,89f5af29305c3d1e9f97ce4421462060a70c9a03,107,ac106a4b7393d7e5ed71fd6c0dcc2e80caa802f158ba416cec855e2b30bdc466,classifieds,visualwebarena/config_files/vwa/test_classifieds.raw.json,IC4,,visualwebarena/config_files/vwa/test_classifieds.raw.json#ac106a4b7393d7e5ed71fd6c0dcc2e80caa802f158ba416cec855e2b30bdc466,
visualwebarena,89f5af29305c3d1e9f97ce4421462060a70c9a03,107,ac106a4b7393d7e5ed71fd6c0dcc2e80caa802f158ba416cec855e2b30bdc466,classifieds,visualwebarena/config_files/vwa/test_classifieds.raw.json,IC5,,visualwebarena/config_files/vwa/test_classifieds.raw.json#ac106a4b7393d7e5ed71fd6c0dcc2e80caa802f158ba416cec855e2b30bdc466,
visualwebarena,89f5af29305c3d1e9f97ce4421462060a70c9a03,107,ac106a4b7393d7e5ed71fd6c0dcc2e80caa802f158ba416cec855e2b30bdc466,classifieds,visualwebarena/config_files/vwa/test_classifieds.raw.json,IC6,,visualwebarena/config_files/vwa/test_classifieds.raw.json#ac106a4b7393d7e5ed71fd6c0dcc2e80caa802f158ba416cec855e2b30bdc466,
visualwebarena,89f5af29305c3d1e9f97ce4421462060a70c9a03,107,ac106a4b7393d7e5ed71fd6c0dcc2e80caa802f158ba416cec855e2b30bdc466,classifieds,visualwebarena/config_files/vwa/test_classifieds.raw.json,IC7,,visualwebarena/config_files/vwa/test_classifieds.raw.json#ac106a4b7393d7e5ed71fd6c0dcc2e80caa802f158ba416cec855e2b30bdc466,
visualwebarena,89f5af29305c3d1e9f97ce4421462060a70c9a03,104,16efbf0585c71635ff01c8b3c10d4f1e788fe4919e472b7665e95b1aed64727a,classifieds,visualwebarena/config_files/vwa/test_classifieds.raw.json,IC1,,visualwebarena/config_files/vwa/test_classifieds.raw.json#16efbf0585c71635ff01c8b3c10d4f1e788fe4919e472b7665e95b1aed64727a,
visualwebarena,89f5af29305c3d1e9f97ce4421462060a70c9a03,104,16efbf0585c71635ff01c8b3c10d4f1e788fe4919e472b7665e95b1aed64727a,classifieds,visualwebarena/config_files/vwa/test_classifieds.raw.json,IC2,,visualwebarena/config_files/vwa/test_classifieds.raw.json#16efbf0585c71635ff01c8b3c10d4f1e788fe4919e472b7665e95b1aed64727a,
visualwebarena,89f5af29305c3d1e9f97ce4421462060a70c9a03,104,16efbf0585c71635ff01c8b3c10d4f1e788fe4919e472b7665e95b1aed64727a,classifieds,visualwebarena/config_files/vwa/test_classifieds.raw.json,IC3,,visualwebarena/config_files/vwa/test_classifieds.raw.json#16efbf0585c71635ff01c8b3c10d4f1e788fe4919e472b7665e95b1aed64727a,
visualwebarena,89f5af29305c3d1e9f97ce4421462060a70c9a03,104,16efbf0585c71635ff01c8b3c10d4f1e788fe4919e472b7665e95b1aed64727a,classifieds,visualwebarena/config_files/vwa/test_classifieds.raw.json,IC4,,visualwebarena/config_files/vwa/test_classifieds.raw.json#16efbf0585c71635ff01c8b3c10d4f1e788fe4919e472b7665e95b1aed64727a,
visualwebarena,89f5af29305c3d1e9f97ce4421462060a70c9a03,104,16efbf0585c71635ff01c8b3c10d4f1e788fe4919e472b7665e95b1aed64727a,classifieds,visualwebarena/config_files/vwa/test_classifieds.raw.json,IC5,,visualwebarena/config_files/vwa/test_classifieds.raw.json#16efbf0585c71635ff01c8b3c10d4f1e788fe4919e472b7665e95b1aed64727a,
visualwebarena,89f5af29305c3d1e9f97ce4421462060a70c9a03,104,16efbf0585c71635ff01c8b3c10d4f1e788fe4919e472b7665e95b1aed64727a,classifieds,visualwebarena/config_files/vwa/test_classifieds.raw.json,IC6,,visualwebarena/config_files/vwa/test_classifieds.raw.json#16efbf0585c71635ff01c8b3c10d4f1e788fe4919e472b7665e95b1aed64727a,
visualwebarena,89f5af29305c3d1e9f97ce4421462060a70c9a03,104,16efbf0585c71635ff01c8b3c10d4f1e788fe4919e472b7665e95b1aed64727a,classifieds,visualwebarena/config_files/vwa/test_classifieds.raw.json,IC7,,visualwebarena/config_files/vwa/test_classifieds.raw.json#16efbf0585c71635ff01c8b3c10d4f1e788fe4919e472b7665e95b1aed64727a,
visualwebarena,89f5af29305c3d1e9f97ce4421462060a70c9a03,63,72fc3e6780a583bf19f42d289f6d4dbc3462f6fd5e7a3ed771c258d2c91f35ab,classifieds,visualwebarena/config_files/vwa/test_classifieds.raw.json,IC1,,visualwebarena/config_files/vwa/test_classifieds.raw.json#72fc3e6780a583bf19f42d289f6d4dbc3462f6fd5e7a3ed771c258d2c91f35ab,
visualwebarena,89f5af29305c3d1e9f97ce4421462060a70c9a03,63,72fc3e6780a583bf19f42d289f6d4dbc3462f6fd5e7a3ed771c258d2c91f35ab,classifieds,visualwebarena/config_files/vwa/test_classifieds.raw.json,IC2,,visualwebarena/config_files/vwa/test_classifieds.raw.json#72fc3e6780a583bf19f42d289f6d4dbc3462f6fd5e7a3ed771c258d2c91f35ab,
visualwebarena,89f5af29305c3d1e9f97ce4421462060a70c9a03,63,72fc3e6780a583bf19f42d289f6d4dbc3462f6fd5e7a3ed771c258d2c91f35ab,classifieds,visualwebarena/config_files/vwa/test_classifieds.raw.json,IC3,,visualwebarena/config_files/vwa/test_classifieds.raw.json#72fc3e6780a583bf19f42d289f6d4dbc3462f6fd5e7a3ed771c258d2c91f35ab,
visualwebarena,89f5af29305c3d1e9f97ce4421462060a70c9a03,63,72fc3e6780a583bf19f42d289f6d4dbc3462f6fd5e7a3ed771c258d2c91f35ab,classifieds,visualwebarena/config_files/vwa/test_classifieds.raw.json,IC4,,visualwebarena/config_files/vwa/test_classifieds.raw.json#72fc3e6780a583bf19f42d289f6d4dbc3462f6fd5e7a3ed771c258d2c91f35ab,
visualwebarena,89f5af29305c3d1e9f97ce4421462060a70c9a03,63,72fc3e6780a583bf19f42d289f6d4dbc3462f6fd5e7a3ed771c258d2c91f35ab,classifieds,visualwebarena/config_files/vwa/test_classifieds.raw.json,IC5,,visualwebarena/config_files/vwa/test_classifieds.raw.json#72fc3e6780a583bf19f42d289f6d4dbc3462f6fd5e7a3ed771c258d2c91f35ab,
visualwebarena,89f5af29305c3d1e9f97ce4421462060a70c9a03,63,72fc3e6780a583bf19f42d289f6d4dbc3462f6fd5e7a3ed771c258d2c91f35ab,classifieds,visualwebarena/config_files/vwa/test_classifieds.raw.json,IC6,,visualwebarena/config_files/vwa/test_classifieds.raw.json#72fc3e6780a583bf19f42d289f6d4dbc3462f6fd5e7a3ed771c258d2c91f35ab,
visualwebarena,89f5af29305c3d1e9f97ce4421462060a70c9a03,63,72fc3e6780a583bf19f42d289f6d4dbc3462f6fd5e7a3ed771c258d2c91f35ab,classifieds,visualwebarena/config_files/vwa/test_classifieds.raw.json,IC7,,visualwebarena/config_files/vwa/test_classifieds.raw.json#72fc3e6780a583bf19f42d289f6d4dbc3462f6fd5e7a3ed771c258d2c91f35ab,
visualwebarena,89f5af29305c3d1e9f97ce4421462060a70c9a03,131,9aa68644052a802355fe8e17f325db2aea43deb82d2c99246a3a56a659643bd2,classifieds,visualwebarena/config_files/vwa/test_classifieds.raw.json,IC1,,visualwebarena/config_files/vwa/test_classifieds.raw.json#9aa68644052a802355fe8e17f325db2aea43deb82d2c99246a3a56a659643bd2,
visualwebarena,89f5af29305c3d1e9f97ce4421462060a70c9a03,131,9aa68644052a802355fe8e17f325db2aea43deb82d2c99246a3a56a659643bd2,classifieds,visualwebarena/config_files/vwa/test_classifieds.raw.json,IC2,,visualwebarena/config_files/vwa/test_classifieds.raw.json#9aa68644052a802355fe8e17f325db2aea43deb82d2c99246a3a56a659643bd2,
visualwebarena,89f5af29305c3d1e9f97ce4421462060a70c9a03,131,9aa68644052a802355fe8e17f325db2aea43deb82d2c99246a3a56a659643bd2,classifieds,visualwebarena/config_files/vwa/test_classifieds.raw.json,IC3,,visualwebarena/config_files/vwa/test_classifieds.raw.json#9aa68644052a802355fe8e17f325db2aea43deb82d2c99246a3a56a659643bd2,
visualwebarena,89f5af29305c3d1e9f97ce4421462060a70c9a03,131,9aa68644052a802355fe8e17f325db2aea43deb82d2c99246a3a56a659643bd2,classifieds,visualwebarena/config_files/vwa/test_classifieds.raw.json,IC4,,visualwebarena/config_files/vwa/test_classifieds.raw.json#9aa68644052a802355fe8e17f325db2aea43deb82d2c99246a3a56a659643bd2,
visualwebarena,89f5af29305c3d1e9f97ce4421462060a70c9a03,131,9aa68644052a802355fe8e17f325db2aea43deb82d2c99246a3a56a659643bd2,classifieds,visualwebarena/config_files/vwa/test_classifieds.raw.json,IC5,,visualwebarena/config_files/vwa/test_classifieds.raw.json#9aa68644052a802355fe8e17f325db2aea43deb82d2c99246a3a56a659643bd2,
visualwebarena,89f5af29305c3d1e9f97ce4421462060a70c9a03,131,9aa68644052a802355fe8e17f325db2aea43deb82d2c99246a3a56a659643bd2,classifieds,visualwebarena/config_files/vwa/test_classifieds.raw.json,IC6,,visualwebarena/config_files/vwa/test_classifieds.raw.json#9aa68644052a802355fe8e17f325db2aea43deb82d2c99246a3a56a659643bd2,
visualwebarena,89f5af29305c3d1e9f97ce4421462060a70c9a03,131,9aa68644052a802355fe8e17f325db2aea43deb82d2c99246a3a56a659643bd2,classifieds,visualwebarena/config_files/vwa/test_classifieds.raw.json,IC7,,visualwebarena/config_files/vwa/test_classifieds.raw.json#9aa68644052a802355fe8e17f325db2aea43deb82d2c99246a3a56a659643bd2,
visualwebarena,89f5af29305c3d1e9f97ce4421462060a70c9a03,199,404bf7ce85b0f03ed174c71903875996b1ccc5bec262a9286c6301015bbd1434,classifieds,visualwebarena/config_files/vwa/test_classifieds.raw.json,IC1,,visualwebarena/config_files/vwa/test_classifieds.raw.json#404bf7ce85b0f03ed174c71903875996b1ccc5bec262a9286c6301015bbd1434,
visualwebarena,89f5af29305c3d1e9f97ce4421462060a70c9a03,199,404bf7ce85b0f03ed174c71903875996b1ccc5bec262a9286c6301015bbd1434,classifieds,visualwebarena/config_files/vwa/test_classifieds.raw.json,IC2,,visualwebarena/config_files/vwa/test_classifieds.raw.json#404bf7ce85b0f03ed174c71903875996b1ccc5bec262a9286c6301015bbd1434,
visualwebarena,89f5af29305c3d1e9f97ce4421462060a70c9a03,199,404bf7ce85b0f03ed174c71903875996b1ccc5bec262a9286c6301015bbd1434,classifieds,visualwebarena/config_files/vwa/test_classifieds.raw.json,IC3,,visualwebarena/config_files/vwa/test_classifieds.raw.json#404bf7ce85b0f03ed174c71903875996b1ccc5bec262a9286c6301015bbd1434,
visualwebarena,89f5af29305c3d1e9f97ce4421462060a70c9a03,199,404bf7ce85b0f03ed174c71903875996b1ccc5bec262a9286c6301015bbd1434,classifieds,visualwebarena/config_files/vwa/test_classifieds.raw.json,IC4,,visualwebarena/config_files/vwa/test_classifieds.raw.json#404bf7ce85b0f03ed174c71903875996b1ccc5bec262a9286c6301015bbd1434,
visualwebarena,89f5af29305c3d1e9f97ce4421462060a70c9a03,199,404bf7ce85b0f03ed174c71903875996b1ccc5bec262a9286c6301015bbd1434,classifieds,visualwebarena/config_files/vwa/test_classifieds.raw.json,IC5,,visualwebarena/config_files/vwa/test_classifieds.raw.json#404bf7ce85b0f03ed174c71903875996b1ccc5bec262a9286c6301015bbd1434,
visualwebarena,89f5af29305c3d1e9f97ce4421462060a70c9a03,199,404bf7ce85b0f03ed174c71903875996b1ccc5bec262a9286c6301015bbd1434,classifieds,visualwebarena/config_files/vwa/test_classifieds.raw.json,IC6,,visualwebarena/config_files/vwa/test_classifieds.raw.json#404bf7ce85b0f03ed174c71903875996b1ccc5bec262a9286c6301015bbd1434,
visualwebarena,89f5af29305c3d1e9f97ce4421462060a70c9a03,199,404bf7ce85b0f03ed174c71903875996b1ccc5bec262a9286c6301015bbd1434,classifieds,visualwebarena/config_files/vwa/test_classifieds.raw.json,IC7,,visualwebarena/config_files/vwa/test_classifieds.raw.json#404bf7ce85b0f03ed174c71903875996b1ccc5bec262a9286c6301015bbd1434,
visualwebarena,89f5af29305c3d1e9f97ce4421462060a70c9a03,24,4bf8e65bd8997380d1dc977d8acbef01f967c5f270da3f3f2f240ad219cb0933,classifieds,visualwebarena/config_files/vwa/test_classifieds.raw.json,IC1,,visualwebarena/config_files/vwa/test_classifieds.raw.json#4bf8e65bd8997380d1dc977d8acbef01f967c5f270da3f3f2f240ad219cb0933,
visualwebarena,89f5af29305c3d1e9f97ce4421462060a70c9a03,24,4bf8e65bd8997380d1dc977d8acbef01f967c5f270da3f3f2f240ad219cb0933,classifieds,visualwebarena/config_files/vwa/test_classifieds.raw.json,IC2,,visualwebarena/config_files/vwa/test_classifieds.raw.json#4bf8e65bd8997380d1dc977d8acbef01f967c5f270da3f3f2f240ad219cb0933,
visualwebarena,89f5af29305c3d1e9f97ce4421462060a70c9a03,24,4bf8e65bd8997380d1dc977d8acbef01f967c5f270da3f3f2f240ad219cb0933,classifieds,visualwebarena/config_files/vwa/test_classifieds.raw.json,IC3,,visualwebarena/config_files/vwa/test_classifieds.raw.json#4bf8e65bd8997380d1dc977d8acbef01f967c5f270da3f3f2f240ad219cb0933,
visualwebarena,89f5af29305c3d1e9f97ce4421462060a70c9a03,24,4bf8e65bd8997380d1dc977d8acbef01f967c5f270da3f3f2f240ad219cb0933,classifieds,visualwebarena/config_files/vwa/test_classifieds.raw.json,IC4,,visualwebarena/config_files/vwa/test_classifieds.raw.json#4bf8e65bd8997380d1dc977d8acbef01f967c5f270da3f3f2f240ad219cb0933,
visualwebarena,89f5af29305c3d1e9f97ce4421462060a70c9a03,24,4bf8e65bd8997380d1dc977d8acbef01f967c5f270da3f3f2f240ad219cb0933,classifieds,visualwebarena/config_files/vwa/test_classifieds.raw.json,IC5,,visualwebarena/config_files/vwa/test_classifieds.raw.json#4bf8e65bd8997380d1dc977d8acbef01f967c5f270da3f3f2f240ad219cb0933,
visualwebarena,89f5af29305c3d1e9f97ce4421462060a70c9a03,24,4bf8e65bd8997380d1dc977d8acbef01f967c5f270da3f3f2f240ad219cb0933,classifieds,visualwebarena/config_files/vwa/test_classifieds.raw.json,IC6,,visualwebarena/config_files/vwa/test_classifieds.raw.json#4bf8e65bd8997380d1dc977d8acbef01f967c5f270da3f3f2f240ad219cb0933,
visualwebarena,89f5af29305c3d1e9f97ce4421462060a70c9a03,24,4bf8e65bd8997380d1dc977d8acbef01f967c5f270da3f3f2f240ad219cb0933,classifieds,visualwebarena/config_files/vwa/test_classifieds.raw.json,IC7,,visualwebarena/config_files/vwa/test_classifieds.raw.json#4bf8e65bd8997380d1dc977d8acbef01f967c5f270da3f3f2f240ad219cb0933,
visualwebarena,89f5af29305c3d1e9f97ce4421462060a70c9a03,35,a936a34321bf6e61c8ecc96728141b34245ba66d34f2e124e877c0cbe47fa1c3,classifieds,visualwebarena/config_files/vwa/test_classifieds.raw.json,IC1,,visualwebarena/config_files/vwa/test_classifieds.raw.json#a936a34321bf6e61c8ecc96728141b34245ba66d34f2e124e877c0cbe47fa1c3,
visualwebarena,89f5af29305c3d1e9f97ce4421462060a70c9a03,35,a936a34321bf6e61c8ecc96728141b34245ba66d34f2e124e877c0cbe47fa1c3,classifieds,visualwebarena/config_files/vwa/test_classifieds.raw.json,IC2,,visualwebarena/config_files/vwa/test_classifieds.raw.json#a936a34321bf6e61c8ecc96728141b34245ba66d34f2e124e877c0cbe47fa1c3,
visualwebarena,89f5af29305c3d1e9f97ce4421462060a70c9a03,35,a936a34321bf6e61c8ecc96728141b34245ba66d34f2e124e877c0cbe47fa1c3,classifieds,visualwebarena/config_files/vwa/test_classifieds.raw.json,IC3,,visualwebarena/config_files/vwa/test_classifieds.raw.json#a936a34321bf6e61c8ecc96728141b34245ba66d34f2e124e877c0cbe47fa1c3,
visualwebarena,89f5af29305c3d1e9f97ce4421462060a70c9a03,35,a936a34321bf6e61c8ecc96728141b34245ba66d34f2e124e877c0cbe47fa1c3,classifieds,visualwebarena/config_files/vwa/test_classifieds.raw.json,IC4,,visualwebarena/config_files/vwa/test_classifieds.raw.json#a936a34321bf6e61c8ecc96728141b34245ba66d34f2e124e877c0cbe47fa1c3,
visualwebarena,89f5af29305c3d1e9f97ce4421462060a70c9a03,35,a936a34321bf6e61c8ecc96728141b34245ba66d34f2e124e877c0cbe47fa1c3,classifieds,visualwebarena/config_files/vwa/test_classifieds.raw.json,IC5,,visualwebarena/config_files/vwa/test_classifieds.raw.json#a936a34321bf6e61c8ecc96728141b34245ba66d34f2e124e877c0cbe47fa1c3,
visualwebarena,89f5af29305c3d1e9f97ce4421462060a70c9a03,35,a936a34321bf6e61c8ecc96728141b34245ba66d34f2e124e877c0cbe47fa1c3,classifieds,visualwebarena/config_files/vwa/test_classifieds.raw.json,IC6,,visualwebarena/config_files/vwa/test_classifieds.raw.json#a936a34321bf6e61c8ecc96728141b34245ba66d34f2e124e877c0cbe47fa1c3,
visualwebarena,89f5af29305c3d1e9f97ce4421462060a70c9a03,35,a936a34321bf6e61c8ecc96728141b34245ba66d34f2e124e877c0cbe47fa1c3,classifieds,visualwebarena/config_files/vwa/test_classifieds.raw.json,IC7,,visualwebarena/config_files/vwa/test_classifieds.raw.json#a936a34321bf6e61c8ecc96728141b34245ba66d34f2e124e877c0cbe47fa1c3,
visualwebarena,89f5af29305c3d1e9f97ce4421462060a70c9a03,19,cc2f6b0f36b472375a8ec26e803b289753fc87938eac55f137cdcec691cc6725,classifieds,visualwebarena/config_files/vwa/test_classifieds.raw.json,IC1,,visualwebarena/config_files/vwa/test_classifieds.raw.json#cc2f6b0f36b472375a8ec26e803b289753fc87938eac55f137cdcec691cc6725,
visualwebarena,89f5af29305c3d1e9f97ce4421462060a70c9a03,19,cc2f6b0f36b472375a8ec26e803b289753fc87938eac55f137cdcec691cc6725,classifieds,visualwebarena/config_files/vwa/test_classifieds.raw.json,IC2,,visualwebarena/config_files/vwa/test_classifieds.raw.json#cc2f6b0f36b472375a8ec26e803b289753fc87938eac55f137cdcec691cc6725,
visualwebarena,89f5af29305c3d1e9f97ce4421462060a70c9a03,19,cc2f6b0f36b472375a8ec26e803b289753fc87938eac55f137cdcec691cc6725,classifieds,visualwebarena/config_files/vwa/test_classifieds.raw.json,IC3,,visualwebarena/config_files/vwa/test_classifieds.raw.json#cc2f6b0f36b472375a8ec26e803b289753fc87938eac55f137cdcec691cc6725,
visualwebarena,89f5af29305c3d1e9f97ce4421462060a70c9a03,19,cc2f6b0f36b472375a8ec26e803b289753fc87938eac55f137cdcec691cc6725,classifieds,visualwebarena/config_files/vwa/test_classifieds.raw.json,IC4,,visualwebarena/config_files/vwa/test_classifieds.raw.json#cc2f6b0f36b472375a8ec26e803b289753fc87938eac55f137cdcec691cc6725,
visualwebarena,89f5af29305c3d1e9f97ce4421462060a70c9a03,19,cc2f6b0f36b472375a8ec26e803b289753fc87938eac55f137cdcec691cc6725,classifieds,visualwebarena/config_files/vwa/test_classifieds.raw.json,IC5,,visualwebarena/config_files/vwa/test_classifieds.raw.json#cc2f6b0f36b472375a8ec26e803b289753fc87938eac55f137cdcec691cc6725,
visualwebarena,89f5af29305c3d1e9f97ce4421462060a70c9a03,19,cc2f6b0f36b472375a8ec26e803b289753fc87938eac55f137cdcec691cc6725,classifieds,visualwebarena/config_files/vwa/test_classifieds.raw.json,IC6,,visualwebarena/config_files/vwa/test_classifieds.raw.json#cc2f6b0f36b472375a8ec26e803b289753fc87938eac55f137cdcec691cc6725,
visualwebarena,89f5af29305c3d1e9f97ce4421462060a70c9a03,19,cc2f6b0f36b472375a8ec26e803b289753fc87938eac55f137cdcec691cc6725,classifieds,visualwebarena/config_files/vwa/test_classifieds.raw.json,IC7,,visualwebarena/config_files/vwa/test_classifieds.raw.json#cc2f6b0f36b472375a8ec26e803b289753fc87938eac55f137cdcec691cc6725,
visualwebarena,89f5af29305c3d1e9f97ce4421462060a70c9a03,146,dd6ee7a210f9f6f6b804d348808cf94d413bad876c9cb654c9d87d5cfb238df6,classifieds,visualwebarena/config_files/vwa/test_classifieds.raw.json,IC1,,visualwebarena/config_files/vwa/test_classifieds.raw.json#dd6ee7a210f9f6f6b804d348808cf94d413bad876c9cb654c9d87d5cfb238df6,
visualwebarena,89f5af29305c3d1e9f97ce4421462060a70c9a03,146,dd6ee7a210f9f6f6b804d348808cf94d413bad876c9cb654c9d87d5cfb238df6,classifieds,visualwebarena/config_files/vwa/test_classifieds.raw.json,IC2,,visualwebarena/config_files/vwa/test_classifieds.raw.json#dd6ee7a210f9f6f6b804d348808cf94d413bad876c9cb654c9d87d5cfb238df6,
visualwebarena,89f5af29305c3d1e9f97ce4421462060a70c9a03,146,dd6ee7a210f9f6f6b804d348808cf94d413bad876c9cb654c9d87d5cfb238df6,classifieds,visualwebarena/config_files/vwa/test_classifieds.raw.json,IC3,,visualwebarena/config_files/vwa/test_classifieds.raw.json#dd6ee7a210f9f6f6b804d348808cf94d413bad876c9cb654c9d87d5cfb238df6,
visualwebarena,89f5af29305c3d1e9f97ce4421462060a70c9a03,146,dd6ee7a210f9f6f6b804d348808cf94d413bad876c9cb654c9d87d5cfb238df6,classifieds,visualwebarena/config_files/vwa/test_classifieds.raw.json,IC4,,visualwebarena/config_files/vwa/test_classifieds.raw.json#dd6ee7a210f9f6f6b804d348808cf94d413bad876c9cb654c9d87d5cfb238df6,
visualwebarena,89f5af29305c3d1e9f97ce4421462060a70c9a03,146,dd6ee7a210f9f6f6b804d348808cf94d413bad876c9cb654c9d87d5cfb238df6,classifieds,visualwebarena/config_files/vwa/test_classifieds.raw.json,IC5,,visualwebarena/config_files/vwa/test_classifieds.raw.json#dd6ee7a210f9f6f6b804d348808cf94d413bad876c9cb654c9d87d5cfb238df6,
visualwebarena,89f5af29305c3d1e9f97ce4421462060a70c9a03,146,dd6ee7a210f9f6f6b804d348808cf94d413bad876c9cb654c9d87d5cfb238df6,classifieds,visualwebarena/config_files/vwa/test_classifieds.raw.json,IC6,,visualwebarena/config_files/vwa/test_classifieds.raw.json#dd6ee7a210f9f6f6b804d348808cf94d413bad876c9cb654c9d87d5cfb238df6,
visualwebarena,89f5af29305c3d1e9f97ce4421462060a70c9a03,146,dd6ee7a210f9f6f6b804d348808cf94d413bad876c9cb654c9d87d5cfb238df6,classifieds,visualwebarena/config_files/vwa/test_classifieds.raw.json,IC7,,visualwebarena/config_files/vwa/test_classifieds.raw.json#dd6ee7a210f9f6f6b804d348808cf94d413bad876c9cb654c9d87d5cfb238df6,
visualwebarena,89f5af29305c3d1e9f97ce4421462060a70c9a03,74,d85560f7bb0ab6bae9bb22db1f41bee3578419046025354a46a064426faed15d,classifieds,visualwebarena/config_files/vwa/test_classifieds.raw.json,IC1,,visualwebarena/config_files/vwa/test_classifieds.raw.json#d85560f7bb0ab6bae9bb22db1f41bee3578419046025354a46a064426faed15d,
visualwebarena,89f5af29305c3d1e9f97ce4421462060a70c9a03,74,d85560f7bb0ab6bae9bb22db1f41bee3578419046025354a46a064426faed15d,classifieds,visualwebarena/config_files/vwa/test_classifieds.raw.json,IC2,,visualwebarena/config_files/vwa/test_classifieds.raw.json#d85560f7bb0ab6bae9bb22db1f41bee3578419046025354a46a064426faed15d,
visualwebarena,89f5af29305c3d1e9f97ce4421462060a70c9a03,74,d85560f7bb0ab6bae9bb22db1f41bee3578419046025354a46a064426faed15d,classifieds,visualwebarena/config_files/vwa/test_classifieds.raw.json,IC3,,visualwebarena/config_files/vwa/test_classifieds.raw.json#d85560f7bb0ab6bae9bb22db1f41bee3578419046025354a46a064426faed15d,
visualwebarena,89f5af29305c3d1e9f97ce4421462060a70c9a03,74,d85560f7bb0ab6bae9bb22db1f41bee3578419046025354a46a064426faed15d,classifieds,visualwebarena/config_files/vwa/test_classifieds.raw.json,IC4,,visualwebarena/config_files/vwa/test_classifieds.raw.json#d85560f7bb0ab6bae9bb22db1f41bee3578419046025354a46a064426faed15d,
visualwebarena,89f5af29305c3d1e9f97ce4421462060a70c9a03,74,d85560f7bb0ab6bae9bb22db1f41bee3578419046025354a46a064426faed15d,classifieds,visualwebarena/config_files/vwa/test_classifieds.raw.json,IC5,,visualwebarena/config_files/vwa/test_classifieds.raw.json#d85560f7bb0ab6bae9bb22db1f41bee3578419046025354a46a064426faed15d,
visualwebarena,89f5af29305c3d1e9f97ce4421462060a70c9a03,74,d85560f7bb0ab6bae9bb22db1f41bee3578419046025354a46a064426faed15d,classifieds,visualwebarena/config_files/vwa/test_classifieds.raw.json,IC6,,visualwebarena/config_files/vwa/test_classifieds.raw.json#d85560f7bb0ab6bae9bb22db1f41bee3578419046025354a46a064426faed15d,
visualwebarena,89f5af29305c3d1e9f97ce4421462060a70c9a03,74,d85560f7bb0ab6bae9bb22db1f41bee3578419046025354a46a064426faed15d,classifieds,visualwebarena/config_files/vwa/test_classifieds.raw.json,IC7,,visualwebarena/config_files/vwa/test_classifieds.raw.json#d85560f7bb0ab6bae9bb22db1f41bee3578419046025354a46a064426faed15d,
visualwebarena,89f5af29305c3d1e9f97ce4421462060a70c9a03,219,bec9337765a6ff91734bbd2ef9c4191c0b65294ea95632b6f868d2c5b9e1797e,classifieds,visualwebarena/config_files/vwa/test_classifieds.raw.json,IC1,,visualwebarena/config_files/vwa/test_classifieds.raw.json#bec9337765a6ff91734bbd2ef9c4191c0b65294ea95632b6f868d2c5b9e1797e,
visualwebarena,89f5af29305c3d1e9f97ce4421462060a70c9a03,219,bec9337765a6ff91734bbd2ef9c4191c0b65294ea95632b6f868d2c5b9e1797e,classifieds,visualwebarena/config_files/vwa/test_classifieds.raw.json,IC2,,visualwebarena/config_files/vwa/test_classifieds.raw.json#bec9337765a6ff91734bbd2ef9c4191c0b65294ea95632b6f868d2c5b9e1797e,
visualwebarena,89f5af29305c3d1e9f97ce4421462060a70c9a03,219,bec9337765a6ff91734bbd2ef9c4191c0b65294ea95632b6f868d2c5b9e1797e,classifieds,visualwebarena/config_files/vwa/test_classifieds.raw.json,IC3,,visualwebarena/config_files/vwa/test_classifieds.raw.json#bec9337765a6ff91734bbd2ef9c4191c0b65294ea95632b6f868d2c5b9e1797e,
visualwebarena,89f5af29305c3d1e9f97ce4421462060a70c9a03,219,bec9337765a6ff91734bbd2ef9c4191c0b65294ea95632b6f868d2c5b9e1797e,classifieds,visualwebarena/config_files/vwa/test_classifieds.raw.json,IC4,,visualwebarena/config_files/vwa/test_classifieds.raw.json#bec9337765a6ff91734bbd2ef9c4191c0b65294ea95632b6f868d2c5b9e1797e,
visualwebarena,89f5af29305c3d1e9f97ce4421462060a70c9a03,219,bec9337765a6ff91734bbd2ef9c4191c0b65294ea95632b6f868d2c5b9e1797e,classifieds,visualwebarena/config_files/vwa/test_classifieds.raw.json,IC5,,visualwebarena/config_files/vwa/test_classifieds.raw.json#bec9337765a6ff91734bbd2ef9c4191c0b65294ea95632b6f868d2c5b9e1797e,
visualwebarena,89f5af29305c3d1e9f97ce4421462060a70c9a03,219,bec9337765a6ff91734bbd2ef9c4191c0b65294ea95632b6f868d2c5b9e1797e,classifieds,visualwebarena/config_files/vwa/test_classifieds.raw.json,IC6,,visualwebarena/config_files/vwa/test_classifieds.raw.json#bec9337765a6ff91734bbd2ef9c4191c0b65294ea95632b6f868d2c5b9e1797e,
visualwebarena,89f5af29305c3d1e9f97ce4421462060a70c9a03,219,bec9337765a6ff91734bbd2ef9c4191c0b65294ea95632b6f868d2c5b9e1797e,classifieds,visualwebarena/config_files/vwa/test_classifieds.raw.json,IC7,,visualwebarena/config_files/vwa/test_classifieds.raw.json#bec9337765a6ff91734bbd2ef9c4191c0b65294ea95632b6f868d2c5b9e1797e,
visualwebarena,89f5af29305c3d1e9f97ce4421462060a70c9a03,56,5bcd0f81097d86e4a30f932948b1fbd48b3f48c1d243b2cf352c22d540558adf,classifieds,visualwebarena/config_files/vwa/test_classifieds.raw.json,IC1,,visualwebarena/config_files/vwa/test_classifieds.raw.json#5bcd0f81097d86e4a30f932948b1fbd48b3f48c1d243b2cf352c22d540558adf,
visualwebarena,89f5af29305c3d1e9f97ce4421462060a70c9a03,56,5bcd0f81097d86e4a30f932948b1fbd48b3f48c1d243b2cf352c22d540558adf,classifieds,visualwebarena/config_files/vwa/test_classifieds.raw.json,IC2,,visualwebarena/config_files/vwa/test_classifieds.raw.json#5bcd0f81097d86e4a30f932948b1fbd48b3f48c1d243b2cf352c22d540558adf,
visualwebarena,89f5af29305c3d1e9f97ce4421462060a70c9a03,56,5bcd0f81097d86e4a30f932948b1fbd48b3f48c1d243b2cf352c22d540558adf,classifieds,visualwebarena/config_files/vwa/test_classifieds.raw.json,IC3,,visualwebarena/config_files/vwa/test_classifieds.raw.json#5bcd0f81097d86e4a30f932948b1fbd48b3f48c1d243b2cf352c22d540558adf,
visualwebarena,89f5af29305c3d1e9f97ce4421462060a70c9a03,56,5bcd0f81097d86e4a30f932948b1fbd48b3f48c1d243b2cf352c22d540558adf,classifieds,visualwebarena/config_files/vwa/test_classifieds.raw.json,IC4,,visualwebarena/config_files/vwa/test_classifieds.raw.json#5bcd0f81097d86e4a30f932948b1fbd48b3f48c1d243b2cf352c22d540558adf,
visualwebarena,89f5af29305c3d1e9f97ce4421462060a70c9a03,56,5bcd0f81097d86e4a30f932948b1fbd48b3f48c1d243b2cf352c22d540558adf,classifieds,visualwebarena/config_files/vwa/test_classifieds.raw.json,IC5,,visualwebarena/config_files/vwa/test_classifieds.raw.json#5bcd0f81097d86e4a30f932948b1fbd48b3f48c1d243b2cf352c22d540558adf,
visualwebarena,89f5af29305c3d1e9f97ce4421462060a70c9a03,56,5bcd0f81097d86e4a30f932948b1fbd48b3f48c1d243b2cf352c22d540558adf,classifieds,visualwebarena/config_files/vwa/test_classifieds.raw.json,IC6,,visualwebarena/config_files/vwa/test_classifieds.raw.json#5bcd0f81097d86e4a30f932948b1fbd48b3f48c1d243b2cf352c22d540558adf,
visualwebarena,89f5af29305c3d1e9f97ce4421462060a70c9a03,56,5bcd0f81097d86e4a30f932948b1fbd48b3f48c1d243b2cf352c22d540558adf,classifieds,visualwebarena/config_files/vwa/test_classifieds.raw.json,IC7,,visualwebarena/config_files/vwa/test_classifieds.raw.json#5bcd0f81097d86e4a30f932948b1fbd48b3f48c1d243b2cf352c22d540558adf,
visualwebarena,89f5af29305c3d1e9f97ce4421462060a70c9a03,20,271ee246f26b3c862448e53817313fe2a7c0076e3545a8804a31c5693b63ff70,classifieds,visualwebarena/config_files/vwa/test_classifieds.raw.json,IC1,,visualwebarena/config_files/vwa/test_classifieds.raw.json#271ee246f26b3c862448e53817313fe2a7c0076e3545a8804a31c5693b63ff70,
visualwebarena,89f5af29305c3d1e9f97ce4421462060a70c9a03,20,271ee246f26b3c862448e53817313fe2a7c0076e3545a8804a31c5693b63ff70,classifieds,visualwebarena/config_files/vwa/test_classifieds.raw.json,IC2,,visualwebarena/config_files/vwa/test_classifieds.raw.json#271ee246f26b3c862448e53817313fe2a7c0076e3545a8804a31c5693b63ff70,
visualwebarena,89f5af29305c3d1e9f97ce4421462060a70c9a03,20,271ee246f26b3c862448e53817313fe2a7c0076e3545a8804a31c5693b63ff70,classifieds,visualwebarena/config_files/vwa/test_classifieds.raw.json,IC3,,visualwebarena/config_files/vwa/test_classifieds.raw.json#271ee246f26b3c862448e53817313fe2a7c0076e3545a8804a31c5693b63ff70,
visualwebarena,89f5af29305c3d1e9f97ce4421462060a70c9a03,20,271ee246f26b3c862448e53817313fe2a7c0076e3545a8804a31c5693b63ff70,classifieds,visualwebarena/config_files/vwa/test_classifieds.raw.json,IC4,,visualwebarena/config_files/vwa/test_classifieds.raw.json#271ee246f26b3c862448e53817313fe2a7c0076e3545a8804a31c5693b63ff70,
visualwebarena,89f5af29305c3d1e9f97ce4421462060a70c9a03,20,271ee246f26b3c862448e53817313fe2a7c0076e3545a8804a31c5693b63ff70,classifieds,visualwebarena/config_files/vwa/test_classifieds.raw.json,IC5,,visualwebarena/config_files/vwa/test_classifieds.raw.json#271ee246f26b3c862448e53817313fe2a7c0076e3545a8804a31c5693b63ff70,
visualwebarena,89f5af29305c3d1e9f97ce4421462060a70c9a03,20,271ee246f26b3c862448e53817313fe2a7c0076e3545a8804a31c5693b63ff70,classifieds,visualwebarena/config_files/vwa/test_classifieds.raw.json,IC6,,visualwebarena/config_files/vwa/test_classifieds.raw.json#271ee246f26b3c862448e53817313fe2a7c0076e3545a8804a31c5693b63ff70,
visualwebarena,89f5af29305c3d1e9f97ce4421462060a70c9a03,20,271ee246f26b3c862448e53817313fe2a7c0076e3545a8804a31c5693b63ff70,classifieds,visualwebarena/config_files/vwa/test_classifieds.raw.json,IC7,,visualwebarena/config_files/vwa/test_classifieds.raw.json#271ee246f26b3c862448e53817313fe2a7c0076e3545a8804a31c5693b63ff70,
visualwebarena,89f5af29305c3d1e9f97ce4421462060a70c9a03,184,06fc94cc840d1f18571b3f521377634227454a9c60f2d0870cc64528da2c7e49,classifieds,visualwebarena/config_files/vwa/test_classifieds.raw.json,IC1,,visualwebarena/config_files/vwa/test_classifieds.raw.json#06fc94cc840d1f18571b3f521377634227454a9c60f2d0870cc64528da2c7e49,
visualwebarena,89f5af29305c3d1e9f97ce4421462060a70c9a03,184,06fc94cc840d1f18571b3f521377634227454a9c60f2d0870cc64528da2c7e49,classifieds,visualwebarena/config_files/vwa/test_classifieds.raw.json,IC2,,visualwebarena/config_files/vwa/test_classifieds.raw.json#06fc94cc840d1f18571b3f521377634227454a9c60f2d0870cc64528da2c7e49,
visualwebarena,89f5af29305c3d1e9f97ce4421462060a70c9a03,184,06fc94cc840d1f18571b3f521377634227454a9c60f2d0870cc64528da2c7e49,classifieds,visualwebarena/config_files/vwa/test_classifieds.raw.json,IC3,,visualwebarena/config_files/vwa/test_classifieds.raw.json#06fc94cc840d1f18571b3f521377634227454a9c60f2d0870cc64528da2c7e49,
visualwebarena,89f5af29305c3d1e9f97ce4421462060a70c9a03,184,06fc94cc840d1f18571b3f521377634227454a9c60f2d0870cc64528da2c7e49,classifieds,visualwebarena/config_files/vwa/test_classifieds.raw.json,IC4,,visualwebarena/config_files/vwa/test_classifieds.raw.json#06fc94cc840d1f18571b3f521377634227454a9c60f2d0870cc64528da2c7e49,
visualwebarena,89f5af29305c3d1e9f97ce4421462060a70c9a03,184,06fc94cc840d1f18571b3f521377634227454a9c60f2d0870cc64528da2c7e49,classifieds,visualwebarena/config_files/vwa/test_classifieds.raw.json,IC5,,visualwebarena/config_files/vwa/test_classifieds.raw.json#06fc94cc840d1f18571b3f521377634227454a9c60f2d0870cc64528da2c7e49,
visualwebarena,89f5af29305c3d1e9f97ce4421462060a70c9a03,184,06fc94cc840d1f18571b3f521377634227454a9c60f2d0870cc64528da2c7e49,classifieds,visualwebarena/config_files/vwa/test_classifieds.raw.json,IC6,,visualwebarena/config_files/vwa/test_classifieds.raw.json#06fc94cc840d1f18571b3f521377634227454a9c60f2d0870cc64528da2c7e49,
visualwebarena,89f5af29305c3d1e9f97ce4421462060a70c9a03,184,06fc94cc840d1f18571b3f521377634227454a9c60f2d0870cc64528da2c7e49,classifieds,visualwebarena/config_files/vwa/test_classifieds.raw.json,IC7,,visualwebarena/config_files/vwa/test_classifieds.raw.json#06fc94cc840d1f18571b3f521377634227454a9c60f2d0870cc64528da2c7e49,
visualwebarena,89f5af29305c3d1e9f97ce4421462060a70c9a03,76,adfedba18fe9d8612b2b2dc0b12411f7f879f68dec9971c035ba033f2f472406,classifieds,visualwebarena/config_files/vwa/test_classifieds.raw.json,IC1,,visualwebarena/config_files/vwa/test_classifieds.raw.json#adfedba18fe9d8612b2b2dc0b12411f7f879f68dec9971c035ba033f2f472406,
visualwebarena,89f5af29305c3d1e9f97ce4421462060a70c9a03,76,adfedba18fe9d8612b2b2dc0b12411f7f879f68dec9971c035ba033f2f472406,classifieds,visualwebarena/config_files/vwa/test_classifieds.raw.json,IC2,,visualwebarena/config_files/vwa/test_classifieds.raw.json#adfedba18fe9d8612b2b2dc0b12411f7f879f68dec9971c035ba033f2f472406,
visualwebarena,89f5af29305c3d1e9f97ce4421462060a70c9a03,76,adfedba18fe9d8612b2b2dc0b12411f7f879f68dec9971c035ba033f2f472406,classifieds,visualwebarena/config_files/vwa/test_classifieds.raw.json,IC3,,visualwebarena/config_files/vwa/test_classifieds.raw.json#adfedba18fe9d8612b2b2dc0b12411f7f879f68dec9971c035ba033f2f472406,
visualwebarena,89f5af29305c3d1e9f97ce4421462060a70c9a03,76,adfedba18fe9d8612b2b2dc0b12411f7f879f68dec9971c035ba033f2f472406,classifieds,visualwebarena/config_files/vwa/test_classifieds.raw.json,IC4,,visualwebarena/config_files/vwa/test_classifieds.raw.json#adfedba18fe9d8612b2b2dc0b12411f7f879f68dec9971c035ba033f2f472406,
visualwebarena,89f5af29305c3d1e9f97ce4421462060a70c9a03,76,adfedba18fe9d8612b2b2dc0b12411f7f879f68dec9971c035ba033f2f472406,classifieds,visualwebarena/config_files/vwa/test_classifieds.raw.json,IC5,,visualwebarena/config_files/vwa/test_classifieds.raw.json#adfedba18fe9d8612b2b2dc0b12411f7f879f68dec9971c035ba033f2f472406,
visualwebarena,89f5af29305c3d1e9f97ce4421462060a70c9a03,76,adfedba18fe9d8612b2b2dc0b12411f7f879f68dec9971c035ba033f2f472406,classifieds,visualwebarena/config_files/vwa/test_classifieds.raw.json,IC6,,visualwebarena/config_files/vwa/test_classifieds.raw.json#adfedba18fe9d8612b2b2dc0b12411f7f879f68dec9971c035ba033f2f472406,
visualwebarena,89f5af29305c3d1e9f97ce4421462060a70c9a03,76,adfedba18fe9d8612b2b2dc0b12411f7f879f68dec9971c035ba033f2f472406,classifieds,visualwebarena/config_files/vwa/test_classifieds.raw.json,IC7,,visualwebarena/config_files/vwa/test_classifieds.raw.json#adfedba18fe9d8612b2b2dc0b12411f7f879f68dec9971c035ba033f2f472406,
visualwebarena,89f5af29305c3d1e9f97ce4421462060a70c9a03,127,1c814a0a69920f9e89a92df190faf31dc462ebcf16da67055117323c369cdf12,classifieds,visualwebarena/config_files/vwa/test_classifieds.raw.json,IC1,,visualwebarena/config_files/vwa/test_classifieds.raw.json#1c814a0a69920f9e89a92df190faf31dc462ebcf16da67055117323c369cdf12,
visualwebarena,89f5af29305c3d1e9f97ce4421462060a70c9a03,127,1c814a0a69920f9e89a92df190faf31dc462ebcf16da67055117323c369cdf12,classifieds,visualwebarena/config_files/vwa/test_classifieds.raw.json,IC2,,visualwebarena/config_files/vwa/test_classifieds.raw.json#1c814a0a69920f9e89a92df190faf31dc462ebcf16da67055117323c369cdf12,
visualwebarena,89f5af29305c3d1e9f97ce4421462060a70c9a03,127,1c814a0a69920f9e89a92df190faf31dc462ebcf16da67055117323c369cdf12,classifieds,visualwebarena/config_files/vwa/test_classifieds.raw.json,IC3,,visualwebarena/config_files/vwa/test_classifieds.raw.json#1c814a0a69920f9e89a92df190faf31dc462ebcf16da67055117323c369cdf12,
visualwebarena,89f5af29305c3d1e9f97ce4421462060a70c9a03,127,1c814a0a69920f9e89a92df190faf31dc462ebcf16da67055117323c369cdf12,classifieds,visualwebarena/config_files/vwa/test_classifieds.raw.json,IC4,,visualwebarena/config_files/vwa/test_classifieds.raw.json#1c814a0a69920f9e89a92df190faf31dc462ebcf16da67055117323c369cdf12,
visualwebarena,89f5af29305c3d1e9f97ce4421462060a70c9a03,127,1c814a0a69920f9e89a92df190faf31dc462ebcf16da67055117323c369cdf12,classifieds,visualwebarena/config_files/vwa/test_classifieds.raw.json,IC5,,visualwebarena/config_files/vwa/test_classifieds.raw.json#1c814a0a69920f9e89a92df190faf31dc462ebcf16da67055117323c369cdf12,
visualwebarena,89f5af29305c3d1e9f97ce4421462060a70c9a03,127,1c814a0a69920f9e89a92df190faf31dc462ebcf16da67055117323c369cdf12,classifieds,visualwebarena/config_files/vwa/test_classifieds.raw.json,IC6,,visualwebarena/config_files/vwa/test_classifieds.raw.json#1c814a0a69920f9e89a92df190faf31dc462ebcf16da67055117323c369cdf12,
visualwebarena,89f5af29305c3d1e9f97ce4421462060a70c9a03,127,1c814a0a69920f9e89a92df190faf31dc462ebcf16da67055117323c369cdf12,classifieds,visualwebarena/config_files/vwa/test_classifieds.raw.json,IC7,,visualwebarena/config_files/vwa/test_classifieds.raw.json#1c814a0a69920f9e89a92df190faf31dc462ebcf16da67055117323c369cdf12,
visualwebarena,89f5af29305c3d1e9f97ce4421462060a70c9a03,96,335c1697ab1f7441a6ab03a13d405906aaf2685d7dff57f2886d1df0160869b8,classifieds,visualwebarena/config_files/vwa/test_classifieds.raw.json,IC1,,visualwebarena/config_files/vwa/test_classifieds.raw.json#335c1697ab1f7441a6ab03a13d405906aaf2685d7dff57f2886d1df0160869b8,
visualwebarena,89f5af29305c3d1e9f97ce4421462060a70c9a03,96,335c1697ab1f7441a6ab03a13d405906aaf2685d7dff57f2886d1df0160869b8,classifieds,visualwebarena/config_files/vwa/test_classifieds.raw.json,IC2,,visualwebarena/config_files/vwa/test_classifieds.raw.json#335c1697ab1f7441a6ab03a13d405906aaf2685d7dff57f2886d1df0160869b8,
visualwebarena,89f5af29305c3d1e9f97ce4421462060a70c9a03,96,335c1697ab1f7441a6ab03a13d405906aaf2685d7dff57f2886d1df0160869b8,classifieds,visualwebarena/config_files/vwa/test_classifieds.raw.json,IC3,,visualwebarena/config_files/vwa/test_classifieds.raw.json#335c1697ab1f7441a6ab03a13d405906aaf2685d7dff57f2886d1df0160869b8,
visualwebarena,89f5af29305c3d1e9f97ce4421462060a70c9a03,96,335c1697ab1f7441a6ab03a13d405906aaf2685d7dff57f2886d1df0160869b8,classifieds,visualwebarena/config_files/vwa/test_classifieds.raw.json,IC4,,visualwebarena/config_files/vwa/test_classifieds.raw.json#335c1697ab1f7441a6ab03a13d405906aaf2685d7dff57f2886d1df0160869b8,
visualwebarena,89f5af29305c3d1e9f97ce4421462060a70c9a03,96,335c1697ab1f7441a6ab03a13d405906aaf2685d7dff57f2886d1df0160869b8,classifieds,visualwebarena/config_files/vwa/test_classifieds.raw.json,IC5,,visualwebarena/config_files/vwa/test_classifieds.raw.json#335c1697ab1f7441a6ab03a13d405906aaf2685d7dff57f2886d1df0160869b8,
visualwebarena,89f5af29305c3d1e9f97ce4421462060a70c9a03,96,335c1697ab1f7441a6ab03a13d405906aaf2685d7dff57f2886d1df0160869b8,classifieds,visualwebarena/config_files/vwa/test_classifieds.raw.json,IC6,,visualwebarena/config_files/vwa/test_classifieds.raw.json#335c1697ab1f7441a6ab03a13d405906aaf2685d7dff57f2886d1df0160869b8,
visualwebarena,89f5af29305c3d1e9f97ce4421462060a70c9a03,96,335c1697ab1f7441a6ab03a13d405906aaf2685d7dff57f2886d1df0160869b8,classifieds,visualwebarena/config_files/vwa/test_classifieds.raw.json,IC7,,visualwebarena/config_files/vwa/test_classifieds.raw.json#335c1697ab1f7441a6ab03a13d405906aaf2685d7dff57f2886d1df0160869b8,
visualwebarena,89f5af29305c3d1e9f97ce4421462060a70c9a03,211,4c3ce160e7ca4c0d1b23a73ac78fdaaf66f1b539201c77f4a4126f297d8e5335,classifieds,visualwebarena/config_files/vwa/test_classifieds.raw.json,IC1,,visualwebarena/config_files/vwa/test_classifieds.raw.json#4c3ce160e7ca4c0d1b23a73ac78fdaaf66f1b539201c77f4a4126f297d8e5335,
visualwebarena,89f5af29305c3d1e9f97ce4421462060a70c9a03,211,4c3ce160e7ca4c0d1b23a73ac78fdaaf66f1b539201c77f4a4126f297d8e5335,classifieds,visualwebarena/config_files/vwa/test_classifieds.raw.json,IC2,,visualwebarena/config_files/vwa/test_classifieds.raw.json#4c3ce160e7ca4c0d1b23a73ac78fdaaf66f1b539201c77f4a4126f297d8e5335,
visualwebarena,89f5af29305c3d1e9f97ce4421462060a70c9a03,211,4c3ce160e7ca4c0d1b23a73ac78fdaaf66f1b539201c77f4a4126f297d8e5335,classifieds,visualwebarena/config_files/vwa/test_classifieds.raw.json,IC3,,visualwebarena/config_files/vwa/test_classifieds.raw.json#4c3ce160e7ca4c0d1b23a73ac78fdaaf66f1b539201c77f4a4126f297d8e5335,
visualwebarena,89f5af29305c3d1e9f97ce4421462060a70c9a03,211,4c3ce160e7ca4c0d1b23a73ac78fdaaf66f1b539201c77f4a4126f297d8e5335,classifieds,visualwebarena/config_files/vwa/test_classifieds.raw.json,IC4,,visualwebarena/config_files/vwa/test_classifieds.raw.json#4c3ce160e7ca4c0d1b23a73ac78fdaaf66f1b539201c77f4a4126f297d8e5335,
visualwebarena,89f5af29305c3d1e9f97ce4421462060a70c9a03,211,4c3ce160e7ca4c0d1b23a73ac78fdaaf66f1b539201c77f4a4126f297d8e5335,classifieds,visualwebarena/config_files/vwa/test_classifieds.raw.json,IC5,,visualwebarena/config_files/vwa/test_classifieds.raw.json#4c3ce160e7ca4c0d1b23a73ac78fdaaf66f1b539201c77f4a4126f297d8e5335,
visualwebarena,89f5af29305c3d1e9f97ce4421462060a70c9a03,211,4c3ce160e7ca4c0d1b23a73ac78fdaaf66f1b539201c77f4a4126f297d8e5335,classifieds,visualwebarena/config_files/vwa/test_classifieds.raw.json,IC6,,visualwebarena/config_files/vwa/test_classifieds.raw.json#4c3ce160e7ca4c0d1b23a73ac78fdaaf66f1b539201c77f4a4126f297d8e5335,
visualwebarena,89f5af29305c3d1e9f97ce4421462060a70c9a03,211,4c3ce160e7ca4c0d1b23a73ac78fdaaf66f1b539201c77f4a4126f297d8e5335,classifieds,visualwebarena/config_files/vwa/test_classifieds.raw.json,IC7,,visualwebarena/config_files/vwa/test_classifieds.raw.json#4c3ce160e7ca4c0d1b23a73ac78fdaaf66f1b539201c77f4a4126f297d8e5335,
visualwebarena,89f5af29305c3d1e9f97ce4421462060a70c9a03,67,7a592f6ef50873fbeeebe73600cd37846207be1f52f7793b5695343441543393,classifieds,visualwebarena/config_files/vwa/test_classifieds.raw.json,IC1,,visualwebarena/config_files/vwa/test_classifieds.raw.json#7a592f6ef50873fbeeebe73600cd37846207be1f52f7793b5695343441543393,
visualwebarena,89f5af29305c3d1e9f97ce4421462060a70c9a03,67,7a592f6ef50873fbeeebe73600cd37846207be1f52f7793b5695343441543393,classifieds,visualwebarena/config_files/vwa/test_classifieds.raw.json,IC2,,visualwebarena/config_files/vwa/test_classifieds.raw.json#7a592f6ef50873fbeeebe73600cd37846207be1f52f7793b5695343441543393,
visualwebarena,89f5af29305c3d1e9f97ce4421462060a70c9a03,67,7a592f6ef50873fbeeebe73600cd37846207be1f52f7793b5695343441543393,classifieds,visualwebarena/config_files/vwa/test_classifieds.raw.json,IC3,,visualwebarena/config_files/vwa/test_classifieds.raw.json#7a592f6ef50873fbeeebe73600cd37846207be1f52f7793b5695343441543393,
visualwebarena,89f5af29305c3d1e9f97ce4421462060a70c9a03,67,7a592f6ef50873fbeeebe73600cd37846207be1f52f7793b5695343441543393,classifieds,visualwebarena/config_files/vwa/test_classifieds.raw.json,IC4,,visualwebarena/config_files/vwa/test_classifieds.raw.json#7a592f6ef50873fbeeebe73600cd37846207be1f52f7793b5695343441543393,
visualwebarena,89f5af29305c3d1e9f97ce4421462060a70c9a03,67,7a592f6ef50873fbeeebe73600cd37846207be1f52f7793b5695343441543393,classifieds,visualwebarena/config_files/vwa/test_classifieds.raw.json,IC5,,visualwebarena/config_files/vwa/test_classifieds.raw.json#7a592f6ef50873fbeeebe73600cd37846207be1f52f7793b5695343441543393,
visualwebarena,89f5af29305c3d1e9f97ce4421462060a70c9a03,67,7a592f6ef50873fbeeebe73600cd37846207be1f52f7793b5695343441543393,classifieds,visualwebarena/config_files/vwa/test_classifieds.raw.json,IC6,,visualwebarena/config_files/vwa/test_classifieds.raw.json#7a592f6ef50873fbeeebe73600cd37846207be1f52f7793b5695343441543393,
visualwebarena,89f5af29305c3d1e9f97ce4421462060a70c9a03,67,7a592f6ef50873fbeeebe73600cd37846207be1f52f7793b5695343441543393,classifieds,visualwebarena/config_files/vwa/test_classifieds.raw.json,IC7,,visualwebarena/config_files/vwa/test_classifieds.raw.json#7a592f6ef50873fbeeebe73600cd37846207be1f52f7793b5695343441543393,
visualwebarena,89f5af29305c3d1e9f97ce4421462060a70c9a03,87,cb6afa16ee5e6884e605e14425df1b32e4455fc5a48c1bd5843780fd6feebc35,classifieds,visualwebarena/config_files/vwa/test_classifieds.raw.json,IC1,,visualwebarena/config_files/vwa/test_classifieds.raw.json#cb6afa16ee5e6884e605e14425df1b32e4455fc5a48c1bd5843780fd6feebc35,
visualwebarena,89f5af29305c3d1e9f97ce4421462060a70c9a03,87,cb6afa16ee5e6884e605e14425df1b32e4455fc5a48c1bd5843780fd6feebc35,classifieds,visualwebarena/config_files/vwa/test_classifieds.raw.json,IC2,,visualwebarena/config_files/vwa/test_classifieds.raw.json#cb6afa16ee5e6884e605e14425df1b32e4455fc5a48c1bd5843780fd6feebc35,
visualwebarena,89f5af29305c3d1e9f97ce4421462060a70c9a03,87,cb6afa16ee5e6884e605e14425df1b32e4455fc5a48c1bd5843780fd6feebc35,classifieds,visualwebarena/config_files/vwa/test_classifieds.raw.json,IC3,,visualwebarena/config_files/vwa/test_classifieds.raw.json#cb6afa16ee5e6884e605e14425df1b32e4455fc5a48c1bd5843780fd6feebc35,
visualwebarena,89f5af29305c3d1e9f97ce4421462060a70c9a03,87,cb6afa16ee5e6884e605e14425df1b32e4455fc5a48c1bd5843780fd6feebc35,classifieds,visualwebarena/config_files/vwa/test_classifieds.raw.json,IC4,,visualwebarena/config_files/vwa/test_classifieds.raw.json#cb6afa16ee5e6884e605e14425df1b32e4455fc5a48c1bd5843780fd6feebc35,
visualwebarena,89f5af29305c3d1e9f97ce4421462060a70c9a03,87,cb6afa16ee5e6884e605e14425df1b32e4455fc5a48c1bd5843780fd6feebc35,classifieds,visualwebarena/config_files/vwa/test_classifieds.raw.json,IC5,,visualwebarena/config_files/vwa/test_classifieds.raw.json#cb6afa16ee5e6884e605e14425df1b32e4455fc5a48c1bd5843780fd6feebc35,
visualwebarena,89f5af29305c3d1e9f97ce4421462060a70c9a03,87,cb6afa16ee5e6884e605e14425df1b32e4455fc5a48c1bd5843780fd6feebc35,classifieds,visualwebarena/config_files/vwa/test_classifieds.raw.json,IC6,,visualwebarena/config_files/vwa/test_classifieds.raw.json#cb6afa16ee5e6884e605e14425df1b32e4455fc5a48c1bd5843780fd6feebc35,
visualwebarena,89f5af29305c3d1e9f97ce4421462060a70c9a03,87,cb6afa16ee5e6884e605e14425df1b32e4455fc5a48c1bd5843780fd6feebc35,classifieds,visualwebarena/config_files/vwa/test_classifieds.raw.json,IC7,,visualwebarena/config_files/vwa/test_classifieds.raw.json#cb6afa16ee5e6884e605e14425df1b32e4455fc5a48c1bd5843780fd6feebc35,
visualwebarena,89f5af29305c3d1e9f97ce4421462060a70c9a03,188,9befa5bcc4c77facebd815e39dacd1f3856d296376c840a3c147c9b561c4c7cd,classifieds,visualwebarena/config_files/vwa/test_classifieds.raw.json,IC1,,visualwebarena/config_files/vwa/test_classifieds.raw.json#9befa5bcc4c77facebd815e39dacd1f3856d296376c840a3c147c9b561c4c7cd,
visualwebarena,89f5af29305c3d1e9f97ce4421462060a70c9a03,188,9befa5bcc4c77facebd815e39dacd1f3856d296376c840a3c147c9b561c4c7cd,classifieds,visualwebarena/config_files/vwa/test_classifieds.raw.json,IC2,,visualwebarena/config_files/vwa/test_classifieds.raw.json#9befa5bcc4c77facebd815e39dacd1f3856d296376c840a3c147c9b561c4c7cd,
visualwebarena,89f5af29305c3d1e9f97ce4421462060a70c9a03,188,9befa5bcc4c77facebd815e39dacd1f3856d296376c840a3c147c9b561c4c7cd,classifieds,visualwebarena/config_files/vwa/test_classifieds.raw.json,IC3,,visualwebarena/config_files/vwa/test_classifieds.raw.json#9befa5bcc4c77facebd815e39dacd1f3856d296376c840a3c147c9b561c4c7cd,
visualwebarena,89f5af29305c3d1e9f97ce4421462060a70c9a03,188,9befa5bcc4c77facebd815e39dacd1f3856d296376c840a3c147c9b561c4c7cd,classifieds,visualwebarena/config_files/vwa/test_classifieds.raw.json,IC4,,visualwebarena/config_files/vwa/test_classifieds.raw.json#9befa5bcc4c77facebd815e39dacd1f3856d296376c840a3c147c9b561c4c7cd,
visualwebarena,89f5af29305c3d1e9f97ce4421462060a70c9a03,188,9befa5bcc4c77facebd815e39dacd1f3856d296376c840a3c147c9b561c4c7cd,classifieds,visualwebarena/config_files/vwa/test_classifieds.raw.json,IC5,,visualwebarena/config_files/vwa/test_classifieds.raw.json#9befa5bcc4c77facebd815e39dacd1f3856d296376c840a3c147c9b561c4c7cd,
visualwebarena,89f5af29305c3d1e9f97ce4421462060a70c9a03,188,9befa5bcc4c77facebd815e39dacd1f3856d296376c840a3c147c9b561c4c7cd,classifieds,visualwebarena/config_files/vwa/test_classifieds.raw.json,IC6,,visualwebarena/config_files/vwa/test_classifieds.raw.json#9befa5bcc4c77facebd815e39dacd1f3856d296376c840a3c147c9b561c4c7cd,
visualwebarena,89f5af29305c3d1e9f97ce4421462060a70c9a03,188,9befa5bcc4c77facebd815e39dacd1f3856d296376c840a3c147c9b561c4c7cd,classifieds,visualwebarena/config_files/vwa/test_classifieds.raw.json,IC7,,visualwebarena/config_files/vwa/test_classifieds.raw.json#9befa5bcc4c77facebd815e39dacd1f3856d296376c840a3c147c9b561c4c7cd,
visualwebarena,89f5af29305c3d1e9f97ce4421462060a70c9a03,217,2254ca563d451e698608692b134360546615efc793df46abaf004fbae0381d24,classifieds,visualwebarena/config_files/vwa/test_classifieds.raw.json,IC1,,visualwebarena/config_files/vwa/test_classifieds.raw.json#2254ca563d451e698608692b134360546615efc793df46abaf004fbae0381d24,
visualwebarena,89f5af29305c3d1e9f97ce4421462060a70c9a03,217,2254ca563d451e698608692b134360546615efc793df46abaf004fbae0381d24,classifieds,visualwebarena/config_files/vwa/test_classifieds.raw.json,IC2,,visualwebarena/config_files/vwa/test_classifieds.raw.json#2254ca563d451e698608692b134360546615efc793df46abaf004fbae0381d24,
visualwebarena,89f5af29305c3d1e9f97ce4421462060a70c9a03,217,2254ca563d451e698608692b134360546615efc793df46abaf004fbae0381d24,classifieds,visualwebarena/config_files/vwa/test_classifieds.raw.json,IC3,,visualwebarena/config_files/vwa/test_classifieds.raw.json#2254ca563d451e698608692b134360546615efc793df46abaf004fbae0381d24,
visualwebarena,89f5af29305c3d1e9f97ce4421462060a70c9a03,217,2254ca563d451e698608692b134360546615efc793df46abaf004fbae0381d24,classifieds,visualwebarena/config_files/vwa/test_classifieds.raw.json,IC4,,visualwebarena/config_files/vwa/test_classifieds.raw.json#2254ca563d451e698608692b134360546615efc793df46abaf004fbae0381d24,
visualwebarena,89f5af29305c3d1e9f97ce4421462060a70c9a03,217,2254ca563d451e698608692b134360546615efc793df46abaf004fbae0381d24,classifieds,visualwebarena/config_files/vwa/test_classifieds.raw.json,IC5,,visualwebarena/config_files/vwa/test_classifieds.raw.json#2254ca563d451e698608692b134360546615efc793df46abaf004fbae0381d24,
visualwebarena,89f5af29305c3d1e9f97ce4421462060a70c9a03,217,2254ca563d451e698608692b134360546615efc793df46abaf004fbae0381d24,classifieds,visualwebarena/config_files/vwa/test_classifieds.raw.json,IC6,,visualwebarena/config_files/vwa/test_classifieds.raw.json#2254ca563d451e698608692b134360546615efc793df46abaf004fbae0381d24,
visualwebarena,89f5af29305c3d1e9f97ce4421462060a70c9a03,217,2254ca563d451e698608692b134360546615efc793df46abaf004fbae0381d24,classifieds,visualwebarena/config_files/vwa/test_classifieds.raw.json,IC7,,visualwebarena/config_files/vwa/test_classifieds.raw.json#2254ca563d451e698608692b134360546615efc793df46abaf004fbae0381d24,
visualwebarena,89f5af29305c3d1e9f97ce4421462060a70c9a03,37,f685b9028d352b92e91860509cc92a99fd19d569b58d5943cf83132760c9dd40,classifieds|shopping,visualwebarena/config_files/vwa/test_classifieds.raw.json,IC1,,visualwebarena/config_files/vwa/test_classifieds.raw.json#f685b9028d352b92e91860509cc92a99fd19d569b58d5943cf83132760c9dd40,
visualwebarena,89f5af29305c3d1e9f97ce4421462060a70c9a03,37,f685b9028d352b92e91860509cc92a99fd19d569b58d5943cf83132760c9dd40,classifieds|shopping,visualwebarena/config_files/vwa/test_classifieds.raw.json,IC2,,visualwebarena/config_files/vwa/test_classifieds.raw.json#f685b9028d352b92e91860509cc92a99fd19d569b58d5943cf83132760c9dd40,
visualwebarena,89f5af29305c3d1e9f97ce4421462060a70c9a03,37,f685b9028d352b92e91860509cc92a99fd19d569b58d5943cf83132760c9dd40,classifieds|shopping,visualwebarena/config_files/vwa/test_classifieds.raw.json,IC3,,visualwebarena/config_files/vwa/test_classifieds.raw.json#f685b9028d352b92e91860509cc92a99fd19d569b58d5943cf83132760c9dd40,
visualwebarena,89f5af29305c3d1e9f97ce4421462060a70c9a03,37,f685b9028d352b92e91860509cc92a99fd19d569b58d5943cf83132760c9dd40,classifieds|shopping,visualwebarena/config_files/vwa/test_classifieds.raw.json,IC4,,visualwebarena/config_files/vwa/test_classifieds.raw.json#f685b9028d352b92e91860509cc92a99fd19d569b58d5943cf83132760c9dd40,
visualwebarena,89f5af29305c3d1e9f97ce4421462060a70c9a03,37,f685b9028d352b92e91860509cc92a99fd19d569b58d5943cf83132760c9dd40,classifieds|shopping,visualwebarena/config_files/vwa/test_classifieds.raw.json,IC5,,visualwebarena/config_files/vwa/test_classifieds.raw.json#f685b9028d352b92e91860509cc92a99fd19d569b58d5943cf83132760c9dd40,
visualwebarena,89f5af29305c3d1e9f97ce4421462060a70c9a03,37,f685b9028d352b92e91860509cc92a99fd19d569b58d5943cf83132760c9dd40,classifieds|shopping,visualwebarena/config_files/vwa/test_classifieds.raw.json,IC6,,visualwebarena/config_files/vwa/test_classifieds.raw.json#f685b9028d352b92e91860509cc92a99fd19d569b58d5943cf83132760c9dd40,
visualwebarena,89f5af29305c3d1e9f97ce4421462060a70c9a03,37,f685b9028d352b92e91860509cc92a99fd19d569b58d5943cf83132760c9dd40,classifieds|shopping,visualwebarena/config_files/vwa/test_classifieds.raw.json,IC7,,visualwebarena/config_files/vwa/test_classifieds.raw.json#f685b9028d352b92e91860509cc92a99fd19d569b58d5943cf83132760c9dd40,
visualwebarena,89f5af29305c3d1e9f97ce4421462060a70c9a03,86,900058c12eeeeb6a1b59ea45a2e6a1e818c1816e20e30c116b5a9b55ffb787ba,reddit,visualwebarena/config_files/vwa/test_reddit.raw.json,IC1,,visualwebarena/config_files/vwa/test_reddit.raw.json#900058c12eeeeb6a1b59ea45a2e6a1e818c1816e20e30c116b5a9b55ffb787ba,
visualwebarena,89f5af29305c3d1e9f97ce4421462060a70c9a03,86,900058c12eeeeb6a1b59ea45a2e6a1e818c1816e20e30c116b5a9b55ffb787ba,reddit,visualwebarena/config_files/vwa/test_reddit.raw.json,IC2,,visualwebarena/config_files/vwa/test_reddit.raw.json#900058c12eeeeb6a1b59ea45a2e6a1e818c1816e20e30c116b5a9b55ffb787ba,
visualwebarena,89f5af29305c3d1e9f97ce4421462060a70c9a03,86,900058c12eeeeb6a1b59ea45a2e6a1e818c1816e20e30c116b5a9b55ffb787ba,reddit,visualwebarena/config_files/vwa/test_reddit.raw.json,IC3,,visualwebarena/config_files/vwa/test_reddit.raw.json#900058c12eeeeb6a1b59ea45a2e6a1e818c1816e20e30c116b5a9b55ffb787ba,
visualwebarena,89f5af29305c3d1e9f97ce4421462060a70c9a03,86,900058c12eeeeb6a1b59ea45a2e6a1e818c1816e20e30c116b5a9b55ffb787ba,reddit,visualwebarena/config_files/vwa/test_reddit.raw.json,IC4,,visualwebarena/config_files/vwa/test_reddit.raw.json#900058c12eeeeb6a1b59ea45a2e6a1e818c1816e20e30c116b5a9b55ffb787ba,
visualwebarena,89f5af29305c3d1e9f97ce4421462060a70c9a03,86,900058c12eeeeb6a1b59ea45a2e6a1e818c1816e20e30c116b5a9b55ffb787ba,reddit,visualwebarena/config_files/vwa/test_reddit.raw.json,IC5,,visualwebarena/config_files/vwa/test_reddit.raw.json#900058c12eeeeb6a1b59ea45a2e6a1e818c1816e20e30c116b5a9b55ffb787ba,
visualwebarena,89f5af29305c3d1e9f97ce4421462060a70c9a03,86,900058c12eeeeb6a1b59ea45a2e6a1e818c1816e20e30c116b5a9b55ffb787ba,reddit,visualwebarena/config_files/vwa/test_reddit.raw.json,IC6,,visualwebarena/config_files/vwa/test_reddit.raw.json#900058c12eeeeb6a1b59ea45a2e6a1e818c1816e20e30c116b5a9b55ffb787ba,
visualwebarena,89f5af29305c3d1e9f97ce4421462060a70c9a03,86,900058c12eeeeb6a1b59ea45a2e6a1e818c1816e20e30c116b5a9b55ffb787ba,reddit,visualwebarena/config_files/vwa/test_reddit.raw.json,IC7,,visualwebarena/config_files/vwa/test_reddit.raw.json#900058c12eeeeb6a1b59ea45a2e6a1e818c1816e20e30c116b5a9b55ffb787ba,
visualwebarena,89f5af29305c3d1e9f97ce4421462060a70c9a03,36,d74fd0c183023295dd234a45ea1649ee976a7d3cc35a00ec21145f9f48cff986,reddit,visualwebarena/config_files/vwa/test_reddit.raw.json,IC1,,visualwebarena/config_files/vwa/test_reddit.raw.json#d74fd0c183023295dd234a45ea1649ee976a7d3cc35a00ec21145f9f48cff986,
visualwebarena,89f5af29305c3d1e9f97ce4421462060a70c9a03,36,d74fd0c183023295dd234a45ea1649ee976a7d3cc35a00ec21145f9f48cff986,reddit,visualwebarena/config_files/vwa/test_reddit.raw.json,IC2,,visualwebarena/config_files/vwa/test_reddit.raw.json#d74fd0c183023295dd234a45ea1649ee976a7d3cc35a00ec21145f9f48cff986,
visualwebarena,89f5af29305c3d1e9f97ce4421462060a70c9a03,36,d74fd0c183023295dd234a45ea1649ee976a7d3cc35a00ec21145f9f48cff986,reddit,visualwebarena/config_files/vwa/test_reddit.raw.json,IC3,,visualwebarena/config_files/vwa/test_reddit.raw.json#d74fd0c183023295dd234a45ea1649ee976a7d3cc35a00ec21145f9f48cff986,
visualwebarena,89f5af29305c3d1e9f97ce4421462060a70c9a03,36,d74fd0c183023295dd234a45ea1649ee976a7d3cc35a00ec21145f9f48cff986,reddit,visualwebarena/config_files/vwa/test_reddit.raw.json,IC4,,visualwebarena/config_files/vwa/test_reddit.raw.json#d74fd0c183023295dd234a45ea1649ee976a7d3cc35a00ec21145f9f48cff986,
visualwebarena,89f5af29305c3d1e9f97ce4421462060a70c9a03,36,d74fd0c183023295dd234a45ea1649ee976a7d3cc35a00ec21145f9f48cff986,reddit,visualwebarena/config_files/vwa/test_reddit.raw.json,IC5,,visualwebarena/config_files/vwa/test_reddit.raw.json#d74fd0c183023295dd234a45ea1649ee976a7d3cc35a00ec21145f9f48cff986,
visualwebarena,89f5af29305c3d1e9f97ce4421462060a70c9a03,36,d74fd0c183023295dd234a45ea1649ee976a7d3cc35a00ec21145f9f48cff986,reddit,visualwebarena/config_files/vwa/test_reddit.raw.json,IC6,,visualwebarena/config_files/vwa/test_reddit.raw.json#d74fd0c183023295dd234a45ea1649ee976a7d3cc35a00ec21145f9f48cff986,
visualwebarena,89f5af29305c3d1e9f97ce4421462060a70c9a03,36,d74fd0c183023295dd234a45ea1649ee976a7d3cc35a00ec21145f9f48cff986,reddit,visualwebarena/config_files/vwa/test_reddit.raw.json,IC7,,visualwebarena/config_files/vwa/test_reddit.raw.json#d74fd0c183023295dd234a45ea1649ee976a7d3cc35a00ec21145f9f48cff986,
visualwebarena,89f5af29305c3d1e9f97ce4421462060a70c9a03,192,988c05cd67acaf60188f460f84c2ea9d1221ce2057bd4d661c92fe240f6930e0,reddit,visualwebarena/config_files/vwa/test_reddit.raw.json,IC1,,visualwebarena/config_files/vwa/test_reddit.raw.json#988c05cd67acaf60188f460f84c2ea9d1221ce2057bd4d661c92fe240f6930e0,
visualwebarena,89f5af29305c3d1e9f97ce4421462060a70c9a03,192,988c05cd67acaf60188f460f84c2ea9d1221ce2057bd4d661c92fe240f6930e0,reddit,visualwebarena/config_files/vwa/test_reddit.raw.json,IC2,,visualwebarena/config_files/vwa/test_reddit.raw.json#988c05cd67acaf60188f460f84c2ea9d1221ce2057bd4d661c92fe240f6930e0,
visualwebarena,89f5af29305c3d1e9f97ce4421462060a70c9a03,192,988c05cd67acaf60188f460f84c2ea9d1221ce2057bd4d661c92fe240f6930e0,reddit,visualwebarena/config_files/vwa/test_reddit.raw.json,IC3,,visualwebarena/config_files/vwa/test_reddit.raw.json#988c05cd67acaf60188f460f84c2ea9d1221ce2057bd4d661c92fe240f6930e0,
visualwebarena,89f5af29305c3d1e9f97ce4421462060a70c9a03,192,988c05cd67acaf60188f460f84c2ea9d1221ce2057bd4d661c92fe240f6930e0,reddit,visualwebarena/config_files/vwa/test_reddit.raw.json,IC4,,visualwebarena/config_files/vwa/test_reddit.raw.json#988c05cd67acaf60188f460f84c2ea9d1221ce2057bd4d661c92fe240f6930e0,
visualwebarena,89f5af29305c3d1e9f97ce4421462060a70c9a03,192,988c05cd67acaf60188f460f84c2ea9d1221ce2057bd4d661c92fe240f6930e0,reddit,visualwebarena/config_files/vwa/test_reddit.raw.json,IC5,,visualwebarena/config_files/vwa/test_reddit.raw.json#988c05cd67acaf60188f460f84c2ea9d1221ce2057bd4d661c92fe240f6930e0,
visualwebarena,89f5af29305c3d1e9f97ce4421462060a70c9a03,192,988c05cd67acaf60188f460f84c2ea9d1221ce2057bd4d661c92fe240f6930e0,reddit,visualwebarena/config_files/vwa/test_reddit.raw.json,IC6,,visualwebarena/config_files/vwa/test_reddit.raw.json#988c05cd67acaf60188f460f84c2ea9d1221ce2057bd4d661c92fe240f6930e0,
visualwebarena,89f5af29305c3d1e9f97ce4421462060a70c9a03,192,988c05cd67acaf60188f460f84c2ea9d1221ce2057bd4d661c92fe240f6930e0,reddit,visualwebarena/config_files/vwa/test_reddit.raw.json,IC7,,visualwebarena/config_files/vwa/test_reddit.raw.json#988c05cd67acaf60188f460f84c2ea9d1221ce2057bd4d661c92fe240f6930e0,
visualwebarena,89f5af29305c3d1e9f97ce4421462060a70c9a03,131,39f66f52d18ba7b4c6adcc018fad8e98426a2e0dced867a44e3f03c2c060004a,reddit,visualwebarena/config_files/vwa/test_reddit.raw.json,IC1,,visualwebarena/config_files/vwa/test_reddit.raw.json#39f66f52d18ba7b4c6adcc018fad8e98426a2e0dced867a44e3f03c2c060004a,
visualwebarena,89f5af29305c3d1e9f97ce4421462060a70c9a03,131,39f66f52d18ba7b4c6adcc018fad8e98426a2e0dced867a44e3f03c2c060004a,reddit,visualwebarena/config_files/vwa/test_reddit.raw.json,IC2,,visualwebarena/config_files/vwa/test_reddit.raw.json#39f66f52d18ba7b4c6adcc018fad8e98426a2e0dced867a44e3f03c2c060004a,
visualwebarena,89f5af29305c3d1e9f97ce4421462060a70c9a03,131,39f66f52d18ba7b4c6adcc018fad8e98426a2e0dced867a44e3f03c2c060004a,reddit,visualwebarena/config_files/vwa/test_reddit.raw.json,IC3,,visualwebarena/config_files/vwa/test_reddit.raw.json#39f66f52d18ba7b4c6adcc018fad8e98426a2e0dced867a44e3f03c2c060004a,
visualwebarena,89f5af29305c3d1e9f97ce4421462060a70c9a03,131,39f66f52d18ba7b4c6adcc018fad8e98426a2e0dced867a44e3f03c2c060004a,reddit,visualwebarena/config_files/vwa/test_reddit.raw.json,IC4,,visualwebarena/config_files/vwa/test_reddit.raw.json#39f66f52d18ba7b4c6adcc018fad8e98426a2e0dced867a44e3f03c2c060004a,
visualwebarena,89f5af29305c3d1e9f97ce4421462060a70c9a03,131,39f66f52d18ba7b4c6adcc018fad8e98426a2e0dced867a44e3f03c2c060004a,reddit,visualwebarena/config_files/vwa/test_reddit.raw.json,IC5,,visualwebarena/config_files/vwa/test_reddit.raw.json#39f66f52d18ba7b4c6adcc018fad8e98426a2e0dced867a44e3f03c2c060004a,
visualwebarena,89f5af29305c3d1e9f97ce4421462060a70c9a03,131,39f66f52d18ba7b4c6adcc018fad8e98426a2e0dced867a44e3f03c2c060004a,reddit,visualwebarena/config_files/vwa/test_reddit.raw.json,IC6,,visualwebarena/config_files/vwa/test_reddit.raw.json#39f66f52d18ba7b4c6adcc018fad8e98426a2e0dced867a44e3f03c2c060004a,
visualwebarena,89f5af29305c3d1e9f97ce4421462060a70c9a03,131,39f66f52d18ba7b4c6adcc018fad8e98426a2e0dced867a44e3f03c2c060004a,reddit,visualwebarena/config_files/vwa/test_reddit.raw.json,IC7,,visualwebarena/config_files/vwa/test_reddit.raw.json#39f66f52d18ba7b4c6adcc018fad8e98426a2e0dced867a44e3f03c2c060004a,
visualwebarena,89f5af29305c3d1e9f97ce4421462060a70c9a03,159,4c7374bd9c5a81fc960e72e1dbf9b29101b2b4288360e3fb6b8f534f5d2ca579,reddit,visualwebarena/config_files/vwa/test_reddit.raw.json,IC1,,visualwebarena/config_files/vwa/test_reddit.raw.json#4c7374bd9c5a81fc960e72e1dbf9b29101b2b4288360e3fb6b8f534f5d2ca579,
visualwebarena,89f5af29305c3d1e9f97ce4421462060a70c9a03,159,4c7374bd9c5a81fc960e72e1dbf9b29101b2b4288360e3fb6b8f534f5d2ca579,reddit,visualwebarena/config_files/vwa/test_reddit.raw.json,IC2,,visualwebarena/config_files/vwa/test_reddit.raw.json#4c7374bd9c5a81fc960e72e1dbf9b29101b2b4288360e3fb6b8f534f5d2ca579,
visualwebarena,89f5af29305c3d1e9f97ce4421462060a70c9a03,159,4c7374bd9c5a81fc960e72e1dbf9b29101b2b4288360e3fb6b8f534f5d2ca579,reddit,visualwebarena/config_files/vwa/test_reddit.raw.json,IC3,,visualwebarena/config_files/vwa/test_reddit.raw.json#4c7374bd9c5a81fc960e72e1dbf9b29101b2b4288360e3fb6b8f534f5d2ca579,
visualwebarena,89f5af29305c3d1e9f97ce4421462060a70c9a03,159,4c7374bd9c5a81fc960e72e1dbf9b29101b2b4288360e3fb6b8f534f5d2ca579,reddit,visualwebarena/config_files/vwa/test_reddit.raw.json,IC4,,visualwebarena/config_files/vwa/test_reddit.raw.json#4c7374bd9c5a81fc960e72e1dbf9b29101b2b4288360e3fb6b8f534f5d2ca579,
visualwebarena,89f5af29305c3d1e9f97ce4421462060a70c9a03,159,4c7374bd9c5a81fc960e72e1dbf9b29101b2b4288360e3fb6b8f534f5d2ca579,reddit,visualwebarena/config_files/vwa/test_reddit.raw.json,IC5,,visualwebarena/config_files/vwa/test_reddit.raw.json#4c7374bd9c5a81fc960e72e1dbf9b29101b2b4288360e3fb6b8f534f5d2ca579,
visualwebarena,89f5af29305c3d1e9f97ce4421462060a70c9a03,159,4c7374bd9c5a81fc960e72e1dbf9b29101b2b4288360e3fb6b8f534f5d2ca579,reddit,visualwebarena/config_files/vwa/test_reddit.raw.json,IC6,,visualwebarena/config_files/vwa/test_reddit.raw.json#4c7374bd9c5a81fc960e72e1dbf9b29101b2b4288360e3fb6b8f534f5d2ca579,
visualwebarena,89f5af29305c3d1e9f97ce4421462060a70c9a03,159,4c7374bd9c5a81fc960e72e1dbf9b29101b2b4288360e3fb6b8f534f5d2ca579,reddit,visualwebarena/config_files/vwa/test_reddit.raw.json,IC7,,visualwebarena/config_files/vwa/test_reddit.raw.json#4c7374bd9c5a81fc960e72e1dbf9b29101b2b4288360e3fb6b8f534f5d2ca579,
visualwebarena,89f5af29305c3d1e9f97ce4421462060a70c9a03,122,e99a8f71fdee2a68ab6cff54a0c181af9079afe893c9a906c83395f60ce3f5ec,reddit,visualwebarena/config_files/vwa/test_reddit.raw.json,IC1,,visualwebarena/config_files/vwa/test_reddit.raw.json#e99a8f71fdee2a68ab6cff54a0c181af9079afe893c9a906c83395f60ce3f5ec,
visualwebarena,89f5af29305c3d1e9f97ce4421462060a70c9a03,122,e99a8f71fdee2a68ab6cff54a0c181af9079afe893c9a906c83395f60ce3f5ec,reddit,visualwebarena/config_files/vwa/test_reddit.raw.json,IC2,,visualwebarena/config_files/vwa/test_reddit.raw.json#e99a8f71fdee2a68ab6cff54a0c181af9079afe893c9a906c83395f60ce3f5ec,
visualwebarena,89f5af29305c3d1e9f97ce4421462060a70c9a03,122,e99a8f71fdee2a68ab6cff54a0c181af9079afe893c9a906c83395f60ce3f5ec,reddit,visualwebarena/config_files/vwa/test_reddit.raw.json,IC3,,visualwebarena/config_files/vwa/test_reddit.raw.json#e99a8f71fdee2a68ab6cff54a0c181af9079afe893c9a906c83395f60ce3f5ec,
visualwebarena,89f5af29305c3d1e9f97ce4421462060a70c9a03,122,e99a8f71fdee2a68ab6cff54a0c181af9079afe893c9a906c83395f60ce3f5ec,reddit,visualwebarena/config_files/vwa/test_reddit.raw.json,IC4,,visualwebarena/config_files/vwa/test_reddit.raw.json#e99a8f71fdee2a68ab6cff54a0c181af9079afe893c9a906c83395f60ce3f5ec,
visualwebarena,89f5af29305c3d1e9f97ce4421462060a70c9a03,122,e99a8f71fdee2a68ab6cff54a0c181af9079afe893c9a906c83395f60ce3f5ec,reddit,visualwebarena/config_files/vwa/test_reddit.raw.json,IC5,,visualwebarena/config_files/vwa/test_reddit.raw.json#e99a8f71fdee2a68ab6cff54a0c181af9079afe893c9a906c83395f60ce3f5ec,
visualwebarena,89f5af29305c3d1e9f97ce4421462060a70c9a03,122,e99a8f71fdee2a68ab6cff54a0c181af9079afe893c9a906c83395f60ce3f5ec,reddit,visualwebarena/config_files/vwa/test_reddit.raw.json,IC6,,visualwebarena/config_files/vwa/test_reddit.raw.json#e99a8f71fdee2a68ab6cff54a0c181af9079afe893c9a906c83395f60ce3f5ec,
visualwebarena,89f5af29305c3d1e9f97ce4421462060a70c9a03,122,e99a8f71fdee2a68ab6cff54a0c181af9079afe893c9a906c83395f60ce3f5ec,reddit,visualwebarena/config_files/vwa/test_reddit.raw.json,IC7,,visualwebarena/config_files/vwa/test_reddit.raw.json#e99a8f71fdee2a68ab6cff54a0c181af9079afe893c9a906c83395f60ce3f5ec,
visualwebarena,89f5af29305c3d1e9f97ce4421462060a70c9a03,89,5c9d2e350ca2b0f0a07c33571b817babef2f2824b10791f09222bdff731deb6f,reddit,visualwebarena/config_files/vwa/test_reddit.raw.json,IC1,,visualwebarena/config_files/vwa/test_reddit.raw.json#5c9d2e350ca2b0f0a07c33571b817babef2f2824b10791f09222bdff731deb6f,
visualwebarena,89f5af29305c3d1e9f97ce4421462060a70c9a03,89,5c9d2e350ca2b0f0a07c33571b817babef2f2824b10791f09222bdff731deb6f,reddit,visualwebarena/config_files/vwa/test_reddit.raw.json,IC2,,visualwebarena/config_files/vwa/test_reddit.raw.json#5c9d2e350ca2b0f0a07c33571b817babef2f2824b10791f09222bdff731deb6f,
visualwebarena,89f5af29305c3d1e9f97ce4421462060a70c9a03,89,5c9d2e350ca2b0f0a07c33571b817babef2f2824b10791f09222bdff731deb6f,reddit,visualwebarena/config_files/vwa/test_reddit.raw.json,IC3,,visualwebarena/config_files/vwa/test_reddit.raw.json#5c9d2e350ca2b0f0a07c33571b817babef2f2824b10791f09222bdff731deb6f,
visualwebarena,89f5af29305c3d1e9f97ce4421462060a70c9a03,89,5c9d2e350ca2b0f0a07c33571b817babef2f2824b10791f09222bdff731deb6f,reddit,visualwebarena/config_files/vwa/test_reddit.raw.json,IC4,,visualwebarena/config_files/vwa/test_reddit.raw.json#5c9d2e350ca2b0f0a07c33571b817babef2f2824b10791f09222bdff731deb6f,
visualwebarena,89f5af29305c3d1e9f97ce4421462060a70c9a03,89,5c9d2e350ca2b0f0a07c33571b817babef2f2824b10791f09222bdff731deb6f,reddit,visualwebarena/config_files/vwa/test_reddit.raw.json,IC5,,visualwebarena/config_files/vwa/test_reddit.raw.json#5c9d2e350ca2b0f0a07c33571b817babef2f2824b10791f09222bdff731deb6f,
visualwebarena,89f5af29305c3d1e9f97ce4421462060a70c9a03,89,5c9d2e350ca2b0f0a07c33571b817babef2f2824b10791f09222bdff731deb6f,reddit,visualwebarena/config_files/vwa/test_reddit.raw.json,IC6,,visualwebarena/config_files/vwa/test_reddit.raw.json#5c9d2e350ca2b0f0a07c33571b817babef2f2824b10791f09222bdff731deb6f,
visualwebarena,89f5af29305c3d1e9f97ce4421462060a70c9a03,89,5c9d2e350ca2b0f0a07c33571b817babef2f2824b10791f09222bdff731deb6f,reddit,visualwebarena/config_files/vwa/test_reddit.raw.json,IC7,,visualwebarena/config_files/vwa/test_reddit.raw.json#5c9d2e350ca2b0f0a07c33571b817babef2f2824b10791f09222bdff731deb6f,
visualwebarena,89f5af29305c3d1e9f97ce4421462060a70c9a03,190,ebf80de94f58179af29093b653c9e79424cbfbb0e907d938430e58c831379584,reddit,visualwebarena/config_files/vwa/test_reddit.raw.json,IC1,,visualwebarena/config_files/vwa/test_reddit.raw.json#ebf80de94f58179af29093b653c9e79424cbfbb0e907d938430e58c831379584,
visualwebarena,89f5af29305c3d1e9f97ce4421462060a70c9a03,190,ebf80de94f58179af29093b653c9e79424cbfbb0e907d938430e58c831379584,reddit,visualwebarena/config_files/vwa/test_reddit.raw.json,IC2,,visualwebarena/config_files/vwa/test_reddit.raw.json#ebf80de94f58179af29093b653c9e79424cbfbb0e907d938430e58c831379584,
visualwebarena,89f5af29305c3d1e9f97ce4421462060a70c9a03,190,ebf80de94f58179af29093b653c9e79424cbfbb0e907d938430e58c831379584,reddit,visualwebarena/config_files/vwa/test_reddit.raw.json,IC3,,visualwebarena/config_files/vwa/test_reddit.raw.json#ebf80de94f58179af29093b653c9e79424cbfbb0e907d938430e58c831379584,
visualwebarena,89f5af29305c3d1e9f97ce4421462060a70c9a03,190,ebf80de94f58179af29093b653c9e79424cbfbb0e907d938430e58c831379584,reddit,visualwebarena/config_files/vwa/test_reddit.raw.json,IC4,,visualwebarena/config_files/vwa/test_reddit.raw.json#ebf80de94f58179af29093b653c9e79424cbfbb0e907d938430e58c831379584,
visualwebarena,89f5af29305c3d1e9f97ce4421462060a70c9a03,190,ebf80de94f58179af29093b653c9e79424cbfbb0e907d938430e58c831379584,reddit,visualwebarena/config_files/vwa/test_reddit.raw.json,IC5,,visualwebarena/config_files/vwa/test_reddit.raw.json#ebf80de94f58179af29093b653c9e79424cbfbb0e907d938430e58c831379584,
visualwebarena,89f5af29305c3d1e9f97ce4421462060a70c9a03,190,ebf80de94f58179af29093b653c9e79424cbfbb0e907d938430e58c831379584,reddit,visualwebarena/config_files/vwa/test_reddit.raw.json,IC6,,visualwebarena/config_files/vwa/test_reddit.raw.json#ebf80de94f58179af29093b653c9e79424cbfbb0e907d938430e58c831379584,
visualwebarena,89f5af29305c3d1e9f97ce4421462060a70c9a03,190,ebf80de94f58179af29093b653c9e79424cbfbb0e907d938430e58c831379584,reddit,visualwebarena/config_files/vwa/test_reddit.raw.json,IC7,,visualwebarena/config_files/vwa/test_reddit.raw.json#ebf80de94f58179af29093b653c9e79424cbfbb0e907d938430e58c831379584,
visualwebarena,89f5af29305c3d1e9f97ce4421462060a70c9a03,138,61f72fbd8e65aef29041b669f2f8bd20d6c5848dba37a0760a6f20c72034847c,reddit,visualwebarena/config_files/vwa/test_reddit.raw.json,IC1,,visualwebarena/config_files/vwa/test_reddit.raw.json#61f72fbd8e65aef29041b669f2f8bd20d6c5848dba37a0760a6f20c72034847c,
visualwebarena,89f5af29305c3d1e9f97ce4421462060a70c9a03,138,61f72fbd8e65aef29041b669f2f8bd20d6c5848dba37a0760a6f20c72034847c,reddit,visualwebarena/config_files/vwa/test_reddit.raw.json,IC2,,visualwebarena/config_files/vwa/test_reddit.raw.json#61f72fbd8e65aef29041b669f2f8bd20d6c5848dba37a0760a6f20c72034847c,
visualwebarena,89f5af29305c3d1e9f97ce4421462060a70c9a03,138,61f72fbd8e65aef29041b669f2f8bd20d6c5848dba37a0760a6f20c72034847c,reddit,visualwebarena/config_files/vwa/test_reddit.raw.json,IC3,,visualwebarena/config_files/vwa/test_reddit.raw.json#61f72fbd8e65aef29041b669f2f8bd20d6c5848dba37a0760a6f20c72034847c,
visualwebarena,89f5af29305c3d1e9f97ce4421462060a70c9a03,138,61f72fbd8e65aef29041b669f2f8bd20d6c5848dba37a0760a6f20c72034847c,reddit,visualwebarena/config_files/vwa/test_reddit.raw.json,IC4,,visualwebarena/config_files/vwa/test_reddit.raw.json#61f72fbd8e65aef29041b669f2f8bd20d6c5848dba37a0760a6f20c72034847c,
visualwebarena,89f5af29305c3d1e9f97ce4421462060a70c9a03,138,61f72fbd8e65aef29041b669f2f8bd20d6c5848dba37a0760a6f20c72034847c,reddit,visualwebarena/config_files/vwa/test_reddit.raw.json,IC5,,visualwebarena/config_files/vwa/test_reddit.raw.json#61f72fbd8e65aef29041b669f2f8bd20d6c5848dba37a0760a6f20c72034847c,
visualwebarena,89f5af29305c3d1e9f97ce4421462060a70c9a03,138,61f72fbd8e65aef29041b669f2f8bd20d6c5848dba37a0760a6f20c72034847c,reddit,visualwebarena/config_files/vwa/test_reddit.raw.json,IC6,,visualwebarena/config_files/vwa/test_reddit.raw.json#61f72fbd8e65aef29041b669f2f8bd20d6c5848dba37a0760a6f20c72034847c,
visualwebarena,89f5af29305c3d1e9f97ce4421462060a70c9a03,138,61f72fbd8e65aef29041b669f2f8bd20d6c5848dba37a0760a6f20c72034847c,reddit,visualwebarena/config_files/vwa/test_reddit.raw.json,IC7,,visualwebarena/config_files/vwa/test_reddit.raw.json#61f72fbd8e65aef29041b669f2f8bd20d6c5848dba37a0760a6f20c72034847c,
visualwebarena,89f5af29305c3d1e9f97ce4421462060a70c9a03,90,bea9ca6e6bcdeab5612e4c96af89af7258323276772107c9ba9634bff8e0972f,reddit,visualwebarena/config_files/vwa/test_reddit.raw.json,IC1,,visualwebarena/config_files/vwa/test_reddit.raw.json#bea9ca6e6bcdeab5612e4c96af89af7258323276772107c9ba9634bff8e0972f,
visualwebarena,89f5af29305c3d1e9f97ce4421462060a70c9a03,90,bea9ca6e6bcdeab5612e4c96af89af7258323276772107c9ba9634bff8e0972f,reddit,visualwebarena/config_files/vwa/test_reddit.raw.json,IC2,,visualwebarena/config_files/vwa/test_reddit.raw.json#bea9ca6e6bcdeab5612e4c96af89af7258323276772107c9ba9634bff8e0972f,
visualwebarena,89f5af29305c3d1e9f97ce4421462060a70c9a03,90,bea9ca6e6bcdeab5612e4c96af89af7258323276772107c9ba9634bff8e0972f,reddit,visualwebarena/config_files/vwa/test_reddit.raw.json,IC3,,visualwebarena/config_files/vwa/test_reddit.raw.json#bea9ca6e6bcdeab5612e4c96af89af7258323276772107c9ba9634bff8e0972f,
visualwebarena,89f5af29305c3d1e9f97ce4421462060a70c9a03,90,bea9ca6e6bcdeab5612e4c96af89af7258323276772107c9ba9634bff8e0972f,reddit,visualwebarena/config_files/vwa/test_reddit.raw.json,IC4,,visualwebarena/config_files/vwa/test_reddit.raw.json#bea9ca6e6bcdeab5612e4c96af89af7258323276772107c9ba9634bff8e0972f,
visualwebarena,89f5af29305c3d1e9f97ce4421462060a70c9a03,90,bea9ca6e6bcdeab5612e4c96af89af7258323276772107c9ba9634bff8e0972f,reddit,visualwebarena/config_files/vwa/test_reddit.raw.json,IC5,,visualwebarena/config_files/vwa/test_reddit.raw.json#bea9ca6e6bcdeab5612e4c96af89af7258323276772107c9ba9634bff8e0972f,
visualwebarena,89f5af29305c3d1e9f97ce4421462060a70c9a03,90,bea9ca6e6bcdeab5612e4c96af89af7258323276772107c9ba9634bff8e0972f,reddit,visualwebarena/config_files/vwa/test_reddit.raw.json,IC6,,visualwebarena/config_files/vwa/test_reddit.raw.json#bea9ca6e6bcdeab5612e4c96af89af7258323276772107c9ba9634bff8e0972f,
visualwebarena,89f5af29305c3d1e9f97ce4421462060a70c9a03,90,bea9ca6e6bcdeab5612e4c96af89af7258323276772107c9ba9634bff8e0972f,reddit,visualwebarena/config_files/vwa/test_reddit.raw.json,IC7,,visualwebarena/config_files/vwa/test_reddit.raw.json#bea9ca6e6bcdeab5612e4c96af89af7258323276772107c9ba9634bff8e0972f,
visualwebarena,89f5af29305c3d1e9f97ce4421462060a70c9a03,19,a6a2ae9d31ddfba966dca42c4f3a48948c05205e64e09ff7fcea890fd28b8deb,reddit,visualwebarena/config_files/vwa/test_reddit.raw.json,IC1,,visualwebarena/config_files/vwa/test_reddit.raw.json#a6a2ae9d31ddfba966dca42c4f3a48948c05205e64e09ff7fcea890fd28b8deb,
visualwebarena,89f5af29305c3d1e9f97ce4421462060a70c9a03,19,a6a2ae9d31ddfba966dca42c4f3a48948c05205e64e09ff7fcea890fd28b8deb,reddit,visualwebarena/config_files/vwa/test_reddit.raw.json,IC2,,visualwebarena/config_files/vwa/test_reddit.raw.json#a6a2ae9d31ddfba966dca42c4f3a48948c05205e64e09ff7fcea890fd28b8deb,
visualwebarena,89f5af29305c3d1e9f97ce4421462060a70c9a03,19,a6a2ae9d31ddfba966dca42c4f3a48948c05205e64e09ff7fcea890fd28b8deb,reddit,visualwebarena/config_files/vwa/test_reddit.raw.json,IC3,,visualwebarena/config_files/vwa/test_reddit.raw.json#a6a2ae9d31ddfba966dca42c4f3a48948c05205e64e09ff7fcea890fd28b8deb,
visualwebarena,89f5af29305c3d1e9f97ce4421462060a70c9a03,19,a6a2ae9d31ddfba966dca42c4f3a48948c05205e64e09ff7fcea890fd28b8deb,reddit,visualwebarena/config_files/vwa/test_reddit.raw.json,IC4,,visualwebarena/config_files/vwa/test_reddit.raw.json#a6a2ae9d31ddfba966dca42c4f3a48948c05205e64e09ff7fcea890fd28b8deb,
visualwebarena,89f5af29305c3d1e9f97ce4421462060a70c9a03,19,a6a2ae9d31ddfba966dca42c4f3a48948c05205e64e09ff7fcea890fd28b8deb,reddit,visualwebarena/config_files/vwa/test_reddit.raw.json,IC5,,visualwebarena/config_files/vwa/test_reddit.raw.json#a6a2ae9d31ddfba966dca42c4f3a48948c05205e64e09ff7fcea890fd28b8deb,
visualwebarena,89f5af29305c3d1e9f97ce4421462060a70c9a03,19,a6a2ae9d31ddfba966dca42c4f3a48948c05205e64e09ff7fcea890fd28b8deb,reddit,visualwebarena/config_files/vwa/test_reddit.raw.json,IC6,,visualwebarena/config_files/vwa/test_reddit.raw.json#a6a2ae9d31ddfba966dca42c4f3a48948c05205e64e09ff7fcea890fd28b8deb,
visualwebarena,89f5af29305c3d1e9f97ce4421462060a70c9a03,19,a6a2ae9d31ddfba966dca42c4f3a48948c05205e64e09ff7fcea890fd28b8deb,reddit,visualwebarena/config_files/vwa/test_reddit.raw.json,IC7,,visualwebarena/config_files/vwa/test_reddit.raw.json#a6a2ae9d31ddfba966dca42c4f3a48948c05205e64e09ff7fcea890fd28b8deb,
visualwebarena,89f5af29305c3d1e9f97ce4421462060a70c9a03,147,16ce9ea12cbb0202269eacd34e72d22dc2b7ad4ddec03e57021e70b55d98884c,reddit,visualwebarena/config_files/vwa/test_reddit.raw.json,IC1,,visualwebarena/config_files/vwa/test_reddit.raw.json#16ce9ea12cbb0202269eacd34e72d22dc2b7ad4ddec03e57021e70b55d98884c,
visualwebarena,89f5af29305c3d1e9f97ce4421462060a70c9a03,147,16ce9ea12cbb0202269eacd34e72d22dc2b7ad4ddec03e57021e70b55d98884c,reddit,visualwebarena/config_files/vwa/test_reddit.raw.json,IC2,,visualwebarena/config_files/vwa/test_reddit.raw.json#16ce9ea12cbb0202269eacd34e72d22dc2b7ad4ddec03e57021e70b55d98884c,
visualwebarena,89f5af29305c3d1e9f97ce4421462060a70c9a03,147,16ce9ea12cbb0202269eacd34e72d22dc2b7ad4ddec03e57021e70b55d98884c,reddit,visualwebarena/config_files/vwa/test_reddit.raw.json,IC3,,visualwebarena/config_files/vwa/test_reddit.raw.json#16ce9ea12cbb0202269eacd34e72d22dc2b7ad4ddec03e57021e70b55d98884c,
visualwebarena,89f5af29305c3d1e9f97ce4421462060a70c9a03,147,16ce9ea12cbb0202269eacd34e72d22dc2b7ad4ddec03e57021e70b55d98884c,reddit,visualwebarena/config_files/vwa/test_reddit.raw.json,IC4,,visualwebarena/config_files/vwa/test_reddit.raw.json#16ce9ea12cbb0202269eacd34e72d22dc2b7ad4ddec03e57021e70b55d98884c,
visualwebarena,89f5af29305c3d1e9f97ce4421462060a70c9a03,147,16ce9ea12cbb0202269eacd34e72d22dc2b7ad4ddec03e57021e70b55d98884c,reddit,visualwebarena/config_files/vwa/test_reddit.raw.json,IC5,,visualwebarena/config_files/vwa/test_reddit.raw.json#16ce9ea12cbb0202269eacd34e72d22dc2b7ad4ddec03e57021e70b55d98884c,
visualwebarena,89f5af29305c3d1e9f97ce4421462060a70c9a03,147,16ce9ea12cbb0202269eacd34e72d22dc2b7ad4ddec03e57021e70b55d98884c,reddit,visualwebarena/config_files/vwa/test_reddit.raw.json,IC6,,visualwebarena/config_files/vwa/test_reddit.raw.json#16ce9ea12cbb0202269eacd34e72d22dc2b7ad4ddec03e57021e70b55d98884c,
visualwebarena,89f5af29305c3d1e9f97ce4421462060a70c9a03,147,16ce9ea12cbb0202269eacd34e72d22dc2b7ad4ddec03e57021e70b55d98884c,reddit,visualwebarena/config_files/vwa/test_reddit.raw.json,IC7,,visualwebarena/config_files/vwa/test_reddit.raw.json#16ce9ea12cbb0202269eacd34e72d22dc2b7ad4ddec03e57021e70b55d98884c,
visualwebarena,89f5af29305c3d1e9f97ce4421462060a70c9a03,171,92667e9ba79a86766342c89537fc58f3d05ce69a763576935dad4b85b76c41c3,reddit,visualwebarena/config_files/vwa/test_reddit.raw.json,IC1,,visualwebarena/config_files/vwa/test_reddit.raw.json#92667e9ba79a86766342c89537fc58f3d05ce69a763576935dad4b85b76c41c3,
visualwebarena,89f5af29305c3d1e9f97ce4421462060a70c9a03,171,92667e9ba79a86766342c89537fc58f3d05ce69a763576935dad4b85b76c41c3,reddit,visualwebarena/config_files/vwa/test_reddit.raw.json,IC2,,visualwebarena/config_files/vwa/test_reddit.raw.json#92667e9ba79a86766342c89537fc58f3d05ce69a763576935dad4b85b76c41c3,
visualwebarena,89f5af29305c3d1e9f97ce4421462060a70c9a03,171,92667e9ba79a86766342c89537fc58f3d05ce69a763576935dad4b85b76c41c3,reddit,visualwebarena/config_files/vwa/test_reddit.raw.json,IC3,,visualwebarena/config_files/vwa/test_reddit.raw.json#92667e9ba79a86766342c89537fc58f3d05ce69a763576935dad4b85b76c41c3,
visualwebarena,89f5af29305c3d1e9f97ce4421462060a70c9a03,171,92667e9ba79a86766342c89537fc58f3d05ce69a763576935dad4b85b76c41c3,reddit,visualwebarena/config_files/vwa/test_reddit.raw.json,IC4,,visualwebarena/config_files/vwa/test_reddit.raw.json#92667e9ba79a86766342c89537fc58f3d05ce69a763576935dad4b85b76c41c3,
visualwebarena,89f5af29305c3d1e9f97ce4421462060a70c9a03,171,92667e9ba79a86766342c89537fc58f3d05ce69a763576935dad4b85b76c41c3,reddit,visualwebarena/config_files/vwa/test_reddit.raw.json,IC5,,visualwebarena/config_files/vwa/test_reddit.raw.json#92667e9ba79a86766342c89537fc58f3d05ce69a763576935dad4b85b76c41c3,
visualwebarena,89f5af29305c3d1e9f97ce4421462060a70c9a03,171,92667e9ba79a86766342c89537fc58f3d05ce69a763576935dad4b85b76c41c3,reddit,visualwebarena/config_files/vwa/test_reddit.raw.json,IC6,,visualwebarena/config_files/vwa/test_reddit.raw.json#92667e9ba79a86766342c89537fc58f3d05ce69a763576935dad4b85b76c41c3,
visualwebarena,89f5af29305c3d1e9f97ce4421462060a70c9a03,171,92667e9ba79a86766342c89537fc58f3d05ce69a763576935dad4b85b76c41c3,reddit,visualwebarena/config_files/vwa/test_reddit.raw.json,IC7,,visualwebarena/config_files/vwa/test_reddit.raw.json#92667e9ba79a86766342c89537fc58f3d05ce69a763576935dad4b85b76c41c3,
visualwebarena,89f5af29305c3d1e9f97ce4421462060a70c9a03,79,2059894214429822557a69bbe2faeadfcd0cf3f86fa3217ed975b85aa19a8ddb,reddit,visualwebarena/config_files/vwa/test_reddit.raw.json,IC1,,visualwebarena/config_files/vwa/test_reddit.raw.json#2059894214429822557a69bbe2faeadfcd0cf3f86fa3217ed975b85aa19a8ddb,
visualwebarena,89f5af29305c3d1e9f97ce4421462060a70c9a03,79,2059894214429822557a69bbe2faeadfcd0cf3f86fa3217ed975b85aa19a8ddb,reddit,visualwebarena/config_files/vwa/test_reddit.raw.json,IC2,,visualwebarena/config_files/vwa/test_reddit.raw.json#2059894214429822557a69bbe2faeadfcd0cf3f86fa3217ed975b85aa19a8ddb,
visualwebarena,89f5af29305c3d1e9f97ce4421462060a70c9a03,79,2059894214429822557a69bbe2faeadfcd0cf3f86fa3217ed975b85aa19a8ddb,reddit,visualwebarena/config_files/vwa/test_reddit.raw.json,IC3,,visualwebarena/config_files/vwa/test_reddit.raw.json#2059894214429822557a69bbe2faeadfcd0cf3f86fa3217ed975b85aa19a8ddb,
visualwebarena,89f5af29305c3d1e9f97ce4421462060a70c9a03,79,2059894214429822557a69bbe2faeadfcd0cf3f86fa3217ed975b85aa19a8ddb,reddit,visualwebarena/config_files/vwa/test_reddit.raw.json,IC4,,visualwebarena/config_files/vwa/test_reddit.raw.json#2059894214429822557a69bbe2faeadfcd0cf3f86fa3217ed975b85aa19a8ddb,
visualwebarena,89f5af29305c3d1e9f97ce4421462060a70c9a03,79,2059894214429822557a69bbe2faeadfcd0cf3f86fa3217ed975b85aa19a8ddb,reddit,visualwebarena/config_files/vwa/test_reddit.raw.json,IC5,,visualwebarena/config_files/vwa/test_reddit.raw.json#2059894214429822557a69bbe2faeadfcd0cf3f86fa3217ed975b85aa19a8ddb,
visualwebarena,89f5af29305c3d1e9f97ce4421462060a70c9a03,79,2059894214429822557a69bbe2faeadfcd0cf3f86fa3217ed975b85aa19a8ddb,reddit,visualwebarena/config_files/vwa/test_reddit.raw.json,IC6,,visualwebarena/config_files/vwa/test_reddit.raw.json#2059894214429822557a69bbe2faeadfcd0cf3f86fa3217ed975b85aa19a8ddb,
visualwebarena,89f5af29305c3d1e9f97ce4421462060a70c9a03,79,2059894214429822557a69bbe2faeadfcd0cf3f86fa3217ed975b85aa19a8ddb,reddit,visualwebarena/config_files/vwa/test_reddit.raw.json,IC7,,visualwebarena/config_files/vwa/test_reddit.raw.json#2059894214429822557a69bbe2faeadfcd0cf3f86fa3217ed975b85aa19a8ddb,
visualwebarena,89f5af29305c3d1e9f97ce4421462060a70c9a03,151,c415794d6e674f5a423ecba0d32781c20e540245916f6734ea2eb2ff8bac2bc3,reddit,visualwebarena/config_files/vwa/test_reddit.raw.json,IC1,,visualwebarena/config_files/vwa/test_reddit.raw.json#c415794d6e674f5a423ecba0d32781c20e540245916f6734ea2eb2ff8bac2bc3,
visualwebarena,89f5af29305c3d1e9f97ce4421462060a70c9a03,151,c415794d6e674f5a423ecba0d32781c20e540245916f6734ea2eb2ff8bac2bc3,reddit,visualwebarena/config_files/vwa/test_reddit.raw.json,IC2,,visualwebarena/config_files/vwa/test_reddit.raw.json#c415794d6e674f5a423ecba0d32781c20e540245916f6734ea2eb2ff8bac2bc3,
visualwebarena,89f5af29305c3d1e9f97ce4421462060a70c9a03,151,c415794d6e674f5a423ecba0d32781c20e540245916f6734ea2eb2ff8bac2bc3,reddit,visualwebarena/config_files/vwa/test_reddit.raw.json,IC3,,visualwebarena/config_files/vwa/test_reddit.raw.json#c415794d6e674f5a423ecba0d32781c20e540245916f6734ea2eb2ff8bac2bc3,
visualwebarena,89f5af29305c3d1e9f97ce4421462060a70c9a03,151,c415794d6e674f5a423ecba0d32781c20e540245916f6734ea2eb2ff8bac2bc3,reddit,visualwebarena/config_files/vwa/test_reddit.raw.json,IC4,,visualwebarena/config_files/vwa/test_reddit.raw.json#c415794d6e674f5a423ecba0d32781c20e540245916f6734ea2eb2ff8bac2bc3,
visualwebarena,89f5af29305c3d1e9f97ce4421462060a70c9a03,151,c415794d6e674f5a423ecba0d32781c20e540245916f6734ea2eb2ff8bac2bc3,reddit,visualwebarena/config_files/vwa/test_reddit.raw.json,IC5,,visualwebarena/config_files/vwa/test_reddit.raw.json#c415794d6e674f5a423ecba0d32781c20e540245916f6734ea2eb2ff8bac2bc3,
visualwebarena,89f5af29305c3d1e9f97ce4421462060a70c9a03,151,c415794d6e674f5a423ecba0d32781c20e540245916f6734ea2eb2ff8bac2bc3,reddit,visualwebarena/config_files/vwa/test_reddit.raw.json,IC6,,visualwebarena/config_files/vwa/test_reddit.raw.json#c415794d6e674f5a423ecba0d32781c20e540245916f6734ea2eb2ff8bac2bc3,
visualwebarena,89f5af29305c3d1e9f97ce4421462060a70c9a03,151,c415794d6e674f5a423ecba0d32781c20e540245916f6734ea2eb2ff8bac2bc3,reddit,visualwebarena/config_files/vwa/test_reddit.raw.json,IC7,,visualwebarena/config_files/vwa/test_reddit.raw.json#c415794d6e674f5a423ecba0d32781c20e540245916f6734ea2eb2ff8bac2bc3,
visualwebarena,89f5af29305c3d1e9f97ce4421462060a70c9a03,182,bce77dc98f7d0a995053c93663ebfcb2f62811891deb861735e8cd142b2e93e3,reddit,visualwebarena/config_files/vwa/test_reddit.raw.json,IC1,,visualwebarena/config_files/vwa/test_reddit.raw.json#bce77dc98f7d0a995053c93663ebfcb2f62811891deb861735e8cd142b2e93e3,
visualwebarena,89f5af29305c3d1e9f97ce4421462060a70c9a03,182,bce77dc98f7d0a995053c93663ebfcb2f62811891deb861735e8cd142b2e93e3,reddit,visualwebarena/config_files/vwa/test_reddit.raw.json,IC2,,visualwebarena/config_files/vwa/test_reddit.raw.json#bce77dc98f7d0a995053c93663ebfcb2f62811891deb861735e8cd142b2e93e3,
visualwebarena,89f5af29305c3d1e9f97ce4421462060a70c9a03,182,bce77dc98f7d0a995053c93663ebfcb2f62811891deb861735e8cd142b2e93e3,reddit,visualwebarena/config_files/vwa/test_reddit.raw.json,IC3,,visualwebarena/config_files/vwa/test_reddit.raw.json#bce77dc98f7d0a995053c93663ebfcb2f62811891deb861735e8cd142b2e93e3,
visualwebarena,89f5af29305c3d1e9f97ce4421462060a70c9a03,182,bce77dc98f7d0a995053c93663ebfcb2f62811891deb861735e8cd142b2e93e3,reddit,visualwebarena/config_files/vwa/test_reddit.raw.json,IC4,,visualwebarena/config_files/vwa/test_reddit.raw.json#bce77dc98f7d0a995053c93663ebfcb2f62811891deb861735e8cd142b2e93e3,
visualwebarena,89f5af29305c3d1e9f97ce4421462060a70c9a03,182,bce77dc98f7d0a995053c93663ebfcb2f62811891deb861735e8cd142b2e93e3,reddit,visualwebarena/config_files/vwa/test_reddit.raw.json,IC5,,visualwebarena/config_files/vwa/test_reddit.raw.json#bce77dc98f7d0a995053c93663ebfcb2f62811891deb861735e8cd142b2e93e3,
visualwebarena,89f5af29305c3d1e9f97ce4421462060a70c9a03,182,bce77dc98f7d0a995053c93663ebfcb2f62811891deb861735e8cd142b2e93e3,reddit,visualwebarena/config_files/vwa/test_reddit.raw.json,IC6,,visualwebarena/config_files/vwa/test_reddit.raw.json#bce77dc98f7d0a995053c93663ebfcb2f62811891deb861735e8cd142b2e93e3,
visualwebarena,89f5af29305c3d1e9f97ce4421462060a70c9a03,182,bce77dc98f7d0a995053c93663ebfcb2f62811891deb861735e8cd142b2e93e3,reddit,visualwebarena/config_files/vwa/test_reddit.raw.json,IC7,,visualwebarena/config_files/vwa/test_reddit.raw.json#bce77dc98f7d0a995053c93663ebfcb2f62811891deb861735e8cd142b2e93e3,
visualwebarena,89f5af29305c3d1e9f97ce4421462060a70c9a03,27,a85747de6d715c29fd7b6c116835f91ccdcd7f586e36b425aec6e6fa0d5f73b8,reddit,visualwebarena/config_files/vwa/test_reddit.raw.json,IC1,,visualwebarena/config_files/vwa/test_reddit.raw.json#a85747de6d715c29fd7b6c116835f91ccdcd7f586e36b425aec6e6fa0d5f73b8,
visualwebarena,89f5af29305c3d1e9f97ce4421462060a70c9a03,27,a85747de6d715c29fd7b6c116835f91ccdcd7f586e36b425aec6e6fa0d5f73b8,reddit,visualwebarena/config_files/vwa/test_reddit.raw.json,IC2,,visualwebarena/config_files/vwa/test_reddit.raw.json#a85747de6d715c29fd7b6c116835f91ccdcd7f586e36b425aec6e6fa0d5f73b8,
visualwebarena,89f5af29305c3d1e9f97ce4421462060a70c9a03,27,a85747de6d715c29fd7b6c116835f91ccdcd7f586e36b425aec6e6fa0d5f73b8,reddit,visualwebarena/config_files/vwa/test_reddit.raw.json,IC3,,visualwebarena/config_files/vwa/test_reddit.raw.json#a85747de6d715c29fd7b6c116835f91ccdcd7f586e36b425aec6e6fa0d5f73b8,
visualwebarena,89f5af29305c3d1e9f97ce4421462060a70c9a03,27,a85747de6d715c29fd7b6c116835f91ccdcd7f586e36b425aec6e6fa0d5f73b8,reddit,visualwebarena/config_files/vwa/test_reddit.raw.json,IC4,,visualwebarena/config_files/vwa/test_reddit.raw.json#a85747de6d715c29fd7b6c116835f91ccdcd7f586e36b425aec6e6fa0d5f73b8,
visualwebarena,89f5af29305c3d1e9f97ce4421462060a70c9a03,27,a85747de6d715c29fd7b6c116835f91ccdcd7f586e36b425aec6e6fa0d5f73b8,reddit,visualwebarena/config_files/vwa/test_reddit.raw.json,IC5,,visualwebarena/config_files/vwa/test_reddit.raw.json#a85747de6d715c29fd7b6c116835f91ccdcd7f586e36b425aec6e6fa0d5f73b8,
visualwebarena,89f5af29305c3d1e9f97ce4421462060a70c9a03,27,a85747de6d715c29fd7b6c116835f91ccdcd7f586e36b425aec6e6fa0d5f73b8,reddit,visualwebarena/config_files/vwa/test_reddit.raw.json,IC6,,visualwebarena/config_files/vwa/test_reddit.raw.json#a85747de6d715c29fd7b6c116835f91ccdcd7f586e36b425aec6e6fa0d5f73b8,
visualwebarena,89f5af29305c3d1e9f97ce4421462060a70c9a03,27,a85747de6d715c29fd7b6c116835f91ccdcd7f586e36b425aec6e6fa0d5f73b8,reddit,visualwebarena/config_files/vwa/test_reddit.raw.json,IC7,,visualwebarena/config_files/vwa/test_reddit.raw.json#a85747de6d715c29fd7b6c116835f91ccdcd7f586e36b425aec6e6fa0d5f73b8,
visualwebarena,89f5af29305c3d1e9f97ce4421462060a70c9a03,207,21b756d4a4d18f5665f6dbcdb8ee1d94951a6b81c860cd1c43fb01e8de77a809,reddit|shopping,visualwebarena/config_files/vwa/test_reddit.raw.json,IC1,,visualwebarena/config_files/vwa/test_reddit.raw.json#21b756d4a4d18f5665f6dbcdb8ee1d94951a6b81c860cd1c43fb01e8de77a809,
visualwebarena,89f5af29305c3d1e9f97ce4421462060a70c9a03,207,21b756d4a4d18f5665f6dbcdb8ee1d94951a6b81c860cd1c43fb01e8de77a809,reddit|shopping,visualwebarena/config_files/vwa/test_reddit.raw.json,IC2,,visualwebarena/config_files/vwa/test_reddit.raw.json#21b756d4a4d18f5665f6dbcdb8ee1d94951a6b81c860cd1c43fb01e8de77a809,
visualwebarena,89f5af29305c3d1e9f97ce4421462060a70c9a03,207,21b756d4a4d18f5665f6dbcdb8ee1d94951a6b81c860cd1c43fb01e8de77a809,reddit|shopping,visualwebarena/config_files/vwa/test_reddit.raw.json,IC3,,visualwebarena/config_files/vwa/test_reddit.raw.json#21b756d4a4d18f5665f6dbcdb8ee1d94951a6b81c860cd1c43fb01e8de77a809,
visualwebarena,89f5af29305c3d1e9f97ce4421462060a70c9a03,207,21b756d4a4d18f5665f6dbcdb8ee1d94951a6b81c860cd1c43fb01e8de77a809,reddit|shopping,visualwebarena/config_files/vwa/test_reddit.raw.json,IC4,,visualwebarena/config_files/vwa/test_reddit.raw.json#21b756d4a4d18f5665f6dbcdb8ee1d94951a6b81c860cd1c43fb01e8de77a809,
visualwebarena,89f5af29305c3d1e9f97ce4421462060a70c9a03,207,21b756d4a4d18f5665f6dbcdb8ee1d94951a6b81c860cd1c43fb01e8de77a809,reddit|shopping,visualwebarena/config_files/vwa/test_reddit.raw.json,IC5,,visualwebarena/config_files/vwa/test_reddit.raw.json#21b756d4a4d18f5665f6dbcdb8ee1d94951a6b81c860cd1c43fb01e8de77a809,
visualwebarena,89f5af29305c3d1e9f97ce4421462060a70c9a03,207,21b756d4a4d18f5665f6dbcdb8ee1d94951a6b81c860cd1c43fb01e8de77a809,reddit|shopping,visualwebarena/config_files/vwa/test_reddit.raw.json,IC6,,visualwebarena/config_files/vwa/test_reddit.raw.json#21b756d4a4d18f5665f6dbcdb8ee1d94951a6b81c860cd1c43fb01e8de77a809,
visualwebarena,89f5af29305c3d1e9f97ce4421462060a70c9a03,207,21b756d4a4d18f5665f6dbcdb8ee1d94951a6b81c860cd1c43fb01e8de77a809,reddit|shopping,visualwebarena/config_files/vwa/test_reddit.raw.json,IC7,,visualwebarena/config_files/vwa/test_reddit.raw.json#21b756d4a4d18f5665f6dbcdb8ee1d94951a6b81c860cd1c43fb01e8de77a809,
visualwebarena,89f5af29305c3d1e9f97ce4421462060a70c9a03,185,01c5a733c759962ac80437c7f3b0b44690ddd9e12436fc434053f4ce3b54b27b,reddit|shopping|wikipedia,visualwebarena/config_files/vwa/test_reddit.raw.json,IC1,,visualwebarena/config_files/vwa/test_reddit.raw.json#01c5a733c759962ac80437c7f3b0b44690ddd9e12436fc434053f4ce3b54b27b,
visualwebarena,89f5af29305c3d1e9f97ce4421462060a70c9a03,185,01c5a733c759962ac80437c7f3b0b44690ddd9e12436fc434053f4ce3b54b27b,reddit|shopping|wikipedia,visualwebarena/config_files/vwa/test_reddit.raw.json,IC2,,visualwebarena/config_files/vwa/test_reddit.raw.json#01c5a733c759962ac80437c7f3b0b44690ddd9e12436fc434053f4ce3b54b27b,
visualwebarena,89f5af29305c3d1e9f97ce4421462060a70c9a03,185,01c5a733c759962ac80437c7f3b0b44690ddd9e12436fc434053f4ce3b54b27b,reddit|shopping|wikipedia,visualwebarena/config_files/vwa/test_reddit.raw.json,IC3,,visualwebarena/config_files/vwa/test_reddit.raw.json#01c5a733c759962ac80437c7f3b0b44690ddd9e12436fc434053f4ce3b54b27b,
visualwebarena,89f5af29305c3d1e9f97ce4421462060a70c9a03,185,01c5a733c759962ac80437c7f3b0b44690ddd9e12436fc434053f4ce3b54b27b,reddit|shopping|wikipedia,visualwebarena/config_files/vwa/test_reddit.raw.json,IC4,,visualwebarena/config_files/vwa/test_reddit.raw.json#01c5a733c759962ac80437c7f3b0b44690ddd9e12436fc434053f4ce3b54b27b,
visualwebarena,89f5af29305c3d1e9f97ce4421462060a70c9a03,185,01c5a733c759962ac80437c7f3b0b44690ddd9e12436fc434053f4ce3b54b27b,reddit|shopping|wikipedia,visualwebarena/config_files/vwa/test_reddit.raw.json,IC5,,visualwebarena/config_files/vwa/test_reddit.raw.json#01c5a733c759962ac80437c7f3b0b44690ddd9e12436fc434053f4ce3b54b27b,
visualwebarena,89f5af29305c3d1e9f97ce4421462060a70c9a03,185,01c5a733c759962ac80437c7f3b0b44690ddd9e12436fc434053f4ce3b54b27b,reddit|shopping|wikipedia,visualwebarena/config_files/vwa/test_reddit.raw.json,IC6,,visualwebarena/config_files/vwa/test_reddit.raw.json#01c5a733c759962ac80437c7f3b0b44690ddd9e12436fc434053f4ce3b54b27b,
visualwebarena,89f5af29305c3d1e9f97ce4421462060a70c9a03,185,01c5a733c759962ac80437c7f3b0b44690ddd9e12436fc434053f4ce3b54b27b,reddit|shopping|wikipedia,visualwebarena/config_files/vwa/test_reddit.raw.json,IC7,,visualwebarena/config_files/vwa/test_reddit.raw.json#01c5a733c759962ac80437c7f3b0b44690ddd9e12436fc434053f4ce3b54b27b,
visualwebarena,89f5af29305c3d1e9f97ce4421462060a70c9a03,117,6fd36487de892d0be0a5f352983fcaec92db780f07be681296a05d7861440111,reddit|wikipedia,visualwebarena/config_files/vwa/test_reddit.raw.json,IC1,,visualwebarena/config_files/vwa/test_reddit.raw.json#6fd36487de892d0be0a5f352983fcaec92db780f07be681296a05d7861440111,
visualwebarena,89f5af29305c3d1e9f97ce4421462060a70c9a03,117,6fd36487de892d0be0a5f352983fcaec92db780f07be681296a05d7861440111,reddit|wikipedia,visualwebarena/config_files/vwa/test_reddit.raw.json,IC2,,visualwebarena/config_files/vwa/test_reddit.raw.json#6fd36487de892d0be0a5f352983fcaec92db780f07be681296a05d7861440111,
visualwebarena,89f5af29305c3d1e9f97ce4421462060a70c9a03,117,6fd36487de892d0be0a5f352983fcaec92db780f07be681296a05d7861440111,reddit|wikipedia,visualwebarena/config_files/vwa/test_reddit.raw.json,IC3,,visualwebarena/config_files/vwa/test_reddit.raw.json#6fd36487de892d0be0a5f352983fcaec92db780f07be681296a05d7861440111,
visualwebarena,89f5af29305c3d1e9f97ce4421462060a70c9a03,117,6fd36487de892d0be0a5f352983fcaec92db780f07be681296a05d7861440111,reddit|wikipedia,visualwebarena/config_files/vwa/test_reddit.raw.json,IC4,,visualwebarena/config_files/vwa/test_reddit.raw.json#6fd36487de892d0be0a5f352983fcaec92db780f07be681296a05d7861440111,
visualwebarena,89f5af29305c3d1e9f97ce4421462060a70c9a03,117,6fd36487de892d0be0a5f352983fcaec92db780f07be681296a05d7861440111,reddit|wikipedia,visualwebarena/config_files/vwa/test_reddit.raw.json,IC5,,visualwebarena/config_files/vwa/test_reddit.raw.json#6fd36487de892d0be0a5f352983fcaec92db780f07be681296a05d7861440111,
visualwebarena,89f5af29305c3d1e9f97ce4421462060a70c9a03,117,6fd36487de892d0be0a5f352983fcaec92db780f07be681296a05d7861440111,reddit|wikipedia,visualwebarena/config_files/vwa/test_reddit.raw.json,IC6,,visualwebarena/config_files/vwa/test_reddit.raw.json#6fd36487de892d0be0a5f352983fcaec92db780f07be681296a05d7861440111,
visualwebarena,89f5af29305c3d1e9f97ce4421462060a70c9a03,117,6fd36487de892d0be0a5f352983fcaec92db780f07be681296a05d7861440111,reddit|wikipedia,visualwebarena/config_files/vwa/test_reddit.raw.json,IC7,,visualwebarena/config_files/vwa/test_reddit.raw.json#6fd36487de892d0be0a5f352983fcaec92db780f07be681296a05d7861440111,
visualwebarena,89f5af29305c3d1e9f97ce4421462060a70c9a03,49,39619a41c11255a3cff40808027442e44edfb6d80cf72bc48b24ddcc664ebff0,reddit|wikipedia,visualwebarena/config_files/vwa/test_reddit.raw.json,IC1,,visualwebarena/config_files/vwa/test_reddit.raw.json#39619a41c11255a3cff40808027442e44edfb6d80cf72bc48b24ddcc664ebff0,
visualwebarena,89f5af29305c3d1e9f97ce4421462060a70c9a03,49,39619a41c11255a3cff40808027442e44edfb6d80cf72bc48b24ddcc664ebff0,reddit|wikipedia,visualwebarena/config_files/vwa/test_reddit.raw.json,IC2,,visualwebarena/config_files/vwa/test_reddit.raw.json#39619a41c11255a3cff40808027442e44edfb6d80cf72bc48b24ddcc664ebff0,
visualwebarena,89f5af29305c3d1e9f97ce4421462060a70c9a03,49,39619a41c11255a3cff40808027442e44edfb6d80cf72bc48b24ddcc664ebff0,reddit|wikipedia,visualwebarena/config_files/vwa/test_reddit.raw.json,IC3,,visualwebarena/config_files/vwa/test_reddit.raw.json#39619a41c11255a3cff40808027442e44edfb6d80cf72bc48b24ddcc664ebff0,
visualwebarena,89f5af29305c3d1e9f97ce4421462060a70c9a03,49,39619a41c11255a3cff40808027442e44edfb6d80cf72bc48b24ddcc664ebff0,reddit|wikipedia,visualwebarena/config_files/vwa/test_reddit.raw.json,IC4,,visualwebarena/config_files/vwa/test_reddit.raw.json#39619a41c11255a3cff40808027442e44edfb6d80cf72bc48b24ddcc664ebff0,
visualwebarena,89f5af29305c3d1e9f97ce4421462060a70c9a03,49,39619a41c11255a3cff40808027442e44edfb6d80cf72bc48b24ddcc664ebff0,reddit|wikipedia,visualwebarena/config_files/vwa/test_reddit.raw.json,IC5,,visualwebarena/config_files/vwa/test_reddit.raw.json#39619a41c11255a3cff40808027442e44edfb6d80cf72bc48b24ddcc664ebff0,
visualwebarena,89f5af29305c3d1e9f97ce4421462060a70c9a03,49,39619a41c11255a3cff40808027442e44edfb6d80cf72bc48b24ddcc664ebff0,reddit|wikipedia,visualwebarena/config_files/vwa/test_reddit.raw.json,IC6,,visualwebarena/config_files/vwa/test_reddit.raw.json#39619a41c11255a3cff40808027442e44edfb6d80cf72bc48b24ddcc664ebff0,
visualwebarena,89f5af29305c3d1e9f97ce4421462060a70c9a03,49,39619a41c11255a3cff40808027442e44edfb6d80cf72bc48b24ddcc664ebff0,reddit|wikipedia,visualwebarena/config_files/vwa/test_reddit.raw.json,IC7,,visualwebarena/config_files/vwa/test_reddit.raw.json#39619a41c11255a3cff40808027442e44edfb6d80cf72bc48b24ddcc664ebff0,
visualwebarena,89f5af29305c3d1e9f97ce4421462060a70c9a03,53,26fd7172224591952e3eea70432327956152106efa78d2212c56cde32709a722,reddit|wikipedia,visualwebarena/config_files/vwa/test_reddit.raw.json,IC1,,visualwebarena/config_files/vwa/test_reddit.raw.json#26fd7172224591952e3eea70432327956152106efa78d2212c56cde32709a722,
visualwebarena,89f5af29305c3d1e9f97ce4421462060a70c9a03,53,26fd7172224591952e3eea70432327956152106efa78d2212c56cde32709a722,reddit|wikipedia,visualwebarena/config_files/vwa/test_reddit.raw.json,IC2,,visualwebarena/config_files/vwa/test_reddit.raw.json#26fd7172224591952e3eea70432327956152106efa78d2212c56cde32709a722,
visualwebarena,89f5af29305c3d1e9f97ce4421462060a70c9a03,53,26fd7172224591952e3eea70432327956152106efa78d2212c56cde32709a722,reddit|wikipedia,visualwebarena/config_files/vwa/test_reddit.raw.json,IC3,,visualwebarena/config_files/vwa/test_reddit.raw.json#26fd7172224591952e3eea70432327956152106efa78d2212c56cde32709a722,
visualwebarena,89f5af29305c3d1e9f97ce4421462060a70c9a03,53,26fd7172224591952e3eea70432327956152106efa78d2212c56cde32709a722,reddit|wikipedia,visualwebarena/config_files/vwa/test_reddit.raw.json,IC4,,visualwebarena/config_files/vwa/test_reddit.raw.json#26fd7172224591952e3eea70432327956152106efa78d2212c56cde32709a722,
visualwebarena,89f5af29305c3d1e9f97ce4421462060a70c9a03,53,26fd7172224591952e3eea70432327956152106efa78d2212c56cde32709a722,reddit|wikipedia,visualwebarena/config_files/vwa/test_reddit.raw.json,IC5,,visualwebarena/config_files/vwa/test_reddit.raw.json#26fd7172224591952e3eea70432327956152106efa78d2212c56cde32709a722,
visualwebarena,89f5af29305c3d1e9f97ce4421462060a70c9a03,53,26fd7172224591952e3eea70432327956152106efa78d2212c56cde32709a722,reddit|wikipedia,visualwebarena/config_files/vwa/test_reddit.raw.json,IC6,,visualwebarena/config_files/vwa/test_reddit.raw.json#26fd7172224591952e3eea70432327956152106efa78d2212c56cde32709a722,
visualwebarena,89f5af29305c3d1e9f97ce4421462060a70c9a03,53,26fd7172224591952e3eea70432327956152106efa78d2212c56cde32709a722,reddit|wikipedia,visualwebarena/config_files/vwa/test_reddit.raw.json,IC7,,visualwebarena/config_files/vwa/test_reddit.raw.json#26fd7172224591952e3eea70432327956152106efa78d2212c56cde32709a722,
visualwebarena,89f5af29305c3d1e9f97ce4421462060a70c9a03,95,54b8af09bea1a51401e80da18fe477bd6ddedd6b7872357c1b9e7691b141696b,shopping,visualwebarena/config_files/vwa/test_shopping.raw.json,IC1,,visualwebarena/config_files/vwa/test_shopping.raw.json#54b8af09bea1a51401e80da18fe477bd6ddedd6b7872357c1b9e7691b141696b,
visualwebarena,89f5af29305c3d1e9f97ce4421462060a70c9a03,95,54b8af09bea1a51401e80da18fe477bd6ddedd6b7872357c1b9e7691b141696b,shopping,visualwebarena/config_files/vwa/test_shopping.raw.json,IC2,,visualwebarena/config_files/vwa/test_shopping.raw.json#54b8af09bea1a51401e80da18fe477bd6ddedd6b7872357c1b9e7691b141696b,
visualwebarena,89f5af29305c3d1e9f97ce4421462060a70c9a03,95,54b8af09bea1a51401e80da18fe477bd6ddedd6b7872357c1b9e7691b141696b,shopping,visualwebarena/config_files/vwa/test_shopping.raw.json,IC3,,visualwebarena/config_files/vwa/test_shopping.raw.json#54b8af09bea1a51401e80da18fe477bd6ddedd6b7872357c1b9e7691b141696b,
visualwebarena,89f5af29305c3d1e9f97ce4421462060a70c9a03,95,54b8af09bea1a51401e80da18fe477bd6ddedd6b7872357c1b9e7691b141696b,shopping,visualwebarena/config_files/vwa/test_shopping.raw.json,IC4,,visualwebarena/config_files/vwa/test_shopping.raw.json#54b8af09bea1a51401e80da18fe477bd6ddedd6b7872357c1b9e7691b141696b,
visualwebarena,89f5af29305c3d1e9f97ce4421462060a70c9a03,95,54b8af09bea1a51401e80da18fe477bd6ddedd6b7872357c1b9e7691b141696b,shopping,visualwebarena/config_files/vwa/test_shopping.raw.json,IC5,,visualwebarena/config_files/vwa/test_shopping.raw.json#54b8af09bea1a51401e80da18fe477bd6ddedd6b7872357c1b9e7691b141696b,
visualwebarena,89f5af29305c3d1e9f97ce4421462060a70c9a03,95,54b8af09bea1a51401e80da18fe477bd6ddedd6b7872357c1b9e7691b141696b,shopping,visualwebarena/config_files/vwa/test_shopping.raw.json,IC6,,visualwebarena/config_files/vwa/test_shopping.raw.json#54b8af09bea1a51401e80da18fe477bd6ddedd6b7872357c1b9e7691b141696b,
visualwebarena,89f5af29305c3d1e9f97ce4421462060a70c9a03,95,54b8af09bea1a51401e80da18fe477bd6ddedd6b7872357c1b9e7691b141696b,shopping,visualwebarena/config_files/vwa/test_shopping.raw.json,IC7,,visualwebarena/config_files/vwa/test_shopping.raw.json#54b8af09bea1a51401e80da18fe477bd6ddedd6b7872357c1b9e7691b141696b,
visualwebarena,89f5af29305c3d1e9f97ce4421462060a70c9a03,410,fa4e69164a7001bafa54926f6357ea89748655268aca42e92257d51f0c508d66,shopping,visualwebarena/config_files/vwa/test_shopping.raw.json,IC1,,visualwebarena/config_files/vwa/test_shopping.raw.json#fa4e69164a7001bafa54926f6357ea89748655268aca42e92257d51f0c508d66,
visualwebarena,89f5af29305c3d1e9f97ce4421462060a70c9a03,410,fa4e69164a7001bafa54926f6357ea89748655268aca42e92257d51f0c508d66,shopping,visualwebarena/config_files/vwa/test_shopping.raw.json,IC2,,visualwebarena/config_files/vwa/test_shopping.raw.json#fa4e69164a7001bafa54926f6357ea89748655268aca42e92257d51f0c508d66,
visualwebarena,89f5af29305c3d1e9f97ce4421462060a70c9a03,410,fa4e69164a7001bafa54926f6357ea89748655268aca42e92257d51f0c508d66,shopping,visualwebarena/config_files/vwa/test_shopping.raw.json,IC3,,visualwebarena/config_files/vwa/test_shopping.raw.json#fa4e69164a7001bafa54926f6357ea89748655268aca42e92257d51f0c508d66,
visualwebarena,89f5af29305c3d1e9f97ce4421462060a70c9a03,410,fa4e69164a7001bafa54926f6357ea89748655268aca42e92257d51f0c508d66,shopping,visualwebarena/config_files/vwa/test_shopping.raw.json,IC4,,visualwebarena/config_files/vwa/test_shopping.raw.json#fa4e69164a7001bafa54926f6357ea89748655268aca42e92257d51f0c508d66,
visualwebarena,89f5af29305c3d1e9f97ce4421462060a70c9a03,410,fa4e69164a7001bafa54926f6357ea89748655268aca42e92257d51f0c508d66,shopping,visualwebarena/config_files/vwa/test_shopping.raw.json,IC5,,visualwebarena/config_files/vwa/test_shopping.raw.json#fa4e69164a7001bafa54926f6357ea89748655268aca42e92257d51f0c508d66,
visualwebarena,89f5af29305c3d1e9f97ce4421462060a70c9a03,410,fa4e69164a7001bafa54926f6357ea89748655268aca42e92257d51f0c508d66,shopping,visualwebarena/config_files/vwa/test_shopping.raw.json,IC6,,visualwebarena/config_files/vwa/test_shopping.raw.json#fa4e69164a7001bafa54926f6357ea89748655268aca42e92257d51f0c508d66,
visualwebarena,89f5af29305c3d1e9f97ce4421462060a70c9a03,410,fa4e69164a7001bafa54926f6357ea89748655268aca42e92257d51f0c508d66,shopping,visualwebarena/config_files/vwa/test_shopping.raw.json,IC7,,visualwebarena/config_files/vwa/test_shopping.raw.json#fa4e69164a7001bafa54926f6357ea89748655268aca42e92257d51f0c508d66,
visualwebarena,89f5af29305c3d1e9f97ce4421462060a70c9a03,315,725f3e5a555b1b6353a0b2091943936b3c7f484490e47e227aae240d30a6af1d,shopping,visualwebarena/config_files/vwa/test_shopping.raw.json,IC1,,visualwebarena/config_files/vwa/test_shopping.raw.json#725f3e5a555b1b6353a0b2091943936b3c7f484490e47e227aae240d30a6af1d,
visualwebarena,89f5af29305c3d1e9f97ce4421462060a70c9a03,315,725f3e5a555b1b6353a0b2091943936b3c7f484490e47e227aae240d30a6af1d,shopping,visualwebarena/config_files/vwa/test_shopping.raw.json,IC2,,visualwebarena/config_files/vwa/test_shopping.raw.json#725f3e5a555b1b6353a0b2091943936b3c7f484490e47e227aae240d30a6af1d,
visualwebarena,89f5af29305c3d1e9f97ce4421462060a70c9a03,315,725f3e5a555b1b6353a0b2091943936b3c7f484490e47e227aae240d30a6af1d,shopping,visualwebarena/config_files/vwa/test_shopping.raw.json,IC3,,visualwebarena/config_files/vwa/test_shopping.raw.json#725f3e5a555b1b6353a0b2091943936b3c7f484490e47e227aae240d30a6af1d,
visualwebarena,89f5af29305c3d1e9f97ce4421462060a70c9a03,315,725f3e5a555b1b6353a0b2091943936b3c7f484490e47e227aae240d30a6af1d,shopping,visualwebarena/config_files/vwa/test_shopping.raw.json,IC4,,visualwebarena/config_files/vwa/test_shopping.raw.json#725f3e5a555b1b6353a0b2091943936b3c7f484490e47e227aae240d30a6af1d,
visualwebarena,89f5af29305c3d1e9f97ce4421462060a70c9a03,315,725f3e5a555b1b6353a0b2091943936b3c7f484490e47e227aae240d30a6af1d,shopping,visualwebarena/config_files/vwa/test_shopping.raw.json,IC5,,visualwebarena/config_files/vwa/test_shopping.raw.json#725f3e5a555b1b6353a0b2091943936b3c7f484490e47e227aae240d30a6af1d,
visualwebarena,89f5af29305c3d1e9f97ce4421462060a70c9a03,315,725f3e5a555b1b6353a0b2091943936b3c7f484490e47e227aae240d30a6af1d,shopping,visualwebarena/config_files/vwa/test_shopping.raw.json,IC6,,visualwebarena/config_files/vwa/test_shopping.raw.json#725f3e5a555b1b6353a0b2091943936b3c7f484490e47e227aae240d30a6af1d,
visualwebarena,89f5af29305c3d1e9f97ce4421462060a70c9a03,315,725f3e5a555b1b6353a0b2091943936b3c7f484490e47e227aae240d30a6af1d,shopping,visualwebarena/config_files/vwa/test_shopping.raw.json,IC7,,visualwebarena/config_files/vwa/test_shopping.raw.json#725f3e5a555b1b6353a0b2091943936b3c7f484490e47e227aae240d30a6af1d,
visualwebarena,89f5af29305c3d1e9f97ce4421462060a70c9a03,176,186f0bbd2847d097c5e88692a39b7a01be349ef0a1400a9454eb011a0ba99068,shopping,visualwebarena/config_files/vwa/test_shopping.raw.json,IC1,,visualwebarena/config_files/vwa/test_shopping.raw.json#186f0bbd2847d097c5e88692a39b7a01be349ef0a1400a9454eb011a0ba99068,
visualwebarena,89f5af29305c3d1e9f97ce4421462060a70c9a03,176,186f0bbd2847d097c5e88692a39b7a01be349ef0a1400a9454eb011a0ba99068,shopping,visualwebarena/config_files/vwa/test_shopping.raw.json,IC2,,visualwebarena/config_files/vwa/test_shopping.raw.json#186f0bbd2847d097c5e88692a39b7a01be349ef0a1400a9454eb011a0ba99068,
visualwebarena,89f5af29305c3d1e9f97ce4421462060a70c9a03,176,186f0bbd2847d097c5e88692a39b7a01be349ef0a1400a9454eb011a0ba99068,shopping,visualwebarena/config_files/vwa/test_shopping.raw.json,IC3,,visualwebarena/config_files/vwa/test_shopping.raw.json#186f0bbd2847d097c5e88692a39b7a01be349ef0a1400a9454eb011a0ba99068,
visualwebarena,89f5af29305c3d1e9f97ce4421462060a70c9a03,176,186f0bbd2847d097c5e88692a39b7a01be349ef0a1400a9454eb011a0ba99068,shopping,visualwebarena/config_files/vwa/test_shopping.raw.json,IC4,,visualwebarena/config_files/vwa/test_shopping.raw.json#186f0bbd2847d097c5e88692a39b7a01be349ef0a1400a9454eb011a0ba99068,
visualwebarena,89f5af29305c3d1e9f97ce4421462060a70c9a03,176,186f0bbd2847d097c5e88692a39b7a01be349ef0a1400a9454eb011a0ba99068,shopping,visualwebarena/config_files/vwa/test_shopping.raw.json,IC5,,visualwebarena/config_files/vwa/test_shopping.raw.json#186f0bbd2847d097c5e88692a39b7a01be349ef0a1400a9454eb011a0ba99068,
visualwebarena,89f5af29305c3d1e9f97ce4421462060a70c9a03,176,186f0bbd2847d097c5e88692a39b7a01be349ef0a1400a9454eb011a0ba99068,shopping,visualwebarena/config_files/vwa/test_shopping.raw.json,IC6,,visualwebarena/config_files/vwa/test_shopping.raw.json#186f0bbd2847d097c5e88692a39b7a01be349ef0a1400a9454eb011a0ba99068,
visualwebarena,89f5af29305c3d1e9f97ce4421462060a70c9a03,176,186f0bbd2847d097c5e88692a39b7a01be349ef0a1400a9454eb011a0ba99068,shopping,visualwebarena/config_files/vwa/test_shopping.raw.json,IC7,,visualwebarena/config_files/vwa/test_shopping.raw.json#186f0bbd2847d097c5e88692a39b7a01be349ef0a1400a9454eb011a0ba99068,
visualwebarena,89f5af29305c3d1e9f97ce4421462060a70c9a03,100,e2644a0a97f467072dbfe3986ab206359c95f6970357496bafffe9da73a266a6,shopping,visualwebarena/config_files/vwa/test_shopping.raw.json,IC1,,visualwebarena/config_files/vwa/test_shopping.raw.json#e2644a0a97f467072dbfe3986ab206359c95f6970357496bafffe9da73a266a6,
visualwebarena,89f5af29305c3d1e9f97ce4421462060a70c9a03,100,e2644a0a97f467072dbfe3986ab206359c95f6970357496bafffe9da73a266a6,shopping,visualwebarena/config_files/vwa/test_shopping.raw.json,IC2,,visualwebarena/config_files/vwa/test_shopping.raw.json#e2644a0a97f467072dbfe3986ab206359c95f6970357496bafffe9da73a266a6,
visualwebarena,89f5af29305c3d1e9f97ce4421462060a70c9a03,100,e2644a0a97f467072dbfe3986ab206359c95f6970357496bafffe9da73a266a6,shopping,visualwebarena/config_files/vwa/test_shopping.raw.json,IC3,,visualwebarena/config_files/vwa/test_shopping.raw.json#e2644a0a97f467072dbfe3986ab206359c95f6970357496bafffe9da73a266a6,
visualwebarena,89f5af29305c3d1e9f97ce4421462060a70c9a03,100,e2644a0a97f467072dbfe3986ab206359c95f6970357496bafffe9da73a266a6,shopping,visualwebarena/config_files/vwa/test_shopping.raw.json,IC4,,visualwebarena/config_files/vwa/test_shopping.raw.json#e2644a0a97f467072dbfe3986ab206359c95f6970357496bafffe9da73a266a6,
visualwebarena,89f5af29305c3d1e9f97ce4421462060a70c9a03,100,e2644a0a97f467072dbfe3986ab206359c95f6970357496bafffe9da73a266a6,shopping,visualwebarena/config_files/vwa/test_shopping.raw.json,IC5,,visualwebarena/config_files/vwa/test_shopping.raw.json#e2644a0a97f467072dbfe3986ab206359c95f6970357496bafffe9da73a266a6,
visualwebarena,89f5af29305c3d1e9f97ce4421462060a70c9a03,100,e2644a0a97f467072dbfe3986ab206359c95f6970357496bafffe9da73a266a6,shopping,visualwebarena/config_files/vwa/test_shopping.raw.json,IC6,,visualwebarena/config_files/vwa/test_shopping.raw.json#e2644a0a97f467072dbfe3986ab206359c95f6970357496bafffe9da73a266a6,
visualwebarena,89f5af29305c3d1e9f97ce4421462060a70c9a03,100,e2644a0a97f467072dbfe3986ab206359c95f6970357496bafffe9da73a266a6,shopping,visualwebarena/config_files/vwa/test_shopping.raw.json,IC7,,visualwebarena/config_files/vwa/test_shopping.raw.json#e2644a0a97f467072dbfe3986ab206359c95f6970357496bafffe9da73a266a6,
visualwebarena,89f5af29305c3d1e9f97ce4421462060a70c9a03,142,8adfc9ec9b6472f6caacce0fab792410cfb875d44844a4785795814c5b6286c5,shopping,visualwebarena/config_files/vwa/test_shopping.raw.json,IC1,,visualwebarena/config_files/vwa/test_shopping.raw.json#8adfc9ec9b6472f6caacce0fab792410cfb875d44844a4785795814c5b6286c5,
visualwebarena,89f5af29305c3d1e9f97ce4421462060a70c9a03,142,8adfc9ec9b6472f6caacce0fab792410cfb875d44844a4785795814c5b6286c5,shopping,visualwebarena/config_files/vwa/test_shopping.raw.json,IC2,,visualwebarena/config_files/vwa/test_shopping.raw.json#8adfc9ec9b6472f6caacce0fab792410cfb875d44844a4785795814c5b6286c5,
visualwebarena,89f5af29305c3d1e9f97ce4421462060a70c9a03,142,8adfc9ec9b6472f6caacce0fab792410cfb875d44844a4785795814c5b6286c5,shopping,visualwebarena/config_files/vwa/test_shopping.raw.json,IC3,,visualwebarena/config_files/vwa/test_shopping.raw.json#8adfc9ec9b6472f6caacce0fab792410cfb875d44844a4785795814c5b6286c5,
visualwebarena,89f5af29305c3d1e9f97ce4421462060a70c9a03,142,8adfc9ec9b6472f6caacce0fab792410cfb875d44844a4785795814c5b6286c5,shopping,visualwebarena/config_files/vwa/test_shopping.raw.json,IC4,,visualwebarena/config_files/vwa/test_shopping.raw.json#8adfc9ec9b6472f6caacce0fab792410cfb875d44844a4785795814c5b6286c5,
visualwebarena,89f5af29305c3d1e9f97ce4421462060a70c9a03,142,8adfc9ec9b6472f6caacce0fab792410cfb875d44844a4785795814c5b6286c5,shopping,visualwebarena/config_files/vwa/test_shopping.raw.json,IC5,,visualwebarena/config_files/vwa/test_shopping.raw.json#8adfc9ec9b6472f6caacce0fab792410cfb875d44844a4785795814c5b6286c5,
visualwebarena,89f5af29305c3d1e9f97ce4421462060a70c9a03,142,8adfc9ec9b6472f6caacce0fab792410cfb875d44844a4785795814c5b6286c5,shopping,visualwebarena/config_files/vwa/test_shopping.raw.json,IC6,,visualwebarena/config_files/vwa/test_shopping.raw.json#8adfc9ec9b6472f6caacce0fab792410cfb875d44844a4785795814c5b6286c5,
visualwebarena,89f5af29305c3d1e9f97ce4421462060a70c9a03,142,8adfc9ec9b6472f6caacce0fab792410cfb875d44844a4785795814c5b6286c5,shopping,visualwebarena/config_files/vwa/test_shopping.raw.json,IC7,,visualwebarena/config_files/vwa/test_shopping.raw.json#8adfc9ec9b6472f6caacce0fab792410cfb875d44844a4785795814c5b6286c5,
visualwebarena,89f5af29305c3d1e9f97ce4421462060a70c9a03,368,1070323f33876b70422be735d81e312b64dc575b1f022b1ccaa6eb76bf1dff00,shopping,visualwebarena/config_files/vwa/test_shopping.raw.json,IC1,,visualwebarena/config_files/vwa/test_shopping.raw.json#1070323f33876b70422be735d81e312b64dc575b1f022b1ccaa6eb76bf1dff00,
visualwebarena,89f5af29305c3d1e9f97ce4421462060a70c9a03,368,1070323f33876b70422be735d81e312b64dc575b1f022b1ccaa6eb76bf1dff00,shopping,visualwebarena/config_files/vwa/test_shopping.raw.json,IC2,,visualwebarena/config_files/vwa/test_shopping.raw.json#1070323f33876b70422be735d81e312b64dc575b1f022b1ccaa6eb76bf1dff00,
visualwebarena,89f5af29305c3d1e9f97ce4421462060a70c9a03,368,1070323f33876b70422be735d81e312b64dc575b1f022b1ccaa6eb76bf1dff00,shopping,visualwebarena/config_files/vwa/test_shopping.raw.json,IC3,,visualwebarena/config_files/vwa/test_shopping.raw.json#1070323f33876b70422be735d81e312b64dc575b1f022b1ccaa6eb76bf1dff00,
visualwebarena,89f5af29305c3d1e9f97ce4421462060a70c9a03,368,1070323f33876b70422be735d81e312b64dc575b1f022b1ccaa6eb76bf1dff00,shopping,visualwebarena/config_files/vwa/test_shopping.raw.json,IC4,,visualwebarena/config_files/vwa/test_shopping.raw.json#1070323f33876b70422be735d81e312b64dc575b1f022b1ccaa6eb76bf1dff00,
visualwebarena,89f5af29305c3d1e9f97ce4421462060a70c9a03,368,1070323f33876b70422be735d81e312b64dc575b1f022b1ccaa6eb76bf1dff00,shopping,visualwebarena/config_files/vwa/test_shopping.raw.json,IC5,,visualwebarena/config_files/vwa/test_shopping.raw.json#1070323f33876b70422be735d81e312b64dc575b1f022b1ccaa6eb76bf1dff00,
visualwebarena,89f5af29305c3d1e9f97ce4421462060a70c9a03,368,1070323f33876b70422be735d81e312b64dc575b1f022b1ccaa6eb76bf1dff00,shopping,visualwebarena/config_files/vwa/test_shopping.raw.json,IC6,,visualwebarena/config_files/vwa/test_shopping.raw.json#1070323f33876b70422be735d81e312b64dc575b1f022b1ccaa6eb76bf1dff00,
visualwebarena,89f5af29305c3d1e9f97ce4421462060a70c9a03,368,1070323f33876b70422be735d81e312b64dc575b1f022b1ccaa6eb76bf1dff00,shopping,visualwebarena/config_files/vwa/test_shopping.raw.json,IC7,,visualwebarena/config_files/vwa/test_shopping.raw.json#1070323f33876b70422be735d81e312b64dc575b1f022b1ccaa6eb76bf1dff00,
visualwebarena,89f5af29305c3d1e9f97ce4421462060a70c9a03,447,1331394a4f94c5d26db45ceb9aa383ed59da257c3ef8dbbb645d27126cce8bcf,shopping,visualwebarena/config_files/vwa/test_shopping.raw.json,IC1,,visualwebarena/config_files/vwa/test_shopping.raw.json#1331394a4f94c5d26db45ceb9aa383ed59da257c3ef8dbbb645d27126cce8bcf,
visualwebarena,89f5af29305c3d1e9f97ce4421462060a70c9a03,447,1331394a4f94c5d26db45ceb9aa383ed59da257c3ef8dbbb645d27126cce8bcf,shopping,visualwebarena/config_files/vwa/test_shopping.raw.json,IC2,,visualwebarena/config_files/vwa/test_shopping.raw.json#1331394a4f94c5d26db45ceb9aa383ed59da257c3ef8dbbb645d27126cce8bcf,
visualwebarena,89f5af29305c3d1e9f97ce4421462060a70c9a03,447,1331394a4f94c5d26db45ceb9aa383ed59da257c3ef8dbbb645d27126cce8bcf,shopping,visualwebarena/config_files/vwa/test_shopping.raw.json,IC3,,visualwebarena/config_files/vwa/test_shopping.raw.json#1331394a4f94c5d26db45ceb9aa383ed59da257c3ef8dbbb645d27126cce8bcf,
visualwebarena,89f5af29305c3d1e9f97ce4421462060a70c9a03,447,1331394a4f94c5d26db45ceb9aa383ed59da257c3ef8dbbb645d27126cce8bcf,shopping,visualwebarena/config_files/vwa/test_shopping.raw.json,IC4,,visualwebarena/config_files/vwa/test_shopping.raw.json#1331394a4f94c5d26db45ceb9aa383ed59da257c3ef8dbbb645d27126cce8bcf,
visualwebarena,89f5af29305c3d1e9f97ce4421462060a70c9a03,447,1331394a4f94c5d26db45ceb9aa383ed59da257c3ef8dbbb645d27126cce8bcf,shopping,visualwebarena/config_files/vwa/test_shopping.raw.json,IC5,,visualwebarena/config_files/vwa/test_shopping.raw.json#1331394a4f94c5d26db45ceb9aa383ed59da257c3ef8dbbb645d27126cce8bcf,
visualwebarena,89f5af29305c3d1e9f97ce4421462060a70c9a03,447,1331394a4f94c5d26db45ceb9aa383ed59da257c3ef8dbbb645d27126cce8bcf,shopping,visualwebarena/config_files/vwa/test_shopping.raw.json,IC6,,visualwebarena/config_files/vwa/test_shopping.raw.json#1331394a4f94c5d26db45ceb9aa383ed59da257c3ef8dbbb645d27126cce8bcf,
visualwebarena,89f5af29305c3d1e9f97ce4421462060a70c9a03,447,1331394a4f94c5d26db45ceb9aa383ed59da257c3ef8dbbb645d27126cce8bcf,shopping,visualwebarena/config_files/vwa/test_shopping.raw.json,IC7,,visualwebarena/config_files/vwa/test_shopping.raw.json#1331394a4f94c5d26db45ceb9aa383ed59da257c3ef8dbbb645d27126cce8bcf,
visualwebarena,89f5af29305c3d1e9f97ce4421462060a70c9a03,297,a29900b284ca7153a77fd5f37e38a26b4109648f5572acecbc422ba35a2748b5,shopping,visualwebarena/config_files/vwa/test_shopping.raw.json,IC1,,visualwebarena/config_files/vwa/test_shopping.raw.json#a29900b284ca7153a77fd5f37e38a26b4109648f5572acecbc422ba35a2748b5,
visualwebarena,89f5af29305c3d1e9f97ce4421462060a70c9a03,297,a29900b284ca7153a77fd5f37e38a26b4109648f5572acecbc422ba35a2748b5,shopping,visualwebarena/config_files/vwa/test_shopping.raw.json,IC2,,visualwebarena/config_files/vwa/test_shopping.raw.json#a29900b284ca7153a77fd5f37e38a26b4109648f5572acecbc422ba35a2748b5,
visualwebarena,89f5af29305c3d1e9f97ce4421462060a70c9a03,297,a29900b284ca7153a77fd5f37e38a26b4109648f5572acecbc422ba35a2748b5,shopping,visualwebarena/config_files/vwa/test_shopping.raw.json,IC3,,visualwebarena/config_files/vwa/test_shopping.raw.json#a29900b284ca7153a77fd5f37e38a26b4109648f5572acecbc422ba35a2748b5,
visualwebarena,89f5af29305c3d1e9f97ce4421462060a70c9a03,297,a29900b284ca7153a77fd5f37e38a26b4109648f5572acecbc422ba35a2748b5,shopping,visualwebarena/config_files/vwa/test_shopping.raw.json,IC4,,visualwebarena/config_files/vwa/test_shopping.raw.json#a29900b284ca7153a77fd5f37e38a26b4109648f5572acecbc422ba35a2748b5,
visualwebarena,89f5af29305c3d1e9f97ce4421462060a70c9a03,297,a29900b284ca7153a77fd5f37e38a26b4109648f5572acecbc422ba35a2748b5,shopping,visualwebarena/config_files/vwa/test_shopping.raw.json,IC5,,visualwebarena/config_files/vwa/test_shopping.raw.json#a29900b284ca7153a77fd5f37e38a26b4109648f5572acecbc422ba35a2748b5,
visualwebarena,89f5af29305c3d1e9f97ce4421462060a70c9a03,297,a29900b284ca7153a77fd5f37e38a26b4109648f5572acecbc422ba35a2748b5,shopping,visualwebarena/config_files/vwa/test_shopping.raw.json,IC6,,visualwebarena/config_files/vwa/test_shopping.raw.json#a29900b284ca7153a77fd5f37e38a26b4109648f5572acecbc422ba35a2748b5,
visualwebarena,89f5af29305c3d1e9f97ce4421462060a70c9a03,297,a29900b284ca7153a77fd5f37e38a26b4109648f5572acecbc422ba35a2748b5,shopping,visualwebarena/config_files/vwa/test_shopping.raw.json,IC7,,visualwebarena/config_files/vwa/test_shopping.raw.json#a29900b284ca7153a77fd5f37e38a26b4109648f5572acecbc422ba35a2748b5,
visualwebarena,89f5af29305c3d1e9f97ce4421462060a70c9a03,6,f591545b028feb4e1b84f00ded7d251bd9481b2b0309569432320a5a10f10fe9,shopping,visualwebarena/config_files/vwa/test_shopping.raw.json,IC1,,visualwebarena/config_files/vwa/test_shopping.raw.json#f591545b028feb4e1b84f00ded7d251bd9481b2b0309569432320a5a10f10fe9,
visualwebarena,89f5af29305c3d1e9f97ce4421462060a70c9a03,6,f591545b028feb4e1b84f00ded7d251bd9481b2b0309569432320a5a10f10fe9,shopping,visualwebarena/config_files/vwa/test_shopping.raw.json,IC2,,visualwebarena/config_files/vwa/test_shopping.raw.json#f591545b028feb4e1b84f00ded7d251bd9481b2b0309569432320a5a10f10fe9,
visualwebarena,89f5af29305c3d1e9f97ce4421462060a70c9a03,6,f591545b028feb4e1b84f00ded7d251bd9481b2b0309569432320a5a10f10fe9,shopping,visualwebarena/config_files/vwa/test_shopping.raw.json,IC3,,visualwebarena/config_files/vwa/test_shopping.raw.json#f591545b028feb4e1b84f00ded7d251bd9481b2b0309569432320a5a10f10fe9,
visualwebarena,89f5af29305c3d1e9f97ce4421462060a70c9a03,6,f591545b028feb4e1b84f00ded7d251bd9481b2b0309569432320a5a10f10fe9,shopping,visualwebarena/config_files/vwa/test_shopping.raw.json,IC4,,visualwebarena/config_files/vwa/test_shopping.raw.json#f591545b028feb4e1b84f00ded7d251bd9481b2b0309569432320a5a10f10fe9,
visualwebarena,89f5af29305c3d1e9f97ce4421462060a70c9a03,6,f591545b028feb4e1b84f00ded7d251bd9481b2b0309569432320a5a10f10fe9,shopping,visualwebarena/config_files/vwa/test_shopping.raw.json,IC5,,visualwebarena/config_files/vwa/test_shopping.raw.json#f591545b028feb4e1b84f00ded7d251bd9481b2b0309569432320a5a10f10fe9,
visualwebarena,89f5af29305c3d1e9f97ce4421462060a70c9a03,6,f591545b028feb4e1b84f00ded7d251bd9481b2b0309569432320a5a10f10fe9,shopping,visualwebarena/config_files/vwa/test_shopping.raw.json,IC6,,visualwebarena/config_files/vwa/test_shopping.raw.json#f591545b028feb4e1b84f00ded7d251bd9481b2b0309569432320a5a10f10fe9,
visualwebarena,89f5af29305c3d1e9f97ce4421462060a70c9a03,6,f591545b028feb4e1b84f00ded7d251bd9481b2b0309569432320a5a10f10fe9,shopping,visualwebarena/config_files/vwa/test_shopping.raw.json,IC7,,visualwebarena/config_files/vwa/test_shopping.raw.json#f591545b028feb4e1b84f00ded7d251bd9481b2b0309569432320a5a10f10fe9,
visualwebarena,89f5af29305c3d1e9f97ce4421462060a70c9a03,325,495fa72d276eebf5293b9a282209cd199a623ced74aed3f95f703ff52644cb45,shopping,visualwebarena/config_files/vwa/test_shopping.raw.json,IC1,,visualwebarena/config_files/vwa/test_shopping.raw.json#495fa72d276eebf5293b9a282209cd199a623ced74aed3f95f703ff52644cb45,
visualwebarena,89f5af29305c3d1e9f97ce4421462060a70c9a03,325,495fa72d276eebf5293b9a282209cd199a623ced74aed3f95f703ff52644cb45,shopping,visualwebarena/config_files/vwa/test_shopping.raw.json,IC2,,visualwebarena/config_files/vwa/test_shopping.raw.json#495fa72d276eebf5293b9a282209cd199a623ced74aed3f95f703ff52644cb45,
visualwebarena,89f5af29305c3d1e9f97ce4421462060a70c9a03,325,495fa72d276eebf5293b9a282209cd199a623ced74aed3f95f703ff52644cb45,shopping,visualwebarena/config_files/vwa/test_shopping.raw.json,IC3,,visualwebarena/config_files/vwa/test_shopping.raw.json#495fa72d276eebf5293b9a282209cd199a623ced74aed3f95f703ff52644cb45,
visualwebarena,89f5af29305c3d1e9f97ce4421462060a70c9a03,325,495fa72d276eebf5293b9a282209cd199a623ced74aed3f95f703ff52644cb45,shopping,visualwebarena/config_files/vwa/test_shopping.raw.json,IC4,,visualwebarena/config_files/vwa/test_shopping.raw.json#495fa72d276eebf5293b9a282209cd199a623ced74aed3f95f703ff52644cb45,
visualwebarena,89f5af29305c3d1e9f97ce4421462060a70c9a03,325,495fa72d276eebf5293b9a282209cd199a623ced74aed3f95f703ff52644cb45,shopping,visualwebarena/config_files/vwa/test_shopping.raw.json,IC5,,visualwebarena/config_files/vwa/test_shopping.raw.json#495fa72d276eebf5293b9a282209cd199a623ced74aed3f95f703ff52644cb45,
visualwebarena,89f5af29305c3d1e9f97ce4421462060a70c9a03,325,495fa72d276eebf5293b9a282209cd199a623ced74aed3f95f703ff52644cb45,shopping,visualwebarena/config_files/vwa/test_shopping.raw.json,IC6,,visualwebarena/config_files/vwa/test_shopping.raw.json#495fa72d276eebf5293b9a282209cd199a623ced74aed3f95f703ff52644cb45,
visualwebarena,89f5af29305c3d1e9f97ce4421462060a70c9a03,325,495fa72d276eebf5293b9a282209cd199a623ced74aed3f95f703ff52644cb45,shopping,visualwebarena/config_files/vwa/test_shopping.raw.json,IC7,,visualwebarena/config_files/vwa/test_shopping.raw.json#495fa72d276eebf5293b9a282209cd199a623ced74aed3f95f703ff52644cb45,
visualwebarena,89f5af29305c3d1e9f97ce4421462060a70c9a03,255,6361a91c45cc167fc672bb7485a10c46dc320db468cd5969edbe844dab01a3a4,shopping,visualwebarena/config_files/vwa/test_shopping.raw.json,IC1,,visualwebarena/config_files/vwa/test_shopping.raw.json#6361a91c45cc167fc672bb7485a10c46dc320db468cd5969edbe844dab01a3a4,
visualwebarena,89f5af29305c3d1e9f97ce4421462060a70c9a03,255,6361a91c45cc167fc672bb7485a10c46dc320db468cd5969edbe844dab01a3a4,shopping,visualwebarena/config_files/vwa/test_shopping.raw.json,IC2,,visualwebarena/config_files/vwa/test_shopping.raw.json#6361a91c45cc167fc672bb7485a10c46dc320db468cd5969edbe844dab01a3a4,
visualwebarena,89f5af29305c3d1e9f97ce4421462060a70c9a03,255,6361a91c45cc167fc672bb7485a10c46dc320db468cd5969edbe844dab01a3a4,shopping,visualwebarena/config_files/vwa/test_shopping.raw.json,IC3,,visualwebarena/config_files/vwa/test_shopping.raw.json#6361a91c45cc167fc672bb7485a10c46dc320db468cd5969edbe844dab01a3a4,
visualwebarena,89f5af29305c3d1e9f97ce4421462060a70c9a03,255,6361a91c45cc167fc672bb7485a10c46dc320db468cd5969edbe844dab01a3a4,shopping,visualwebarena/config_files/vwa/test_shopping.raw.json,IC4,,visualwebarena/config_files/vwa/test_shopping.raw.json#6361a91c45cc167fc672bb7485a10c46dc320db468cd5969edbe844dab01a3a4,
visualwebarena,89f5af29305c3d1e9f97ce4421462060a70c9a03,255,6361a91c45cc167fc672bb7485a10c46dc320db468cd5969edbe844dab01a3a4,shopping,visualwebarena/config_files/vwa/test_shopping.raw.json,IC5,,visualwebarena/config_files/vwa/test_shopping.raw.json#6361a91c45cc167fc672bb7485a10c46dc320db468cd5969edbe844dab01a3a4,
visualwebarena,89f5af29305c3d1e9f97ce4421462060a70c9a03,255,6361a91c45cc167fc672bb7485a10c46dc320db468cd5969edbe844dab01a3a4,shopping,visualwebarena/config_files/vwa/test_shopping.raw.json,IC6,,visualwebarena/config_files/vwa/test_shopping.raw.json#6361a91c45cc167fc672bb7485a10c46dc320db468cd5969edbe844dab01a3a4,
visualwebarena,89f5af29305c3d1e9f97ce4421462060a70c9a03,255,6361a91c45cc167fc672bb7485a10c46dc320db468cd5969edbe844dab01a3a4,shopping,visualwebarena/config_files/vwa/test_shopping.raw.json,IC7,,visualwebarena/config_files/vwa/test_shopping.raw.json#6361a91c45cc167fc672bb7485a10c46dc320db468cd5969edbe844dab01a3a4,
visualwebarena,89f5af29305c3d1e9f97ce4421462060a70c9a03,39,bead69b3a2c95e1e520ce326be3369c0328c6b28df4121909683e1f2392efc22,shopping,visualwebarena/config_files/vwa/test_shopping.raw.json,IC1,,visualwebarena/config_files/vwa/test_shopping.raw.json#bead69b3a2c95e1e520ce326be3369c0328c6b28df4121909683e1f2392efc22,
visualwebarena,89f5af29305c3d1e9f97ce4421462060a70c9a03,39,bead69b3a2c95e1e520ce326be3369c0328c6b28df4121909683e1f2392efc22,shopping,visualwebarena/config_files/vwa/test_shopping.raw.json,IC2,,visualwebarena/config_files/vwa/test_shopping.raw.json#bead69b3a2c95e1e520ce326be3369c0328c6b28df4121909683e1f2392efc22,
visualwebarena,89f5af29305c3d1e9f97ce4421462060a70c9a03,39,bead69b3a2c95e1e520ce326be3369c0328c6b28df4121909683e1f2392efc22,shopping,visualwebarena/config_files/vwa/test_shopping.raw.json,IC3,,visualwebarena/config_files/vwa/test_shopping.raw.json#bead69b3a2c95e1e520ce326be3369c0328c6b28df4121909683e1f2392efc22,
visualwebarena,89f5af29305c3d1e9f97ce4421462060a70c9a03,39,bead69b3a2c95e1e520ce326be3369c0328c6b28df4121909683e1f2392efc22,shopping,visualwebarena/config_files/vwa/test_shopping.raw.json,IC4,,visualwebarena/config_files/vwa/test_shopping.raw.json#bead69b3a2c95e1e520ce326be3369c0328c6b28df4121909683e1f2392efc22,
visualwebarena,89f5af29305c3d1e9f97ce4421462060a70c9a03,39,bead69b3a2c95e1e520ce326be3369c0328c6b28df4121909683e1f2392efc22,shopping,visualwebarena/config_files/vwa/test_shopping.raw.json,IC5,,visualwebarena/config_files/vwa/test_shopping.raw.json#bead69b3a2c95e1e520ce326be3369c0328c6b28df4121909683e1f2392efc22,
visualwebarena,89f5af29305c3d1e9f97ce4421462060a70c9a03,39,bead69b3a2c95e1e520ce326be3369c0328c6b28df4121909683e1f2392efc22,shopping,visualwebarena/config_files/vwa/test_shopping.raw.json,IC6,,visualwebarena/config_files/vwa/test_shopping.raw.json#bead69b3a2c95e1e520ce326be3369c0328c6b28df4121909683e1f2392efc22,
visualwebarena,89f5af29305c3d1e9f97ce4421462060a70c9a03,39,bead69b3a2c95e1e520ce326be3369c0328c6b28df4121909683e1f2392efc22,shopping,visualwebarena/config_files/vwa/test_shopping.raw.json,IC7,,visualwebarena/config_files/vwa/test_shopping.raw.json#bead69b3a2c95e1e520ce326be3369c0328c6b28df4121909683e1f2392efc22,
visualwebarena,89f5af29305c3d1e9f97ce4421462060a70c9a03,34,fb1593688892a23365d33de8d330397537debb7ff7926f8f763351b586684b11,shopping,visualwebarena/config_files/vwa/test_shopping.raw.json,IC1,,visualwebarena/config_files/vwa/test_shopping.raw.json#fb1593688892a23365d33de8d330397537debb7ff7926f8f763351b586684b11,
visualwebarena,89f5af29305c3d1e9f97ce4421462060a70c9a03,34,fb1593688892a23365d33de8d330397537debb7ff7926f8f763351b586684b11,shopping,visualwebarena/config_files/vwa/test_shopping.raw.json,IC2,,visualwebarena/config_files/vwa/test_shopping.raw.json#fb1593688892a23365d33de8d330397537debb7ff7926f8f763351b586684b11,
visualwebarena,89f5af29305c3d1e9f97ce4421462060a70c9a03,34,fb1593688892a23365d33de8d330397537debb7ff7926f8f763351b586684b11,shopping,visualwebarena/config_files/vwa/test_shopping.raw.json,IC3,,visualwebarena/config_files/vwa/test_shopping.raw.json#fb1593688892a23365d33de8d330397537debb7ff7926f8f763351b586684b11,
visualwebarena,89f5af29305c3d1e9f97ce4421462060a70c9a03,34,fb1593688892a23365d33de8d330397537debb7ff7926f8f763351b586684b11,shopping,visualwebarena/config_files/vwa/test_shopping.raw.json,IC4,,visualwebarena/config_files/vwa/test_shopping.raw.json#fb1593688892a23365d33de8d330397537debb7ff7926f8f763351b586684b11,
visualwebarena,89f5af29305c3d1e9f97ce4421462060a70c9a03,34,fb1593688892a23365d33de8d330397537debb7ff7926f8f763351b586684b11,shopping,visualwebarena/config_files/vwa/test_shopping.raw.json,IC5,,visualwebarena/config_files/vwa/test_shopping.raw.json#fb1593688892a23365d33de8d330397537debb7ff7926f8f763351b586684b11,
visualwebarena,89f5af29305c3d1e9f97ce4421462060a70c9a03,34,fb1593688892a23365d33de8d330397537debb7ff7926f8f763351b586684b11,shopping,visualwebarena/config_files/vwa/test_shopping.raw.json,IC6,,visualwebarena/config_files/vwa/test_shopping.raw.json#fb1593688892a23365d33de8d330397537debb7ff7926f8f763351b586684b11,
visualwebarena,89f5af29305c3d1e9f97ce4421462060a70c9a03,34,fb1593688892a23365d33de8d330397537debb7ff7926f8f763351b586684b11,shopping,visualwebarena/config_files/vwa/test_shopping.raw.json,IC7,,visualwebarena/config_files/vwa/test_shopping.raw.json#fb1593688892a23365d33de8d330397537debb7ff7926f8f763351b586684b11,
visualwebarena,89f5af29305c3d1e9f97ce4421462060a70c9a03,405,47189141b7da8becbae562622fd885c8fdf1c6f7a9b44f338146a94cf155fabd,shopping,visualwebarena/config_files/vwa/test_shopping.raw.json,IC1,,visualwebarena/config_files/vwa/test_shopping.raw.json#47189141b7da8becbae562622fd885c8fdf1c6f7a9b44f338146a94cf155fabd,
visualwebarena,89f5af29305c3d1e9f97ce4421462060a70c9a03,405,47189141b7da8becbae562622fd885c8fdf1c6f7a9b44f338146a94cf155fabd,shopping,visualwebarena/config_files/vwa/test_shopping.raw.json,IC2,,visualwebarena/config_files/vwa/test_shopping.raw.json#47189141b7da8becbae562622fd885c8fdf1c6f7a9b44f338146a94cf155fabd,
visualwebarena,89f5af29305c3d1e9f97ce4421462060a70c9a03,405,47189141b7da8becbae562622fd885c8fdf1c6f7a9b44f338146a94cf155fabd,shopping,visualwebarena/config_files/vwa/test_shopping.raw.json,IC3,,visualwebarena/config_files/vwa/test_shopping.raw.json#47189141b7da8becbae562622fd885c8fdf1c6f7a9b44f338146a94cf155fabd,
visualwebarena,89f5af29305c3d1e9f97ce4421462060a70c9a03,405,47189141b7da8becbae562622fd885c8fdf1c6f7a9b44f338146a94cf155fabd,shopping,visualwebarena/config_files/vwa/test_shopping.raw.json,IC4,,visualwebarena/config_files/vwa/test_shopping.raw.json#47189141b7da8becbae562622fd885c8fdf1c6f7a9b44f338146a94cf155fabd,
visualwebarena,89f5af29305c3d1e9f97ce4421462060a70c9a03,405,47189141b7da8becbae562622fd885c8fdf1c6f7a9b44f338146a94cf155fabd,shopping,visualwebarena/config_files/vwa/test_shopping.raw.json,IC5,,visualwebarena/config_files/vwa/test_shopping.raw.json#47189141b7da8becbae562622fd885c8fdf1c6f7a9b44f338146a94cf155fabd,
visualwebarena,89f5af29305c3d1e9f97ce4421462060a70c9a03,405,47189141b7da8becbae562622fd885c8fdf1c6f7a9b44f338146a94cf155fabd,shopping,visualwebarena/config_files/vwa/test_shopping.raw.json,IC6,,visualwebarena/config_files/vwa/test_shopping.raw.json#47189141b7da8becbae562622fd885c8fdf1c6f7a9b44f338146a94cf155fabd,
visualwebarena,89f5af29305c3d1e9f97ce4421462060a70c9a03,405,47189141b7da8becbae562622fd885c8fdf1c6f7a9b44f338146a94cf155fabd,shopping,visualwebarena/config_files/vwa/test_shopping.raw.json,IC7,,visualwebarena/config_files/vwa/test_shopping.raw.json#47189141b7da8becbae562622fd885c8fdf1c6f7a9b44f338146a94cf155fabd,
visualwebarena,89f5af29305c3d1e9f97ce4421462060a70c9a03,38,50eaf80d75190d858573d47cf459bcbb016061a4e5bbaba9565f2175a243375c,shopping,visualwebarena/config_files/vwa/test_shopping.raw.json,IC1,,visualwebarena/config_files/vwa/test_shopping.raw.json#50eaf80d75190d858573d47cf459bcbb016061a4e5bbaba9565f2175a243375c,
visualwebarena,89f5af29305c3d1e9f97ce4421462060a70c9a03,38,50eaf80d75190d858573d47cf459bcbb016061a4e5bbaba9565f2175a243375c,shopping,visualwebarena/config_files/vwa/test_shopping.raw.json,IC2,,visualwebarena/config_files/vwa/test_shopping.raw.json#50eaf80d75190d858573d47cf459bcbb016061a4e5bbaba9565f2175a243375c,
visualwebarena,89f5af29305c3d1e9f97ce4421462060a70c9a03,38,50eaf80d75190d858573d47cf459bcbb016061a4e5bbaba9565f2175a243375c,shopping,visualwebarena/config_files/vwa/test_shopping.raw.json,IC3,,visualwebarena/config_files/vwa/test_shopping.raw.json#50eaf80d75190d858573d47cf459bcbb016061a4e5bbaba9565f2175a243375c,
visualwebarena,89f5af29305c3d1e9f97ce4421462060a70c9a03,38,50eaf80d75190d858573d47cf459bcbb016061a4e5bbaba9565f2175a243375c,shopping,visualwebarena/config_files/vwa/test_shopping.raw.json,IC4,,visualwebarena/config_files/vwa/test_shopping.raw.json#50eaf80d75190d858573d47cf459bcbb016061a4e5bbaba9565f2175a243375c,
visualwebarena,89f5af29305c3d1e9f97ce4421462060a70c9a03,38,50eaf80d75190d858573d47cf459bcbb016061a4e5bbaba9565f2175a243375c,shopping,visualwebarena/config_files/vwa/test_shopping.raw.json,IC5,,visualwebarena/config_files/vwa/test_shopping.raw.json#50eaf80d75190d858573d47cf459bcbb016061a4e5bbaba9565f2175a243375c,
visualwebarena,89f5af29305c3d1e9f97ce4421462060a70c9a03,38,50eaf80d75190d858573d47cf459bcbb016061a4e5bbaba9565f2175a243375c,shopping,visualwebarena/config_files/vwa/test_shopping.raw.json,IC6,,visualwebarena/config_files/vwa/test_shopping.raw.json#50eaf80d75190d858573d47cf459bcbb016061a4e5bbaba9565f2175a243375c,
visualwebarena,89f5af29305c3d1e9f97ce4421462060a70c9a03,38,50eaf80d75190d858573d47cf459bcbb016061a4e5bbaba9565f2175a243375c,shopping,visualwebarena/config_files/vwa/test_shopping.raw.json,IC7,,visualwebarena/config_files/vwa/test_shopping.raw.json#50eaf80d75190d858573d47cf459bcbb016061a4e5bbaba9565f2175a243375c,
visualwebarena,89f5af29305c3d1e9f97ce4421462060a70c9a03,75,3d274084682cf2e069b0cfc4c3cae1f8ed66385f640f0c8c3e374c60e5e91514,shopping,visualwebarena/config_files/vwa/test_shopping.raw.json,IC1,,visualwebarena/config_files/vwa/test_shopping.raw.json#3d274084682cf2e069b0cfc4c3cae1f8ed66385f640f0c8c3e374c60e5e91514,
visualwebarena,89f5af29305c3d1e9f97ce4421462060a70c9a03,75,3d274084682cf2e069b0cfc4c3cae1f8ed66385f640f0c8c3e374c60e5e91514,shopping,visualwebarena/config_files/vwa/test_shopping.raw.json,IC2,,visualwebarena/config_files/vwa/test_shopping.raw.json#3d274084682cf2e069b0cfc4c3cae1f8ed66385f640f0c8c3e374c60e5e91514,
visualwebarena,89f5af29305c3d1e9f97ce4421462060a70c9a03,75,3d274084682cf2e069b0cfc4c3cae1f8ed66385f640f0c8c3e374c60e5e91514,shopping,visualwebarena/config_files/vwa/test_shopping.raw.json,IC3,,visualwebarena/config_files/vwa/test_shopping.raw.json#3d274084682cf2e069b0cfc4c3cae1f8ed66385f640f0c8c3e374c60e5e91514,
visualwebarena,89f5af29305c3d1e9f97ce4421462060a70c9a03,75,3d274084682cf2e069b0cfc4c3cae1f8ed66385f640f0c8c3e374c60e5e91514,shopping,visualwebarena/config_files/vwa/test_shopping.raw.json,IC4,,visualwebarena/config_files/vwa/test_shopping.raw.json#3d274084682cf2e069b0cfc4c3cae1f8ed66385f640f0c8c3e374c60e5e91514,
visualwebarena,89f5af29305c3d1e9f97ce4421462060a70c9a03,75,3d274084682cf2e069b0cfc4c3cae1f8ed66385f640f0c8c3e374c60e5e91514,shopping,visualwebarena/config_files/vwa/test_shopping.raw.json,IC5,,visualwebarena/config_files/vwa/test_shopping.raw.json#3d274084682cf2e069b0cfc4c3cae1f8ed66385f640f0c8c3e374c60e5e91514,
visualwebarena,89f5af29305c3d1e9f97ce4421462060a70c9a03,75,3d274084682cf2e069b0cfc4c3cae1f8ed66385f640f0c8c3e374c60e5e91514,shopping,visualwebarena/config_files/vwa/test_shopping.raw.json,IC6,,visualwebarena/config_files/vwa/test_shopping.raw.json#3d274084682cf2e069b0cfc4c3cae1f8ed66385f640f0c8c3e374c60e5e91514,
visualwebarena,89f5af29305c3d1e9f97ce4421462060a70c9a03,75,3d274084682cf2e069b0cfc4c3cae1f8ed66385f640f0c8c3e374c60e5e91514,shopping,visualwebarena/config_files/vwa/test_shopping.raw.json,IC7,,visualwebarena/config_files/vwa/test_shopping.raw.json#3d274084682cf2e069b0cfc4c3cae1f8ed66385f640f0c8c3e374c60e5e91514,
visualwebarena,89f5af29305c3d1e9f97ce4421462060a70c9a03,213,4172430648c43e847e71dbe00b643a8072c5ed3456778300ef2696dd4b2dbaed,shopping,visualwebarena/config_files/vwa/test_shopping.raw.json,IC1,,visualwebarena/config_files/vwa/test_shopping.raw.json#4172430648c43e847e71dbe00b643a8072c5ed3456778300ef2696dd4b2dbaed,
visualwebarena,89f5af29305c3d1e9f97ce4421462060a70c9a03,213,4172430648c43e847e71dbe00b643a8072c5ed3456778300ef2696dd4b2dbaed,shopping,visualwebarena/config_files/vwa/test_shopping.raw.json,IC2,,visualwebarena/config_files/vwa/test_shopping.raw.json#4172430648c43e847e71dbe00b643a8072c5ed3456778300ef2696dd4b2dbaed,
visualwebarena,89f5af29305c3d1e9f97ce4421462060a70c9a03,213,4172430648c43e847e71dbe00b643a8072c5ed3456778300ef2696dd4b2dbaed,shopping,visualwebarena/config_files/vwa/test_shopping.raw.json,IC3,,visualwebarena/config_files/vwa/test_shopping.raw.json#4172430648c43e847e71dbe00b643a8072c5ed3456778300ef2696dd4b2dbaed,
visualwebarena,89f5af29305c3d1e9f97ce4421462060a70c9a03,213,4172430648c43e847e71dbe00b643a8072c5ed3456778300ef2696dd4b2dbaed,shopping,visualwebarena/config_files/vwa/test_shopping.raw.json,IC4,,visualwebarena/config_files/vwa/test_shopping.raw.json#4172430648c43e847e71dbe00b643a8072c5ed3456778300ef2696dd4b2dbaed,
visualwebarena,89f5af29305c3d1e9f97ce4421462060a70c9a03,213,4172430648c43e847e71dbe00b643a8072c5ed3456778300ef2696dd4b2dbaed,shopping,visualwebarena/config_files/vwa/test_shopping.raw.json,IC5,,visualwebarena/config_files/vwa/test_shopping.raw.json#4172430648c43e847e71dbe00b643a8072c5ed3456778300ef2696dd4b2dbaed,
visualwebarena,89f5af29305c3d1e9f97ce4421462060a70c9a03,213,4172430648c43e847e71dbe00b643a8072c5ed3456778300ef2696dd4b2dbaed,shopping,visualwebarena/config_files/vwa/test_shopping.raw.json,IC6,,visualwebarena/config_files/vwa/test_shopping.raw.json#4172430648c43e847e71dbe00b643a8072c5ed3456778300ef2696dd4b2dbaed,
visualwebarena,89f5af29305c3d1e9f97ce4421462060a70c9a03,213,4172430648c43e847e71dbe00b643a8072c5ed3456778300ef2696dd4b2dbaed,shopping,visualwebarena/config_files/vwa/test_shopping.raw.json,IC7,,visualwebarena/config_files/vwa/test_shopping.raw.json#4172430648c43e847e71dbe00b643a8072c5ed3456778300ef2696dd4b2dbaed,
visualwebarena,89f5af29305c3d1e9f97ce4421462060a70c9a03,89,9bb959cf1b0d5dcd59340c325d194887027868d284fe03039e6293e2fa5414dd,shopping,visualwebarena/config_files/vwa/test_shopping.raw.json,IC1,,visualwebarena/config_files/vwa/test_shopping.raw.json#9bb959cf1b0d5dcd59340c325d194887027868d284fe03039e6293e2fa5414dd,
visualwebarena,89f5af29305c3d1e9f97ce4421462060a70c9a03,89,9bb959cf1b0d5dcd59340c325d194887027868d284fe03039e6293e2fa5414dd,shopping,visualwebarena/config_files/vwa/test_shopping.raw.json,IC2,,visualwebarena/config_files/vwa/test_shopping.raw.json#9bb959cf1b0d5dcd59340c325d194887027868d284fe03039e6293e2fa5414dd,
visualwebarena,89f5af29305c3d1e9f97ce4421462060a70c9a03,89,9bb959cf1b0d5dcd59340c325d194887027868d284fe03039e6293e2fa5414dd,shopping,visualwebarena/config_files/vwa/test_shopping.raw.json,IC3,,visualwebarena/config_files/vwa/test_shopping.raw.json#9bb959cf1b0d5dcd59340c325d194887027868d284fe03039e6293e2fa5414dd,
visualwebarena,89f5af29305c3d1e9f97ce4421462060a70c9a03,89,9bb959cf1b0d5dcd59340c325d194887027868d284fe03039e6293e2fa5414dd,shopping,visualwebarena/config_files/vwa/test_shopping.raw.json,IC4,,visualwebarena/config_files/vwa/test_shopping.raw.json#9bb959cf1b0d5dcd59340c325d194887027868d284fe03039e6293e2fa5414dd,
visualwebarena,89f5af29305c3d1e9f97ce4421462060a70c9a03,89,9bb959cf1b0d5dcd59340c325d194887027868d284fe03039e6293e2fa5414dd,shopping,visualwebarena/config_files/vwa/test_shopping.raw.json,IC5,,visualwebarena/config_files/vwa/test_shopping.raw.json#9bb959cf1b0d5dcd59340c325d194887027868d284fe03039e6293e2fa5414dd,
visualwebarena,89f5af29305c3d1e9f97ce4421462060a70c9a03,89,9bb959cf1b0d5dcd59340c325d194887027868d284fe03039e6293e2fa5414dd,shopping,visualwebarena/config_files/vwa/test_shopping.raw.json,IC6,,visualwebarena/config_files/vwa/test_shopping.raw.json#9bb959cf1b0d5dcd59340c325d194887027868d284fe03039e6293e2fa5414dd,
visualwebarena,89f5af29305c3d1e9f97ce4421462060a70c9a03,89,9bb959cf1b0d5dcd59340c325d194887027868d284fe03039e6293e2fa5414dd,shopping,visualwebarena/config_files/vwa/test_shopping.raw.json,IC7,,visualwebarena/config_files/vwa/test_shopping.raw.json#9bb959cf1b0d5dcd59340c325d194887027868d284fe03039e6293e2fa5414dd,
visualwebarena,89f5af29305c3d1e9f97ce4421462060a70c9a03,46,7a7b38bf51371f7aff746d17c32cf9f4ee471ff5813cbebf2b5bc728cc0d7349,shopping,visualwebarena/config_files/vwa/test_shopping.raw.json,IC1,,visualwebarena/config_files/vwa/test_shopping.raw.json#7a7b38bf51371f7aff746d17c32cf9f4ee471ff5813cbebf2b5bc728cc0d7349,
visualwebarena,89f5af29305c3d1e9f97ce4421462060a70c9a03,46,7a7b38bf51371f7aff746d17c32cf9f4ee471ff5813cbebf2b5bc728cc0d7349,shopping,visualwebarena/config_files/vwa/test_shopping.raw.json,IC2,,visualwebarena/config_files/vwa/test_shopping.raw.json#7a7b38bf51371f7aff746d17c32cf9f4ee471ff5813cbebf2b5bc728cc0d7349,
visualwebarena,89f5af29305c3d1e9f97ce4421462060a70c9a03,46,7a7b38bf51371f7aff746d17c32cf9f4ee471ff5813cbebf2b5bc728cc0d7349,shopping,visualwebarena/config_files/vwa/test_shopping.raw.json,IC3,,visualwebarena/config_files/vwa/test_shopping.raw.json#7a7b38bf51371f7aff746d17c32cf9f4ee471ff5813cbebf2b5bc728cc0d7349,
visualwebarena,89f5af29305c3d1e9f97ce4421462060a70c9a03,46,7a7b38bf51371f7aff746d17c32cf9f4ee471ff5813cbebf2b5bc728cc0d7349,shopping,visualwebarena/config_files/vwa/test_shopping.raw.json,IC4,,visualwebarena/config_files/vwa/test_shopping.raw.json#7a7b38bf51371f7aff746d17c32cf9f4ee471ff5813cbebf2b5bc728cc0d7349,
visualwebarena,89f5af29305c3d1e9f97ce4421462060a70c9a03,46,7a7b38bf51371f7aff746d17c32cf9f4ee471ff5813cbebf2b5bc728cc0d7349,shopping,visualwebarena/config_files/vwa/test_shopping.raw.json,IC5,,visualwebarena/config_files/vwa/test_shopping.raw.json#7a7b38bf51371f7aff746d17c32cf9f4ee471ff5813cbebf2b5bc728cc0d7349,
visualwebarena,89f5af29305c3d1e9f97ce4421462060a70c9a03,46,7a7b38bf51371f7aff746d17c32cf9f4ee471ff5813cbebf2b5bc728cc0d7349,shopping,visualwebarena/config_files/vwa/test_shopping.raw.json,IC6,,visualwebarena/config_files/vwa/test_shopping.raw.json#7a7b38bf51371f7aff746d17c32cf9f4ee471ff5813cbebf2b5bc728cc0d7349,
visualwebarena,89f5af29305c3d1e9f97ce4421462060a70c9a03,46,7a7b38bf51371f7aff746d17c32cf9f4ee471ff5813cbebf2b5bc728cc0d7349,shopping,visualwebarena/config_files/vwa/test_shopping.raw.json,IC7,,visualwebarena/config_files/vwa/test_shopping.raw.json#7a7b38bf51371f7aff746d17c32cf9f4ee471ff5813cbebf2b5bc728cc0d7349,
visualwebarena,89f5af29305c3d1e9f97ce4421462060a70c9a03,20,041d18e7b855113d91b35993ae2d0f356a4b484c2f6492cdf90e949cf73bd89c,shopping,visualwebarena/config_files/vwa/test_shopping.raw.json,IC1,,visualwebarena/config_files/vwa/test_shopping.raw.json#041d18e7b855113d91b35993ae2d0f356a4b484c2f6492cdf90e949cf73bd89c,
visualwebarena,89f5af29305c3d1e9f97ce4421462060a70c9a03,20,041d18e7b855113d91b35993ae2d0f356a4b484c2f6492cdf90e949cf73bd89c,shopping,visualwebarena/config_files/vwa/test_shopping.raw.json,IC2,,visualwebarena/config_files/vwa/test_shopping.raw.json#041d18e7b855113d91b35993ae2d0f356a4b484c2f6492cdf90e949cf73bd89c,
visualwebarena,89f5af29305c3d1e9f97ce4421462060a70c9a03,20,041d18e7b855113d91b35993ae2d0f356a4b484c2f6492cdf90e949cf73bd89c,shopping,visualwebarena/config_files/vwa/test_shopping.raw.json,IC3,,visualwebarena/config_files/vwa/test_shopping.raw.json#041d18e7b855113d91b35993ae2d0f356a4b484c2f6492cdf90e949cf73bd89c,
visualwebarena,89f5af29305c3d1e9f97ce4421462060a70c9a03,20,041d18e7b855113d91b35993ae2d0f356a4b484c2f6492cdf90e949cf73bd89c,shopping,visualwebarena/config_files/vwa/test_shopping.raw.json,IC4,,visualwebarena/config_files/vwa/test_shopping.raw.json#041d18e7b855113d91b35993ae2d0f356a4b484c2f6492cdf90e949cf73bd89c,
visualwebarena,89f5af29305c3d1e9f97ce4421462060a70c9a03,20,041d18e7b855113d91b35993ae2d0f356a4b484c2f6492cdf90e949cf73bd89c,shopping,visualwebarena/config_files/vwa/test_shopping.raw.json,IC5,,visualwebarena/config_files/vwa/test_shopping.raw.json#041d18e7b855113d91b35993ae2d0f356a4b484c2f6492cdf90e949cf73bd89c,
visualwebarena,89f5af29305c3d1e9f97ce4421462060a70c9a03,20,041d18e7b855113d91b35993ae2d0f356a4b484c2f6492cdf90e949cf73bd89c,shopping,visualwebarena/config_files/vwa/test_shopping.raw.json,IC6,,visualwebarena/config_files/vwa/test_shopping.raw.json#041d18e7b855113d91b35993ae2d0f356a4b484c2f6492cdf90e949cf73bd89c,
visualwebarena,89f5af29305c3d1e9f97ce4421462060a70c9a03,20,041d18e7b855113d91b35993ae2d0f356a4b484c2f6492cdf90e949cf73bd89c,shopping,visualwebarena/config_files/vwa/test_shopping.raw.json,IC7,,visualwebarena/config_files/vwa/test_shopping.raw.json#041d18e7b855113d91b35993ae2d0f356a4b484c2f6492cdf90e949cf73bd89c,
visualwebarena,89f5af29305c3d1e9f97ce4421462060a70c9a03,256,957d5551311f31d7cd0c831d85811afc2e48635b12fee6a6e2c52dd83fe94a77,shopping,visualwebarena/config_files/vwa/test_shopping.raw.json,IC1,,visualwebarena/config_files/vwa/test_shopping.raw.json#957d5551311f31d7cd0c831d85811afc2e48635b12fee6a6e2c52dd83fe94a77,
visualwebarena,89f5af29305c3d1e9f97ce4421462060a70c9a03,256,957d5551311f31d7cd0c831d85811afc2e48635b12fee6a6e2c52dd83fe94a77,shopping,visualwebarena/config_files/vwa/test_shopping.raw.json,IC2,,visualwebarena/config_files/vwa/test_shopping.raw.json#957d5551311f31d7cd0c831d85811afc2e48635b12fee6a6e2c52dd83fe94a77,
visualwebarena,89f5af29305c3d1e9f97ce4421462060a70c9a03,256,957d5551311f31d7cd0c831d85811afc2e48635b12fee6a6e2c52dd83fe94a77,shopping,visualwebarena/config_files/vwa/test_shopping.raw.json,IC3,,visualwebarena/config_files/vwa/test_shopping.raw.json#957d5551311f31d7cd0c831d85811afc2e48635b12fee6a6e2c52dd83fe94a77,
visualwebarena,89f5af29305c3d1e9f97ce4421462060a70c9a03,256,957d5551311f31d7cd0c831d85811afc2e48635b12fee6a6e2c52dd83fe94a77,shopping,visualwebarena/config_files/vwa/test_shopping.raw.json,IC4,,visualwebarena/config_files/vwa/test_shopping.raw.json#957d5551311f31d7cd0c831d85811afc2e48635b12fee6a6e2c52dd83fe94a77,
visualwebarena,89f5af29305c3d1e9f97ce4421462060a70c9a03,256,957d5551311f31d7cd0c831d85811afc2e48635b12fee6a6e2c52dd83fe94a77,shopping,visualwebarena/config_files/vwa/test_shopping.raw.json,IC5,,visualwebarena/config_files/vwa/test_shopping.raw.json#957d5551311f31d7cd0c831d85811afc2e48635b12fee6a6e2c52dd83fe94a77,
visualwebarena,89f5af29305c3d1e9f97ce4421462060a70c9a03,256,957d5551311f31d7cd0c831d85811afc2e48635b12fee6a6e2c52dd83fe94a77,shopping,visualwebarena/config_files/vwa/test_shopping.raw.json,IC6,,visualwebarena/config_files/vwa/test_shopping.raw.json#957d5551311f31d7cd0c831d85811afc2e48635b12fee6a6e2c52dd83fe94a77,
visualwebarena,89f5af29305c3d1e9f97ce4421462060a70c9a03,256,957d5551311f31d7cd0c831d85811afc2e48635b12fee6a6e2c52dd83fe94a77,shopping,visualwebarena/config_files/vwa/test_shopping.raw.json,IC7,,visualwebarena/config_files/vwa/test_shopping.raw.json#957d5551311f31d7cd0c831d85811afc2e48635b12fee6a6e2c52dd83fe94a77,
visualwebarena,89f5af29305c3d1e9f97ce4421462060a70c9a03,293,f22b0623c8c368fdf6e9516d3ebd3b99f1c316f75048bc8c3d405afce11d84dc,shopping,visualwebarena/config_files/vwa/test_shopping.raw.json,IC1,,visualwebarena/config_files/vwa/test_shopping.raw.json#f22b0623c8c368fdf6e9516d3ebd3b99f1c316f75048bc8c3d405afce11d84dc,
visualwebarena,89f5af29305c3d1e9f97ce4421462060a70c9a03,293,f22b0623c8c368fdf6e9516d3ebd3b99f1c316f75048bc8c3d405afce11d84dc,shopping,visualwebarena/config_files/vwa/test_shopping.raw.json,IC2,,visualwebarena/config_files/vwa/test_shopping.raw.json#f22b0623c8c368fdf6e9516d3ebd3b99f1c316f75048bc8c3d405afce11d84dc,
visualwebarena,89f5af29305c3d1e9f97ce4421462060a70c9a03,293,f22b0623c8c368fdf6e9516d3ebd3b99f1c316f75048bc8c3d405afce11d84dc,shopping,visualwebarena/config_files/vwa/test_shopping.raw.json,IC3,,visualwebarena/config_files/vwa/test_shopping.raw.json#f22b0623c8c368fdf6e9516d3ebd3b99f1c316f75048bc8c3d405afce11d84dc,
visualwebarena,89f5af29305c3d1e9f97ce4421462060a70c9a03,293,f22b0623c8c368fdf6e9516d3ebd3b99f1c316f75048bc8c3d405afce11d84dc,shopping,visualwebarena/config_files/vwa/test_shopping.raw.json,IC4,,visualwebarena/config_files/vwa/test_shopping.raw.json#f22b0623c8c368fdf6e9516d3ebd3b99f1c316f75048bc8c3d405afce11d84dc,
visualwebarena,89f5af29305c3d1e9f97ce4421462060a70c9a03,293,f22b0623c8c368fdf6e9516d3ebd3b99f1c316f75048bc8c3d405afce11d84dc,shopping,visualwebarena/config_files/vwa/test_shopping.raw.json,IC5,,visualwebarena/config_files/vwa/test_shopping.raw.json#f22b0623c8c368fdf6e9516d3ebd3b99f1c316f75048bc8c3d405afce11d84dc,
visualwebarena,89f5af29305c3d1e9f97ce4421462060a70c9a03,293,f22b0623c8c368fdf6e9516d3ebd3b99f1c316f75048bc8c3d405afce11d84dc,shopping,visualwebarena/config_files/vwa/test_shopping.raw.json,IC6,,visualwebarena/config_files/vwa/test_shopping.raw.json#f22b0623c8c368fdf6e9516d3ebd3b99f1c316f75048bc8c3d405afce11d84dc,
visualwebarena,89f5af29305c3d1e9f97ce4421462060a70c9a03,293,f22b0623c8c368fdf6e9516d3ebd3b99f1c316f75048bc8c3d405afce11d84dc,shopping,visualwebarena/config_files/vwa/test_shopping.raw.json,IC7,,visualwebarena/config_files/vwa/test_shopping.raw.json#f22b0623c8c368fdf6e9516d3ebd3b99f1c316f75048bc8c3d405afce11d84dc,
visualwebarena,89f5af29305c3d1e9f97ce4421462060a70c9a03,283,fc9d795564afecb698f7fe824dee9798b1caa1e045c16ed6b2d8d36cc6bd86e4,shopping,visualwebarena/config_files/vwa/test_shopping.raw.json,IC1,,visualwebarena/config_files/vwa/test_shopping.raw.json#fc9d795564afecb698f7fe824dee9798b1caa1e045c16ed6b2d8d36cc6bd86e4,
visualwebarena,89f5af29305c3d1e9f97ce4421462060a70c9a03,283,fc9d795564afecb698f7fe824dee9798b1caa1e045c16ed6b2d8d36cc6bd86e4,shopping,visualwebarena/config_files/vwa/test_shopping.raw.json,IC2,,visualwebarena/config_files/vwa/test_shopping.raw.json#fc9d795564afecb698f7fe824dee9798b1caa1e045c16ed6b2d8d36cc6bd86e4,
visualwebarena,89f5af29305c3d1e9f97ce4421462060a70c9a03,283,fc9d795564afecb698f7fe824dee9798b1caa1e045c16ed6b2d8d36cc6bd86e4,shopping,visualwebarena/config_files/vwa/test_shopping.raw.json,IC3,,visualwebarena/config_files/vwa/test_shopping.raw.json#fc9d795564afecb698f7fe824dee9798b1caa1e045c16ed6b2d8d36cc6bd86e4,
visualwebarena,89f5af29305c3d1e9f97ce4421462060a70c9a03,283,fc9d795564afecb698f7fe824dee9798b1caa1e045c16ed6b2d8d36cc6bd86e4,shopping,visualwebarena/config_files/vwa/test_shopping.raw.json,IC4,,visualwebarena/config_files/vwa/test_shopping.raw.json#fc9d795564afecb698f7fe824dee9798b1caa1e045c16ed6b2d8d36cc6bd86e4,
visualwebarena,89f5af29305c3d1e9f97ce4421462060a70c9a03,283,fc9d795564afecb698f7fe824dee9798b1caa1e045c16ed6b2d8d36cc6bd86e4,shopping,visualwebarena/config_files/vwa/test_shopping.raw.json,IC5,,visualwebarena/config_files/vwa/test_shopping.raw.json#fc9d795564afecb698f7fe824dee9798b1caa1e045c16ed6b2d8d36cc6bd86e4,
visualwebarena,89f5af29305c3d1e9f97ce4421462060a70c9a03,283,fc9d795564afecb698f7fe824dee9798b1caa1e045c16ed6b2d8d36cc6bd86e4,shopping,visualwebarena/config_files/vwa/test_shopping.raw.json,IC6,,visualwebarena/config_files/vwa/test_shopping.raw.json#fc9d795564afecb698f7fe824dee9798b1caa1e045c16ed6b2d8d36cc6bd86e4,
visualwebarena,89f5af29305c3d1e9f97ce4421462060a70c9a03,283,fc9d795564afecb698f7fe824dee9798b1caa1e045c16ed6b2d8d36cc6bd86e4,shopping,visualwebarena/config_files/vwa/test_shopping.raw.json,IC7,,visualwebarena/config_files/vwa/test_shopping.raw.json#fc9d795564afecb698f7fe824dee9798b1caa1e045c16ed6b2d8d36cc6bd86e4,
visualwebarena,89f5af29305c3d1e9f97ce4421462060a70c9a03,300,0eafd8864339136df607037882e4dcddea17d7bf6193fd73f01133589ba7e29f,shopping,visualwebarena/config_files/vwa/test_shopping.raw.json,IC1,,visualwebarena/config_files/vwa/test_shopping.raw.json#0eafd8864339136df607037882e4dcddea17d7bf6193fd73f01133589ba7e29f,
visualwebarena,89f5af29305c3d1e9f97ce4421462060a70c9a03,300,0eafd8864339136df607037882e4dcddea17d7bf6193fd73f01133589ba7e29f,shopping,visualwebarena/config_files/vwa/test_shopping.raw.json,IC2,,visualwebarena/config_files/vwa/test_shopping.raw.json#0eafd8864339136df607037882e4dcddea17d7bf6193fd73f01133589ba7e29f,
visualwebarena,89f5af29305c3d1e9f97ce4421462060a70c9a03,300,0eafd8864339136df607037882e4dcddea17d7bf6193fd73f01133589ba7e29f,shopping,visualwebarena/config_files/vwa/test_shopping.raw.json,IC3,,visualwebarena/config_files/vwa/test_shopping.raw.json#0eafd8864339136df607037882e4dcddea17d7bf6193fd73f01133589ba7e29f,
visualwebarena,89f5af29305c3d1e9f97ce4421462060a70c9a03,300,0eafd8864339136df607037882e4dcddea17d7bf6193fd73f01133589ba7e29f,shopping,visualwebarena/config_files/vwa/test_shopping.raw.json,IC4,,visualwebarena/config_files/vwa/test_shopping.raw.json#0eafd8864339136df607037882e4dcddea17d7bf6193fd73f01133589ba7e29f,
visualwebarena,89f5af29305c3d1e9f97ce4421462060a70c9a03,300,0eafd8864339136df607037882e4dcddea17d7bf6193fd73f01133589ba7e29f,shopping,visualwebarena/config_files/vwa/test_shopping.raw.json,IC5,,visualwebarena/config_files/vwa/test_shopping.raw.json#0eafd8864339136df607037882e4dcddea17d7bf6193fd73f01133589ba7e29f,
visualwebarena,89f5af29305c3d1e9f97ce4421462060a70c9a03,300,0eafd8864339136df607037882e4dcddea17d7bf6193fd73f01133589ba7e29f,shopping,visualwebarena/config_files/vwa/test_shopping.raw.json,IC6,,visualwebarena/config_files/vwa/test_shopping.raw.json#0eafd8864339136df607037882e4dcddea17d7bf6193fd73f01133589ba7e29f,
visualwebarena,89f5af29305c3d1e9f97ce4421462060a70c9a03,300,0eafd8864339136df607037882e4dcddea17d7bf6193fd73f01133589ba7e29f,shopping,visualwebarena/config_files/vwa/test_shopping.raw.json,IC7,,visualwebarena/config_files/vwa/test_shopping.raw.json#0eafd8864339136df607037882e4dcddea17d7bf6193fd73f01133589ba7e29f,
visualwebarena,89f5af29305c3d1e9f97ce4421462060a70c9a03,446,7617404c2028b0fb6107b0860c359b193278d6f64f9b6138056310ce4b1323fe,shopping,visualwebarena/config_files/vwa/test_shopping.raw.json,IC1,,visualwebarena/config_files/vwa/test_shopping.raw.json#7617404c2028b0fb6107b0860c359b193278d6f64f9b6138056310ce4b1323fe,
visualwebarena,89f5af29305c3d1e9f97ce4421462060a70c9a03,446,7617404c2028b0fb6107b0860c359b193278d6f64f9b6138056310ce4b1323fe,shopping,visualwebarena/config_files/vwa/test_shopping.raw.json,IC2,,visualwebarena/config_files/vwa/test_shopping.raw.json#7617404c2028b0fb6107b0860c359b193278d6f64f9b6138056310ce4b1323fe,
visualwebarena,89f5af29305c3d1e9f97ce4421462060a70c9a03,446,7617404c2028b0fb6107b0860c359b193278d6f64f9b6138056310ce4b1323fe,shopping,visualwebarena/config_files/vwa/test_shopping.raw.json,IC3,,visualwebarena/config_files/vwa/test_shopping.raw.json#7617404c2028b0fb6107b0860c359b193278d6f64f9b6138056310ce4b1323fe,
visualwebarena,89f5af29305c3d1e9f97ce4421462060a70c9a03,446,7617404c2028b0fb6107b0860c359b193278d6f64f9b6138056310ce4b1323fe,shopping,visualwebarena/config_files/vwa/test_shopping.raw.json,IC4,,visualwebarena/config_files/vwa/test_shopping.raw.json#7617404c2028b0fb6107b0860c359b193278d6f64f9b6138056310ce4b1323fe,
visualwebarena,89f5af29305c3d1e9f97ce4421462060a70c9a03,446,7617404c2028b0fb6107b0860c359b193278d6f64f9b6138056310ce4b1323fe,shopping,visualwebarena/config_files/vwa/test_shopping.raw.json,IC5,,visualwebarena/config_files/vwa/test_shopping.raw.json#7617404c2028b0fb6107b0860c359b193278d6f64f9b6138056310ce4b1323fe,
visualwebarena,89f5af29305c3d1e9f97ce4421462060a70c9a03,446,7617404c2028b0fb6107b0860c359b193278d6f64f9b6138056310ce4b1323fe,shopping,visualwebarena/config_files/vwa/test_shopping.raw.json,IC6,,visualwebarena/config_files/vwa/test_shopping.raw.json#7617404c2028b0fb6107b0860c359b193278d6f64f9b6138056310ce4b1323fe,
visualwebarena,89f5af29305c3d1e9f97ce4421462060a70c9a03,446,7617404c2028b0fb6107b0860c359b193278d6f64f9b6138056310ce4b1323fe,shopping,visualwebarena/config_files/vwa/test_shopping.raw.json,IC7,,visualwebarena/config_files/vwa/test_shopping.raw.json#7617404c2028b0fb6107b0860c359b193278d6f64f9b6138056310ce4b1323fe,
visualwebarena,89f5af29305c3d1e9f97ce4421462060a70c9a03,338,f10f69e2b03f5d1efbf2e6e35ae1ff6dad55b0e5fe025596c222df1890c8527e,shopping,visualwebarena/config_files/vwa/test_shopping.raw.json,IC1,,visualwebarena/config_files/vwa/test_shopping.raw.json#f10f69e2b03f5d1efbf2e6e35ae1ff6dad55b0e5fe025596c222df1890c8527e,
visualwebarena,89f5af29305c3d1e9f97ce4421462060a70c9a03,338,f10f69e2b03f5d1efbf2e6e35ae1ff6dad55b0e5fe025596c222df1890c8527e,shopping,visualwebarena/config_files/vwa/test_shopping.raw.json,IC2,,visualwebarena/config_files/vwa/test_shopping.raw.json#f10f69e2b03f5d1efbf2e6e35ae1ff6dad55b0e5fe025596c222df1890c8527e,
visualwebarena,89f5af29305c3d1e9f97ce4421462060a70c9a03,338,f10f69e2b03f5d1efbf2e6e35ae1ff6dad55b0e5fe025596c222df1890c8527e,shopping,visualwebarena/config_files/vwa/test_shopping.raw.json,IC3,,visualwebarena/config_files/vwa/test_shopping.raw.json#f10f69e2b03f5d1efbf2e6e35ae1ff6dad55b0e5fe025596c222df1890c8527e,
visualwebarena,89f5af29305c3d1e9f97ce4421462060a70c9a03,338,f10f69e2b03f5d1efbf2e6e35ae1ff6dad55b0e5fe025596c222df1890c8527e,shopping,visualwebarena/config_files/vwa/test_shopping.raw.json,IC4,,visualwebarena/config_files/vwa/test_shopping.raw.json#f10f69e2b03f5d1efbf2e6e35ae1ff6dad55b0e5fe025596c222df1890c8527e,
visualwebarena,89f5af29305c3d1e9f97ce4421462060a70c9a03,338,f10f69e2b03f5d1efbf2e6e35ae1ff6dad55b0e5fe025596c222df1890c8527e,shopping,visualwebarena/config_files/vwa/test_shopping.raw.json,IC5,,visualwebarena/config_files/vwa/test_shopping.raw.json#f10f69e2b03f5d1efbf2e6e35ae1ff6dad55b0e5fe025596c222df1890c8527e,
visualwebarena,89f5af29305c3d1e9f97ce4421462060a70c9a03,338,f10f69e2b03f5d1efbf2e6e35ae1ff6dad55b0e5fe025596c222df1890c8527e,shopping,visualwebarena/config_files/vwa/test_shopping.raw.json,IC6,,visualwebarena/config_files/vwa/test_shopping.raw.json#f10f69e2b03f5d1efbf2e6e35ae1ff6dad55b0e5fe025596c222df1890c8527e,
visualwebarena,89f5af29305c3d1e9f97ce4421462060a70c9a03,338,f10f69e2b03f5d1efbf2e6e35ae1ff6dad55b0e5fe025596c222df1890c8527e,shopping,visualwebarena/config_files/vwa/test_shopping.raw.json,IC7,,visualwebarena/config_files/vwa/test_shopping.raw.json#f10f69e2b03f5d1efbf2e6e35ae1ff6dad55b0e5fe025596c222df1890c8527e,
visualwebarena,89f5af29305c3d1e9f97ce4421462060a70c9a03,339,f10f69e2b03f5d1efbf2e6e35ae1ff6dad55b0e5fe025596c222df1890c8527e,shopping,visualwebarena/config_files/vwa/test_shopping.raw.json,IC1,,visualwebarena/config_files/vwa/test_shopping.raw.json#f10f69e2b03f5d1efbf2e6e35ae1ff6dad55b0e5fe025596c222df1890c8527e,
visualwebarena,89f5af29305c3d1e9f97ce4421462060a70c9a03,339,f10f69e2b03f5d1efbf2e6e35ae1ff6dad55b0e5fe025596c222df1890c8527e,shopping,visualwebarena/config_files/vwa/test_shopping.raw.json,IC2,,visualwebarena/config_files/vwa/test_shopping.raw.json#f10f69e2b03f5d1efbf2e6e35ae1ff6dad55b0e5fe025596c222df1890c8527e,
visualwebarena,89f5af29305c3d1e9f97ce4421462060a70c9a03,339,f10f69e2b03f5d1efbf2e6e35ae1ff6dad55b0e5fe025596c222df1890c8527e,shopping,visualwebarena/config_files/vwa/test_shopping.raw.json,IC3,,visualwebarena/config_files/vwa/test_shopping.raw.json#f10f69e2b03f5d1efbf2e6e35ae1ff6dad55b0e5fe025596c222df1890c8527e,
visualwebarena,89f5af29305c3d1e9f97ce4421462060a70c9a03,339,f10f69e2b03f5d1efbf2e6e35ae1ff6dad55b0e5fe025596c222df1890c8527e,shopping,visualwebarena/config_files/vwa/test_shopping.raw.json,IC4,,visualwebarena/config_files/vwa/test_shopping.raw.json#f10f69e2b03f5d1efbf2e6e35ae1ff6dad55b0e5fe025596c222df1890c8527e,
visualwebarena,89f5af29305c3d1e9f97ce4421462060a70c9a03,339,f10f69e2b03f5d1efbf2e6e35ae1ff6dad55b0e5fe025596c222df1890c8527e,shopping,visualwebarena/config_files/vwa/test_shopping.raw.json,IC5,,visualwebarena/config_files/vwa/test_shopping.raw.json#f10f69e2b03f5d1efbf2e6e35ae1ff6dad55b0e5fe025596c222df1890c8527e,
visualwebarena,89f5af29305c3d1e9f97ce4421462060a70c9a03,339,f10f69e2b03f5d1efbf2e6e35ae1ff6dad55b0e5fe025596c222df1890c8527e,shopping,visualwebarena/config_files/vwa/test_shopping.raw.json,IC6,,visualwebarena/config_files/vwa/test_shopping.raw.json#f10f69e2b03f5d1efbf2e6e35ae1ff6dad55b0e5fe025596c222df1890c8527e,
visualwebarena,89f5af29305c3d1e9f97ce4421462060a70c9a03,339,f10f69e2b03f5d1efbf2e6e35ae1ff6dad55b0e5fe025596c222df1890c8527e,shopping,visualwebarena/config_files/vwa/test_shopping.raw.json,IC7,,visualwebarena/config_files/vwa/test_shopping.raw.json#f10f69e2b03f5d1efbf2e6e35ae1ff6dad55b0e5fe025596c222df1890c8527e,
visualwebarena,89f5af29305c3d1e9f97ce4421462060a70c9a03,114,0c8f0be57e4d9bff67a51f2c40db1b9527bab6c6171b28acad7ef97731fbced3,shopping,visualwebarena/config_files/vwa/test_shopping.raw.json,IC1,,visualwebarena/config_files/vwa/test_shopping.raw.json#0c8f0be57e4d9bff67a51f2c40db1b9527bab6c6171b28acad7ef97731fbced3,
visualwebarena,89f5af29305c3d1e9f97ce4421462060a70c9a03,114,0c8f0be57e4d9bff67a51f2c40db1b9527bab6c6171b28acad7ef97731fbced3,shopping,visualwebarena/config_files/vwa/test_shopping.raw.json,IC2,,visualwebarena/config_files/vwa/test_shopping.raw.json#0c8f0be57e4d9bff67a51f2c40db1b9527bab6c6171b28acad7ef97731fbced3,
visualwebarena,89f5af29305c3d1e9f97ce4421462060a70c9a03,114,0c8f0be57e4d9bff67a51f2c40db1b9527bab6c6171b28acad7ef97731fbced3,shopping,visualwebarena/config_files/vwa/test_shopping.raw.json,IC3,,visualwebarena/config_files/vwa/test_shopping.raw.json#0c8f0be57e4d9bff67a51f2c40db1b9527bab6c6171b28acad7ef97731fbced3,
visualwebarena,89f5af29305c3d1e9f97ce4421462060a70c9a03,114,0c8f0be57e4d9bff67a51f2c40db1b9527bab6c6171b28acad7ef97731fbced3,shopping,visualwebarena/config_files/vwa/test_shopping.raw.json,IC4,,visualwebarena/config_files/vwa/test_shopping.raw.json#0c8f0be57e4d9bff67a51f2c40db1b9527bab6c6171b28acad7ef97731fbced3,
visualwebarena,89f5af29305c3d1e9f97ce4421462060a70c9a03,114,0c8f0be57e4d9bff67a51f2c40db1b9527bab6c6171b28acad7ef97731fbced3,shopping,visualwebarena/config_files/vwa/test_shopping.raw.json,IC5,,visualwebarena/config_files/vwa/test_shopping.raw.json#0c8f0be57e4d9bff67a51f2c40db1b9527bab6c6171b28acad7ef97731fbced3,
visualwebarena,89f5af29305c3d1e9f97ce4421462060a70c9a03,114,0c8f0be57e4d9bff67a51f2c40db1b9527bab6c6171b28acad7ef97731fbced3,shopping,visualwebarena/config_files/vwa/test_shopping.raw.json,IC6,,visualwebarena/config_files/vwa/test_shopping.raw.json#0c8f0be57e4d9bff67a51f2c40db1b9527bab6c6171b28acad7ef97731fbced3,
visualwebarena,89f5af29305c3d1e9f97ce4421462060a70c9a03,114,0c8f0be57e4d9bff67a51f2c40db1b9527bab6c6171b28acad7ef97731fbced3,shopping,visualwebarena/config_files/vwa/test_shopping.raw.json,IC7,,visualwebarena/config_files/vwa/test_shopping.raw.json#0c8f0be57e4d9bff67a51f2c40db1b9527bab6c6171b28acad7ef97731fbced3,
visualwebarena,89f5af29305c3d1e9f97ce4421462060a70c9a03,350,dfacf66406d8db40c0b8d852edd893e8e951c9831bad4b88027290d41cc6331f,shopping,visualwebarena/config_files/vwa/test_shopping.raw.json,IC1,,visualwebarena/config_files/vwa/test_shopping.raw.json#dfacf66406d8db40c0b8d852edd893e8e951c9831bad4b88027290d41cc6331f,
visualwebarena,89f5af29305c3d1e9f97ce4421462060a70c9a03,350,dfacf66406d8db40c0b8d852edd893e8e951c9831bad4b88027290d41cc6331f,shopping,visualwebarena/config_files/vwa/test_shopping.raw.json,IC2,,visualwebarena/config_files/vwa/test_shopping.raw.json#dfacf66406d8db40c0b8d852edd893e8e951c9831bad4b88027290d41cc6331f,
visualwebarena,89f5af29305c3d1e9f97ce4421462060a70c9a03,350,dfacf66406d8db40c0b8d852edd893e8e951c9831bad4b88027290d41cc6331f,shopping,visualwebarena/config_files/vwa/test_shopping.raw.json,IC3,,visualwebarena/config_files/vwa/test_shopping.raw.json#dfacf66406d8db40c0b8d852edd893e8e951c9831bad4b88027290d41cc6331f,
visualwebarena,89f5af29305c3d1e9f97ce4421462060a70c9a03,350,dfacf66406d8db40c0b8d852edd893e8e951c9831bad4b88027290d41cc6331f,shopping,visualwebarena/config_files/vwa/test_shopping.raw.json,IC4,,visualwebarena/config_files/vwa/test_shopping.raw.json#dfacf66406d8db40c0b8d852edd893e8e951c9831bad4b88027290d41cc6331f,
visualwebarena,89f5af29305c3d1e9f97ce4421462060a70c9a03,350,dfacf66406d8db40c0b8d852edd893e8e951c9831bad4b88027290d41cc6331f,shopping,visualwebarena/config_files/vwa/test_shopping.raw.json,IC5,,visualwebarena/config_files/vwa/test_shopping.raw.json#dfacf66406d8db40c0b8d852edd893e8e951c9831bad4b88027290d41cc6331f,
visualwebarena,89f5af29305c3d1e9f97ce4421462060a70c9a03,350,dfacf66406d8db40c0b8d852edd893e8e951c9831bad4b88027290d41cc6331f,shopping,visualwebarena/config_files/vwa/test_shopping.raw.json,IC6,,visualwebarena/config_files/vwa/test_shopping.raw.json#dfacf66406d8db40c0b8d852edd893e8e951c9831bad4b88027290d41cc6331f,
visualwebarena,89f5af29305c3d1e9f97ce4421462060a70c9a03,350,dfacf66406d8db40c0b8d852edd893e8e951c9831bad4b88027290d41cc6331f,shopping,visualwebarena/config_files/vwa/test_shopping.raw.json,IC7,,visualwebarena/config_files/vwa/test_shopping.raw.json#dfacf66406d8db40c0b8d852edd893e8e951c9831bad4b88027290d41cc6331f,
visualwebarena,89f5af29305c3d1e9f97ce4421462060a70c9a03,164,07d7efa32e73651ae43554af39d8293f4a7c7c27c5b3aa5cf40319a1b08c4ecd,shopping,visualwebarena/config_files/vwa/test_shopping.raw.json,IC1,,visualwebarena/config_files/vwa/test_shopping.raw.json#07d7efa32e73651ae43554af39d8293f4a7c7c27c5b3aa5cf40319a1b08c4ecd,
visualwebarena,89f5af29305c3d1e9f97ce4421462060a70c9a03,164,07d7efa32e73651ae43554af39d8293f4a7c7c27c5b3aa5cf40319a1b08c4ecd,shopping,visualwebarena/config_files/vwa/test_shopping.raw.json,IC2,,visualwebarena/config_files/vwa/test_shopping.raw.json#07d7efa32e73651ae43554af39d8293f4a7c7c27c5b3aa5cf40319a1b08c4ecd,
visualwebarena,89f5af29305c3d1e9f97ce4421462060a70c9a03,164,07d7efa32e73651ae43554af39d8293f4a7c7c27c5b3aa5cf40319a1b08c4ecd,shopping,visualwebarena/config_files/vwa/test_shopping.raw.json,IC3,,visualwebarena/config_files/vwa/test_shopping.raw.json#07d7efa32e73651ae43554af39d8293f4a7c7c27c5b3aa5cf40319a1b08c4ecd,
visualwebarena,89f5af29305c3d1e9f97ce4421462060a70c9a03,164,07d7efa32e73651ae43554af39d8293f4a7c7c27c5b3aa5cf40319a1b08c4ecd,shopping,visualwebarena/config_files/vwa/test_shopping.raw.json,IC4,,visualwebarena/config_files/vwa/test_shopping.raw.json#07d7efa32e73651ae43554af39d8293f4a7c7c27c5b3aa5cf40319a1b08c4ecd,
visualwebarena,89f5af29305c3d1e9f97ce4421462060a70c9a03,164,07d7efa32e73651ae43554af39d8293f4a7c7c27c5b3aa5cf40319a1b08c4ecd,shopping,visualwebarena/config_files/vwa/test_shopping.raw.json,IC5,,visualwebarena/config_files/vwa/test_shopping.raw.json#07d7efa32e73651ae43554af39d8293f4a7c7c27c5b3aa5cf40319a1b08c4ecd,
visualwebarena,89f5af29305c3d1e9f97ce4421462060a70c9a03,164,07d7efa32e73651ae43554af39d8293f4a7c7c27c5b3aa5cf40319a1b08c4ecd,shopping,visualwebarena/config_files/vwa/test_shopping.raw.json,IC6,,visualwebarena/config_files/vwa/test_shopping.raw.json#07d7efa32e73651ae43554af39d8293f4a7c7c27c5b3aa5cf40319a1b08c4ecd,
visualwebarena,89f5af29305c3d1e9f97ce4421462060a70c9a03,164,07d7efa32e73651ae43554af39d8293f4a7c7c27c5b3aa5cf40319a1b08c4ecd,shopping,visualwebarena/config_files/vwa/test_shopping.raw.json,IC7,,visualwebarena/config_files/vwa/test_shopping.raw.json#07d7efa32e73651ae43554af39d8293f4a7c7c27c5b3aa5cf40319a1b08c4ecd,
visualwebarena,89f5af29305c3d1e9f97ce4421462060a70c9a03,111,9c875b84a6f207a02643f9d96712f49993a780a785af8cc93d01dbaa9fee807c,shopping,visualwebarena/config_files/vwa/test_shopping.raw.json,IC1,,visualwebarena/config_files/vwa/test_shopping.raw.json#9c875b84a6f207a02643f9d96712f49993a780a785af8cc93d01dbaa9fee807c,
visualwebarena,89f5af29305c3d1e9f97ce4421462060a70c9a03,111,9c875b84a6f207a02643f9d96712f49993a780a785af8cc93d01dbaa9fee807c,shopping,visualwebarena/config_files/vwa/test_shopping.raw.json,IC2,,visualwebarena/config_files/vwa/test_shopping.raw.json#9c875b84a6f207a02643f9d96712f49993a780a785af8cc93d01dbaa9fee807c,
visualwebarena,89f5af29305c3d1e9f97ce4421462060a70c9a03,111,9c875b84a6f207a02643f9d96712f49993a780a785af8cc93d01dbaa9fee807c,shopping,visualwebarena/config_files/vwa/test_shopping.raw.json,IC3,,visualwebarena/config_files/vwa/test_shopping.raw.json#9c875b84a6f207a02643f9d96712f49993a780a785af8cc93d01dbaa9fee807c,
visualwebarena,89f5af29305c3d1e9f97ce4421462060a70c9a03,111,9c875b84a6f207a02643f9d96712f49993a780a785af8cc93d01dbaa9fee807c,shopping,visualwebarena/config_files/vwa/test_shopping.raw.json,IC4,,visualwebarena/config_files/vwa/test_shopping.raw.json#9c875b84a6f207a02643f9d96712f49993a780a785af8cc93d01dbaa9fee807c,
visualwebarena,89f5af29305c3d1e9f97ce4421462060a70c9a03,111,9c875b84a6f207a02643f9d96712f49993a780a785af8cc93d01dbaa9fee807c,shopping,visualwebarena/config_files/vwa/test_shopping.raw.json,IC5,,visualwebarena/config_files/vwa/test_shopping.raw.json#9c875b84a6f207a02643f9d96712f49993a780a785af8cc93d01dbaa9fee807c,
visualwebarena,89f5af29305c3d1e9f97ce4421462060a70c9a03,111,9c875b84a6f207a02643f9d96712f49993a780a785af8cc93d01dbaa9fee807c,shopping,visualwebarena/config_files/vwa/test_shopping.raw.json,IC6,,visualwebarena/config_files/vwa/test_shopping.raw.json#9c875b84a6f207a02643f9d96712f49993a780a785af8cc93d01dbaa9fee807c,
visualwebarena,89f5af29305c3d1e9f97ce4421462060a70c9a03,111,9c875b84a6f207a02643f9d96712f49993a780a785af8cc93d01dbaa9fee807c,shopping,visualwebarena/config_files/vwa/test_shopping.raw.json,IC7,,visualwebarena/config_files/vwa/test_shopping.raw.json#9c875b84a6f207a02643f9d96712f49993a780a785af8cc93d01dbaa9fee807c,
visualwebarena,89f5af29305c3d1e9f97ce4421462060a70c9a03,313,0d7972438151599abe737d40ceb63f657c927a934fa4b95621c414c373726a6c,shopping,visualwebarena/config_files/vwa/test_shopping.raw.json,IC1,,visualwebarena/config_files/vwa/test_shopping.raw.json#0d7972438151599abe737d40ceb63f657c927a934fa4b95621c414c373726a6c,
visualwebarena,89f5af29305c3d1e9f97ce4421462060a70c9a03,313,0d7972438151599abe737d40ceb63f657c927a934fa4b95621c414c373726a6c,shopping,visualwebarena/config_files/vwa/test_shopping.raw.json,IC2,,visualwebarena/config_files/vwa/test_shopping.raw.json#0d7972438151599abe737d40ceb63f657c927a934fa4b95621c414c373726a6c,
visualwebarena,89f5af29305c3d1e9f97ce4421462060a70c9a03,313,0d7972438151599abe737d40ceb63f657c927a934fa4b95621c414c373726a6c,shopping,visualwebarena/config_files/vwa/test_shopping.raw.json,IC3,,visualwebarena/config_files/vwa/test_shopping.raw.json#0d7972438151599abe737d40ceb63f657c927a934fa4b95621c414c373726a6c,
visualwebarena,89f5af29305c3d1e9f97ce4421462060a70c9a03,313,0d7972438151599abe737d40ceb63f657c927a934fa4b95621c414c373726a6c,shopping,visualwebarena/config_files/vwa/test_shopping.raw.json,IC4,,visualwebarena/config_files/vwa/test_shopping.raw.json#0d7972438151599abe737d40ceb63f657c927a934fa4b95621c414c373726a6c,
visualwebarena,89f5af29305c3d1e9f97ce4421462060a70c9a03,313,0d7972438151599abe737d40ceb63f657c927a934fa4b95621c414c373726a6c,shopping,visualwebarena/config_files/vwa/test_shopping.raw.json,IC5,,visualwebarena/config_files/vwa/test_shopping.raw.json#0d7972438151599abe737d40ceb63f657c927a934fa4b95621c414c373726a6c,
visualwebarena,89f5af29305c3d1e9f97ce4421462060a70c9a03,313,0d7972438151599abe737d40ceb63f657c927a934fa4b95621c414c373726a6c,shopping,visualwebarena/config_files/vwa/test_shopping.raw.json,IC6,,visualwebarena/config_files/vwa/test_shopping.raw.json#0d7972438151599abe737d40ceb63f657c927a934fa4b95621c414c373726a6c,
visualwebarena,89f5af29305c3d1e9f97ce4421462060a70c9a03,313,0d7972438151599abe737d40ceb63f657c927a934fa4b95621c414c373726a6c,shopping,visualwebarena/config_files/vwa/test_shopping.raw.json,IC7,,visualwebarena/config_files/vwa/test_shopping.raw.json#0d7972438151599abe737d40ceb63f657c927a934fa4b95621c414c373726a6c,
visualwebarena,89f5af29305c3d1e9f97ce4421462060a70c9a03,152,f739ff71594bc2bb61cc80c84afc2bdcc290f6b90b0a04a417f76ddd877ca021,shopping,visualwebarena/config_files/vwa/test_shopping.raw.json,IC1,,visualwebarena/config_files/vwa/test_shopping.raw.json#f739ff71594bc2bb61cc80c84afc2bdcc290f6b90b0a04a417f76ddd877ca021,
visualwebarena,89f5af29305c3d1e9f97ce4421462060a70c9a03,152,f739ff71594bc2bb61cc80c84afc2bdcc290f6b90b0a04a417f76ddd877ca021,shopping,visualwebarena/config_files/vwa/test_shopping.raw.json,IC2,,visualwebarena/config_files/vwa/test_shopping.raw.json#f739ff71594bc2bb61cc80c84afc2bdcc290f6b90b0a04a417f76ddd877ca021,
visualwebarena,89f5af29305c3d1e9f97ce4421462060a70c9a03,152,f739ff71594bc2bb61cc80c84afc2bdcc290f6b90b0a04a417f76ddd877ca021,shopping,visualwebarena/config_files/vwa/test_shopping.raw.json,IC3,,visualwebarena/config_files/vwa/test_shopping.raw.json#f739ff71594bc2bb61cc80c84afc2bdcc290f6b90b0a04a417f76ddd877ca021,
visualwebarena,89f5af29305c3d1e9f97ce4421462060a70c9a03,152,f739ff71594bc2bb61cc80c84afc2bdcc290f6b90b0a04a417f76ddd877ca021,shopping,visualwebarena/config_files/vwa/test_shopping.raw.json,IC4,,visualwebarena/config_files/vwa/test_shopping.raw.json#f739ff71594bc2bb61cc80c84afc2bdcc290f6b90b0a04a417f76ddd877ca021,
visualwebarena,89f5af29305c3d1e9f97ce4421462060a70c9a03,152,f739ff71594bc2bb61cc80c84afc2bdcc290f6b90b0a04a417f76ddd877ca021,shopping,visualwebarena/config_files/vwa/test_shopping.raw.json,IC5,,visualwebarena/config_files/vwa/test_shopping.raw.json#f739ff71594bc2bb61cc80c84afc2bdcc290f6b90b0a04a417f76ddd877ca021,
visualwebarena,89f5af29305c3d1e9f97ce4421462060a70c9a03,152,f739ff71594bc2bb61cc80c84afc2bdcc290f6b90b0a04a417f76ddd877ca021,shopping,visualwebarena/config_files/vwa/test_shopping.raw.json,IC6,,visualwebarena/config_files/vwa/test_shopping.raw.json#f739ff71594bc2bb61cc80c84afc2bdcc290f6b90b0a04a417f76ddd877ca021,
visualwebarena,89f5af29305c3d1e9f97ce4421462060a70c9a03,152,f739ff71594bc2bb61cc80c84afc2bdcc290f6b90b0a04a417f76ddd877ca021,shopping,visualwebarena/config_files/vwa/test_shopping.raw.json,IC7,,visualwebarena/config_files/vwa/test_shopping.raw.json#f739ff71594bc2bb61cc80c84afc2bdcc290f6b90b0a04a417f76ddd877ca021,
visualwebarena,89f5af29305c3d1e9f97ce4421462060a70c9a03,191,95ba6b4e1f2f6152afe95e0684f4a59ca1dc74d990cde2b32b5443392281c394,shopping,visualwebarena/config_files/vwa/test_shopping.raw.json,IC1,,visualwebarena/config_files/vwa/test_shopping.raw.json#95ba6b4e1f2f6152afe95e0684f4a59ca1dc74d990cde2b32b5443392281c394,
visualwebarena,89f5af29305c3d1e9f97ce4421462060a70c9a03,191,95ba6b4e1f2f6152afe95e0684f4a59ca1dc74d990cde2b32b5443392281c394,shopping,visualwebarena/config_files/vwa/test_shopping.raw.json,IC2,,visualwebarena/config_files/vwa/test_shopping.raw.json#95ba6b4e1f2f6152afe95e0684f4a59ca1dc74d990cde2b32b5443392281c394,
visualwebarena,89f5af29305c3d1e9f97ce4421462060a70c9a03,191,95ba6b4e1f2f6152afe95e0684f4a59ca1dc74d990cde2b32b5443392281c394,shopping,visualwebarena/config_files/vwa/test_shopping.raw.json,IC3,,visualwebarena/config_files/vwa/test_shopping.raw.json#95ba6b4e1f2f6152afe95e0684f4a59ca1dc74d990cde2b32b5443392281c394,
visualwebarena,89f5af29305c3d1e9f97ce4421462060a70c9a03,191,95ba6b4e1f2f6152afe95e0684f4a59ca1dc74d990cde2b32b5443392281c394,shopping,visualwebarena/config_files/vwa/test_shopping.raw.json,IC4,,visualwebarena/config_files/vwa/test_shopping.raw.json#95ba6b4e1f2f6152afe95e0684f4a59ca1dc74d990cde2b32b5443392281c394,
visualwebarena,89f5af29305c3d1e9f97ce4421462060a70c9a03,191,95ba6b4e1f2f6152afe95e0684f4a59ca1dc74d990cde2b32b5443392281c394,shopping,visualwebarena/config_files/vwa/test_shopping.raw.json,IC5,,visualwebarena/config_files/vwa/test_shopping.raw.json#95ba6b4e1f2f6152afe95e0684f4a59ca1dc74d990cde2b32b5443392281c394,
visualwebarena,89f5af29305c3d1e9f97ce4421462060a70c9a03,191,95ba6b4e1f2f6152afe95e0684f4a59ca1dc74d990cde2b32b5443392281c394,shopping,visualwebarena/config_files/vwa/test_shopping.raw.json,IC6,,visualwebarena/config_files/vwa/test_shopping.raw.json#95ba6b4e1f2f6152afe95e0684f4a59ca1dc74d990cde2b32b5443392281c394,
visualwebarena,89f5af29305c3d1e9f97ce4421462060a70c9a03,191,95ba6b4e1f2f6152afe95e0684f4a59ca1dc74d990cde2b32b5443392281c394,shopping,visualwebarena/config_files/vwa/test_shopping.raw.json,IC7,,visualwebarena/config_files/vwa/test_shopping.raw.json#95ba6b4e1f2f6152afe95e0684f4a59ca1dc74d990cde2b32b5443392281c394,
visualwebarena,89f5af29305c3d1e9f97ce4421462060a70c9a03,55,025012c617918aaf89b094b80032aad17e7b56ad9a482463aa5e34c922553821,shopping,visualwebarena/config_files/vwa/test_shopping.raw.json,IC1,,visualwebarena/config_files/vwa/test_shopping.raw.json#025012c617918aaf89b094b80032aad17e7b56ad9a482463aa5e34c922553821,
visualwebarena,89f5af29305c3d1e9f97ce4421462060a70c9a03,55,025012c617918aaf89b094b80032aad17e7b56ad9a482463aa5e34c922553821,shopping,visualwebarena/config_files/vwa/test_shopping.raw.json,IC2,,visualwebarena/config_files/vwa/test_shopping.raw.json#025012c617918aaf89b094b80032aad17e7b56ad9a482463aa5e34c922553821,
visualwebarena,89f5af29305c3d1e9f97ce4421462060a70c9a03,55,025012c617918aaf89b094b80032aad17e7b56ad9a482463aa5e34c922553821,shopping,visualwebarena/config_files/vwa/test_shopping.raw.json,IC3,,visualwebarena/config_files/vwa/test_shopping.raw.json#025012c617918aaf89b094b80032aad17e7b56ad9a482463aa5e34c922553821,
visualwebarena,89f5af29305c3d1e9f97ce4421462060a70c9a03,55,025012c617918aaf89b094b80032aad17e7b56ad9a482463aa5e34c922553821,shopping,visualwebarena/config_files/vwa/test_shopping.raw.json,IC4,,visualwebarena/config_files/vwa/test_shopping.raw.json#025012c617918aaf89b094b80032aad17e7b56ad9a482463aa5e34c922553821,
visualwebarena,89f5af29305c3d1e9f97ce4421462060a70c9a03,55,025012c617918aaf89b094b80032aad17e7b56ad9a482463aa5e34c922553821,shopping,visualwebarena/config_files/vwa/test_shopping.raw.json,IC5,,visualwebarena/config_files/vwa/test_shopping.raw.json#025012c617918aaf89b094b80032aad17e7b56ad9a482463aa5e34c922553821,
visualwebarena,89f5af29305c3d1e9f97ce4421462060a70c9a03,55,025012c617918aaf89b094b80032aad17e7b56ad9a482463aa5e34c922553821,shopping,visualwebarena/config_files/vwa/test_shopping.raw.json,IC6,,visualwebarena/config_files/vwa/test_shopping.raw.json#025012c617918aaf89b094b80032aad17e7b56ad9a482463aa5e34c922553821,
visualwebarena,89f5af29305c3d1e9f97ce4421462060a70c9a03,55,025012c617918aaf89b094b80032aad17e7b56ad9a482463aa5e34c922553821,shopping,visualwebarena/config_files/vwa/test_shopping.raw.json,IC7,,visualwebarena/config_files/vwa/test_shopping.raw.json#025012c617918aaf89b094b80032aad17e7b56ad9a482463aa5e34c922553821,
visualwebarena,89f5af29305c3d1e9f97ce4421462060a70c9a03,263,8edf7207e71b2f2dd67b3b7f7b85b0d0b67f4a31c94c5d4f7dc4f087607d790f,shopping,visualwebarena/config_files/vwa/test_shopping.raw.json,IC1,,visualwebarena/config_files/vwa/test_shopping.raw.json#8edf7207e71b2f2dd67b3b7f7b85b0d0b67f4a31c94c5d4f7dc4f087607d790f,
visualwebarena,89f5af29305c3d1e9f97ce4421462060a70c9a03,263,8edf7207e71b2f2dd67b3b7f7b85b0d0b67f4a31c94c5d4f7dc4f087607d790f,shopping,visualwebarena/config_files/vwa/test_shopping.raw.json,IC2,,visualwebarena/config_files/vwa/test_shopping.raw.json#8edf7207e71b2f2dd67b3b7f7b85b0d0b67f4a31c94c5d4f7dc4f087607d790f,
visualwebarena,89f5af29305c3d1e9f97ce4421462060a70c9a03,263,8edf7207e71b2f2dd67b3b7f7b85b0d0b67f4a31c94c5d4f7dc4f087607d790f,shopping,visualwebarena/config_files/vwa/test_shopping.raw.json,IC3,,visualwebarena/config_files/vwa/test_shopping.raw.json#8edf7207e71b2f2dd67b3b7f7b85b0d0b67f4a31c94c5d4f7dc4f087607d790f,
visualwebarena,89f5af29305c3d1e9f97ce4421462060a70c9a03,263,8edf7207e71b2f2dd67b3b7f7b85b0d0b67f4a31c94c5d4f7dc4f087607d790f,shopping,visualwebarena/config_files/vwa/test_shopping.raw.json,IC4,,visualwebarena/config_files/vwa/test_shopping.raw.json#8edf7207e71b2f2dd67b3b7f7b85b0d0b67f4a31c94c5d4f7dc4f087607d790f,
visualwebarena,89f5af29305c3d1e9f97ce4421462060a70c9a03,263,8edf7207e71b2f2dd67b3b7f7b85b0d0b67f4a31c94c5d4f7dc4f087607d790f,shopping,visualwebarena/config_files/vwa/test_shopping.raw.json,IC5,,visualwebarena/config_files/vwa/test_shopping.raw.json#8edf7207e71b2f2dd67b3b7f7b85b0d0b67f4a31c94c5d4f7dc4f087607d790f,
visualwebarena,89f5af29305c3d1e9f97ce4421462060a70c9a03,263,8edf7207e71b2f2dd67b3b7f7b85b0d0b67f4a31c94c5d4f7dc4f087607d790f,shopping,visualwebarena/config_files/vwa/test_shopping.raw.json,IC6,,visualwebarena/config_files/vwa/test_shopping.raw.json#8edf7207e71b2f2dd67b3b7f7b85b0d0b67f4a31c94c5d4f7dc4f087607d790f,
visualwebarena,89f5af29305c3d1e9f97ce4421462060a70c9a03,263,8edf7207e71b2f2dd67b3b7f7b85b0d0b67f4a31c94c5d4f7dc4f087607d790f,shopping,visualwebarena/config_files/vwa/test_shopping.raw.json,IC7,,visualwebarena/config_files/vwa/test_shopping.raw.json#8edf7207e71b2f2dd67b3b7f7b85b0d0b67f4a31c94c5d4f7dc4f087607d790f,
visualwebarena,89f5af29305c3d1e9f97ce4421462060a70c9a03,413,c2d2bfdf79d6d55173bd1c05b4db3f93b97de4623c81b1270fd0f5c3c680fc6f,shopping,visualwebarena/config_files/vwa/test_shopping.raw.json,IC1,,visualwebarena/config_files/vwa/test_shopping.raw.json#c2d2bfdf79d6d55173bd1c05b4db3f93b97de4623c81b1270fd0f5c3c680fc6f,
visualwebarena,89f5af29305c3d1e9f97ce4421462060a70c9a03,413,c2d2bfdf79d6d55173bd1c05b4db3f93b97de4623c81b1270fd0f5c3c680fc6f,shopping,visualwebarena/config_files/vwa/test_shopping.raw.json,IC2,,visualwebarena/config_files/vwa/test_shopping.raw.json#c2d2bfdf79d6d55173bd1c05b4db3f93b97de4623c81b1270fd0f5c3c680fc6f,
visualwebarena,89f5af29305c3d1e9f97ce4421462060a70c9a03,413,c2d2bfdf79d6d55173bd1c05b4db3f93b97de4623c81b1270fd0f5c3c680fc6f,shopping,visualwebarena/config_files/vwa/test_shopping.raw.json,IC3,,visualwebarena/config_files/vwa/test_shopping.raw.json#c2d2bfdf79d6d55173bd1c05b4db3f93b97de4623c81b1270fd0f5c3c680fc6f,
visualwebarena,89f5af29305c3d1e9f97ce4421462060a70c9a03,413,c2d2bfdf79d6d55173bd1c05b4db3f93b97de4623c81b1270fd0f5c3c680fc6f,shopping,visualwebarena/config_files/vwa/test_shopping.raw.json,IC4,,visualwebarena/config_files/vwa/test_shopping.raw.json#c2d2bfdf79d6d55173bd1c05b4db3f93b97de4623c81b1270fd0f5c3c680fc6f,
visualwebarena,89f5af29305c3d1e9f97ce4421462060a70c9a03,413,c2d2bfdf79d6d55173bd1c05b4db3f93b97de4623c81b1270fd0f5c3c680fc6f,shopping,visualwebarena/config_files/vwa/test_shopping.raw.json,IC5,,visualwebarena/config_files/vwa/test_shopping.raw.json#c2d2bfdf79d6d55173bd1c05b4db3f93b97de4623c81b1270fd0f5c3c680fc6f,
visualwebarena,89f5af29305c3d1e9f97ce4421462060a70c9a03,413,c2d2bfdf79d6d55173bd1c05b4db3f93b97de4623c81b1270fd0f5c3c680fc6f,shopping,visualwebarena/config_files/vwa/test_shopping.raw.json,IC6,,visualwebarena/config_files/vwa/test_shopping.raw.json#c2d2bfdf79d6d55173bd1c05b4db3f93b97de4623c81b1270fd0f5c3c680fc6f,
visualwebarena,89f5af29305c3d1e9f97ce4421462060a70c9a03,413,c2d2bfdf79d6d55173bd1c05b4db3f93b97de4623c81b1270fd0f5c3c680fc6f,shopping,visualwebarena/config_files/vwa/test_shopping.raw.json,IC7,,visualwebarena/config_files/vwa/test_shopping.raw.json#c2d2bfdf79d6d55173bd1c05b4db3f93b97de4623c81b1270fd0f5c3c680fc6f,
visualwebarena,89f5af29305c3d1e9f97ce4421462060a70c9a03,57,faf3ea8f959a43daf9b187560433da470a9dbd98badc7dcb3f9df69e60625e6c,shopping,visualwebarena/config_files/vwa/test_shopping.raw.json,IC1,,visualwebarena/config_files/vwa/test_shopping.raw.json#faf3ea8f959a43daf9b187560433da470a9dbd98badc7dcb3f9df69e60625e6c,
visualwebarena,89f5af29305c3d1e9f97ce4421462060a70c9a03,57,faf3ea8f959a43daf9b187560433da470a9dbd98badc7dcb3f9df69e60625e6c,shopping,visualwebarena/config_files/vwa/test_shopping.raw.json,IC2,,visualwebarena/config_files/vwa/test_shopping.raw.json#faf3ea8f959a43daf9b187560433da470a9dbd98badc7dcb3f9df69e60625e6c,
visualwebarena,89f5af29305c3d1e9f97ce4421462060a70c9a03,57,faf3ea8f959a43daf9b187560433da470a9dbd98badc7dcb3f9df69e60625e6c,shopping,visualwebarena/config_files/vwa/test_shopping.raw.json,IC3,,visualwebarena/config_files/vwa/test_shopping.raw.json#faf3ea8f959a43daf9b187560433da470a9dbd98badc7dcb3f9df69e60625e6c,
visualwebarena,89f5af29305c3d1e9f97ce4421462060a70c9a03,57,faf3ea8f959a43daf9b187560433da470a9dbd98badc7dcb3f9df69e60625e6c,shopping,visualwebarena/config_files/vwa/test_shopping.raw.json,IC4,,visualwebarena/config_files/vwa/test_shopping.raw.json#faf3ea8f959a43daf9b187560433da470a9dbd98badc7dcb3f9df69e60625e6c,
visualwebarena,89f5af29305c3d1e9f97ce4421462060a70c9a03,57,faf3ea8f959a43daf9b187560433da470a9dbd98badc7dcb3f9df69e60625e6c,shopping,visualwebarena/config_files/vwa/test_shopping.raw.json,IC5,,visualwebarena/config_files/vwa/test_shopping.raw.json#faf3ea8f959a43daf9b187560433da470a9dbd98badc7dcb3f9df69e60625e6c,
visualwebarena,89f5af29305c3d1e9f97ce4421462060a70c9a03,57,faf3ea8f959a43daf9b187560433da470a9dbd98badc7dcb3f9df69e60625e6c,shopping,visualwebarena/config_files/vwa/test_shopping.raw.json,IC6,,visualwebarena/config_files/vwa/test_shopping.raw.json#faf3ea8f959a43daf9b187560433da470a9dbd98badc7dcb3f9df69e60625e6c,
visualwebarena,89f5af29305c3d1e9f97ce4421462060a70c9a03,57,faf3ea8f959a43daf9b187560433da470a9dbd98badc7dcb3f9df69e60625e6c,shopping,visualwebarena/config_files/vwa/test_shopping.raw.json,IC7,,visualwebarena/config_files/vwa/test_shopping.raw.json#faf3ea8f959a43daf9b187560433da470a9dbd98badc7dcb3f9df69e60625e6c,
visualwebarena,89f5af29305c3d1e9f97ce4421462060a70c9a03,445,ff1cf6305f638f7f292511c849f64ae1a25db1ea76caab5da88ee6d7cbb788ae,shopping,visualwebarena/config_files/vwa/test_shopping.raw.json,IC1,,visualwebarena/config_files/vwa/test_shopping.raw.json#ff1cf6305f638f7f292511c849f64ae1a25db1ea76caab5da88ee6d7cbb788ae,
visualwebarena,89f5af29305c3d1e9f97ce4421462060a70c9a03,445,ff1cf6305f638f7f292511c849f64ae1a25db1ea76caab5da88ee6d7cbb788ae,shopping,visualwebarena/config_files/vwa/test_shopping.raw.json,IC2,,visualwebarena/config_files/vwa/test_shopping.raw.json#ff1cf6305f638f7f292511c849f64ae1a25db1ea76caab5da88ee6d7cbb788ae,
visualwebarena,89f5af29305c3d1e9f97ce4421462060a70c9a03,445,ff1cf6305f638f7f292511c849f64ae1a25db1ea76caab5da88ee6d7cbb788ae,shopping,visualwebarena/config_files/vwa/test_shopping.raw.json,IC3,,visualwebarena/config_files/vwa/test_shopping.raw.json#ff1cf6305f638f7f292511c849f64ae1a25db1ea76caab5da88ee6d7cbb788ae,
visualwebarena,89f5af29305c3d1e9f97ce4421462060a70c9a03,445,ff1cf6305f638f7f292511c849f64ae1a25db1ea76caab5da88ee6d7cbb788ae,shopping,visualwebarena/config_files/vwa/test_shopping.raw.json,IC4,,visualwebarena/config_files/vwa/test_shopping.raw.json#ff1cf6305f638f7f292511c849f64ae1a25db1ea76caab5da88ee6d7cbb788ae,
visualwebarena,89f5af29305c3d1e9f97ce4421462060a70c9a03,445,ff1cf6305f638f7f292511c849f64ae1a25db1ea76caab5da88ee6d7cbb788ae,shopping,visualwebarena/config_files/vwa/test_shopping.raw.json,IC5,,visualwebarena/config_files/vwa/test_shopping.raw.json#ff1cf6305f638f7f292511c849f64ae1a25db1ea76caab5da88ee6d7cbb788ae,
visualwebarena,89f5af29305c3d1e9f97ce4421462060a70c9a03,445,ff1cf6305f638f7f292511c849f64ae1a25db1ea76caab5da88ee6d7cbb788ae,shopping,visualwebarena/config_files/vwa/test_shopping.raw.json,IC6,,visualwebarena/config_files/vwa/test_shopping.raw.json#ff1cf6305f638f7f292511c849f64ae1a25db1ea76caab5da88ee6d7cbb788ae,
visualwebarena,89f5af29305c3d1e9f97ce4421462060a70c9a03,445,ff1cf6305f638f7f292511c849f64ae1a25db1ea76caab5da88ee6d7cbb788ae,shopping,visualwebarena/config_files/vwa/test_shopping.raw.json,IC7,,visualwebarena/config_files/vwa/test_shopping.raw.json#ff1cf6305f638f7f292511c849f64ae1a25db1ea76caab5da88ee6d7cbb788ae,
visualwebarena,89f5af29305c3d1e9f97ce4421462060a70c9a03,419,52290da3d639d8dd86eced57dc476a9be8d06db3e0f2344044d8c1e65d5a3742,shopping,visualwebarena/config_files/vwa/test_shopping.raw.json,IC1,,visualwebarena/config_files/vwa/test_shopping.raw.json#52290da3d639d8dd86eced57dc476a9be8d06db3e0f2344044d8c1e65d5a3742,
visualwebarena,89f5af29305c3d1e9f97ce4421462060a70c9a03,419,52290da3d639d8dd86eced57dc476a9be8d06db3e0f2344044d8c1e65d5a3742,shopping,visualwebarena/config_files/vwa/test_shopping.raw.json,IC2,,visualwebarena/config_files/vwa/test_shopping.raw.json#52290da3d639d8dd86eced57dc476a9be8d06db3e0f2344044d8c1e65d5a3742,
visualwebarena,89f5af29305c3d1e9f97ce4421462060a70c9a03,419,52290da3d639d8dd86eced57dc476a9be8d06db3e0f2344044d8c1e65d5a3742,shopping,visualwebarena/config_files/vwa/test_shopping.raw.json,IC3,,visualwebarena/config_files/vwa/test_shopping.raw.json#52290da3d639d8dd86eced57dc476a9be8d06db3e0f2344044d8c1e65d5a3742,
visualwebarena,89f5af29305c3d1e9f97ce4421462060a70c9a03,419,52290da3d639d8dd86eced57dc476a9be8d06db3e0f2344044d8c1e65d5a3742,shopping,visualwebarena/config_files/vwa/test_shopping.raw.json,IC4,,visualwebarena/config_files/vwa/test_shopping.raw.json#52290da3d639d8dd86eced57dc476a9be8d06db3e0f2344044d8c1e65d5a3742,
visualwebarena,89f5af29305c3d1e9f97ce4421462060a70c9a03,419,52290da3d639d8dd86eced57dc476a9be8d06db3e0f2344044d8c1e65d5a3742,shopping,visualwebarena/config_files/vwa/test_shopping.raw.json,IC5,,visualwebarena/config_files/vwa/test_shopping.raw.json#52290da3d639d8dd86eced57dc476a9be8d06db3e0f2344044d8c1e65d5a3742,
visualwebarena,89f5af29305c3d1e9f97ce4421462060a70c9a03,419,52290da3d639d8dd86eced57dc476a9be8d06db3e0f2344044d8c1e65d5a3742,shopping,visualwebarena/config_files/vwa/test_shopping.raw.json,IC6,,visualwebarena/config_files/vwa/test_shopping.raw.json#52290da3d639d8dd86eced57dc476a9be8d06db3e0f2344044d8c1e65d5a3742,
visualwebarena,89f5af29305c3d1e9f97ce4421462060a70c9a03,419,52290da3d639d8dd86eced57dc476a9be8d06db3e0f2344044d8c1e65d5a3742,shopping,visualwebarena/config_files/vwa/test_shopping.raw.json,IC7,,visualwebarena/config_files/vwa/test_shopping.raw.json#52290da3d639d8dd86eced57dc476a9be8d06db3e0f2344044d8c1e65d5a3742,
visualwebarena,89f5af29305c3d1e9f97ce4421462060a70c9a03,266,01c45fd78ab5e84aeecd0a842b2550ff20b94ae0d48a6b0b091f8a7f9d01b3a7,shopping,visualwebarena/config_files/vwa/test_shopping.raw.json,IC1,,visualwebarena/config_files/vwa/test_shopping.raw.json#01c45fd78ab5e84aeecd0a842b2550ff20b94ae0d48a6b0b091f8a7f9d01b3a7,
visualwebarena,89f5af29305c3d1e9f97ce4421462060a70c9a03,266,01c45fd78ab5e84aeecd0a842b2550ff20b94ae0d48a6b0b091f8a7f9d01b3a7,shopping,visualwebarena/config_files/vwa/test_shopping.raw.json,IC2,,visualwebarena/config_files/vwa/test_shopping.raw.json#01c45fd78ab5e84aeecd0a842b2550ff20b94ae0d48a6b0b091f8a7f9d01b3a7,
visualwebarena,89f5af29305c3d1e9f97ce4421462060a70c9a03,266,01c45fd78ab5e84aeecd0a842b2550ff20b94ae0d48a6b0b091f8a7f9d01b3a7,shopping,visualwebarena/config_files/vwa/test_shopping.raw.json,IC3,,visualwebarena/config_files/vwa/test_shopping.raw.json#01c45fd78ab5e84aeecd0a842b2550ff20b94ae0d48a6b0b091f8a7f9d01b3a7,
visualwebarena,89f5af29305c3d1e9f97ce4421462060a70c9a03,266,01c45fd78ab5e84aeecd0a842b2550ff20b94ae0d48a6b0b091f8a7f9d01b3a7,shopping,visualwebarena/config_files/vwa/test_shopping.raw.json,IC4,,visualwebarena/config_files/vwa/test_shopping.raw.json#01c45fd78ab5e84aeecd0a842b2550ff20b94ae0d48a6b0b091f8a7f9d01b3a7,
visualwebarena,89f5af29305c3d1e9f97ce4421462060a70c9a03,266,01c45fd78ab5e84aeecd0a842b2550ff20b94ae0d48a6b0b091f8a7f9d01b3a7,shopping,visualwebarena/config_files/vwa/test_shopping.raw.json,IC5,,visualwebarena/config_files/vwa/test_shopping.raw.json#01c45fd78ab5e84aeecd0a842b2550ff20b94ae0d48a6b0b091f8a7f9d01b3a7,
visualwebarena,89f5af29305c3d1e9f97ce4421462060a70c9a03,266,01c45fd78ab5e84aeecd0a842b2550ff20b94ae0d48a6b0b091f8a7f9d01b3a7,shopping,visualwebarena/config_files/vwa/test_shopping.raw.json,IC6,,visualwebarena/config_files/vwa/test_shopping.raw.json#01c45fd78ab5e84aeecd0a842b2550ff20b94ae0d48a6b0b091f8a7f9d01b3a7,
visualwebarena,89f5af29305c3d1e9f97ce4421462060a70c9a03,266,01c45fd78ab5e84aeecd0a842b2550ff20b94ae0d48a6b0b091f8a7f9d01b3a7,shopping,visualwebarena/config_files/vwa/test_shopping.raw.json,IC7,,visualwebarena/config_files/vwa/test_shopping.raw.json#01c45fd78ab5e84aeecd0a842b2550ff20b94ae0d48a6b0b091f8a7f9d01b3a7,
visualwebarena,89f5af29305c3d1e9f97ce4421462060a70c9a03,418,382dd3e3ebda08c573aa511c89ea1a43a9b2f400e8f26a8e03e26ec54afca46e,shopping,visualwebarena/config_files/vwa/test_shopping.raw.json,IC1,,visualwebarena/config_files/vwa/test_shopping.raw.json#382dd3e3ebda08c573aa511c89ea1a43a9b2f400e8f26a8e03e26ec54afca46e,
visualwebarena,89f5af29305c3d1e9f97ce4421462060a70c9a03,418,382dd3e3ebda08c573aa511c89ea1a43a9b2f400e8f26a8e03e26ec54afca46e,shopping,visualwebarena/config_files/vwa/test_shopping.raw.json,IC2,,visualwebarena/config_files/vwa/test_shopping.raw.json#382dd3e3ebda08c573aa511c89ea1a43a9b2f400e8f26a8e03e26ec54afca46e,
visualwebarena,89f5af29305c3d1e9f97ce4421462060a70c9a03,418,382dd3e3ebda08c573aa511c89ea1a43a9b2f400e8f26a8e03e26ec54afca46e,shopping,visualwebarena/config_files/vwa/test_shopping.raw.json,IC3,,visualwebarena/config_files/vwa/test_shopping.raw.json#382dd3e3ebda08c573aa511c89ea1a43a9b2f400e8f26a8e03e26ec54afca46e,
visualwebarena,89f5af29305c3d1e9f97ce4421462060a70c9a03,418,382dd3e3ebda08c573aa511c89ea1a43a9b2f400e8f26a8e03e26ec54afca46e,shopping,visualwebarena/config_files/vwa/test_shopping.raw.json,IC4,,visualwebarena/config_files/vwa/test_shopping.raw.json#382dd3e3ebda08c573aa511c89ea1a43a9b2f400e8f26a8e03e26ec54afca46e,
visualwebarena,89f5af29305c3d1e9f97ce4421462060a70c9a03,418,382dd3e3ebda08c573aa511c89ea1a43a9b2f400e8f26a8e03e26ec54afca46e,shopping,visualwebarena/config_files/vwa/test_shopping.raw.json,IC5,,visualwebarena/config_files/vwa/test_shopping.raw.json#382dd3e3ebda08c573aa511c89ea1a43a9b2f400e8f26a8e03e26ec54afca46e,
visualwebarena,89f5af29305c3d1e9f97ce4421462060a70c9a03,418,382dd3e3ebda08c573aa511c89ea1a43a9b2f400e8f26a8e03e26ec54afca46e,shopping,visualwebarena/config_files/vwa/test_shopping.raw.json,IC6,,visualwebarena/config_files/vwa/test_shopping.raw.json#382dd3e3ebda08c573aa511c89ea1a43a9b2f400e8f26a8e03e26ec54afca46e,
visualwebarena,89f5af29305c3d1e9f97ce4421462060a70c9a03,418,382dd3e3ebda08c573aa511c89ea1a43a9b2f400e8f26a8e03e26ec54afca46e,shopping,visualwebarena/config_files/vwa/test_shopping.raw.json,IC7,,visualwebarena/config_files/vwa/test_shopping.raw.json#382dd3e3ebda08c573aa511c89ea1a43a9b2f400e8f26a8e03e26ec54afca46e,
visualwebarena,89f5af29305c3d1e9f97ce4421462060a70c9a03,372,d838e9acb53fd0338a0af88255a9bd57cb3ced9492b7555d8fbe04a78b37faaa,shopping,visualwebarena/config_files/vwa/test_shopping.raw.json,IC1,,visualwebarena/config_files/vwa/test_shopping.raw.json#d838e9acb53fd0338a0af88255a9bd57cb3ced9492b7555d8fbe04a78b37faaa,
visualwebarena,89f5af29305c3d1e9f97ce4421462060a70c9a03,372,d838e9acb53fd0338a0af88255a9bd57cb3ced9492b7555d8fbe04a78b37faaa,shopping,visualwebarena/config_files/vwa/test_shopping.raw.json,IC2,,visualwebarena/config_files/vwa/test_shopping.raw.json#d838e9acb53fd0338a0af88255a9bd57cb3ced9492b7555d8fbe04a78b37faaa,
visualwebarena,89f5af29305c3d1e9f97ce4421462060a70c9a03,372,d838e9acb53fd0338a0af88255a9bd57cb3ced9492b7555d8fbe04a78b37faaa,shopping,visualwebarena/config_files/vwa/test_shopping.raw.json,IC3,,visualwebarena/config_files/vwa/test_shopping.raw.json#d838e9acb53fd0338a0af88255a9bd57cb3ced9492b7555d8fbe04a78b37faaa,
visualwebarena,89f5af29305c3d1e9f97ce4421462060a70c9a03,372,d838e9acb53fd0338a0af88255a9bd57cb3ced9492b7555d8fbe04a78b37faaa,shopping,visualwebarena/config_files/vwa/test_shopping.raw.json,IC4,,visualwebarena/config_files/vwa/test_shopping.raw.json#d838e9acb53fd0338a0af88255a9bd57cb3ced9492b7555d8fbe04a78b37faaa,
visualwebarena,89f5af29305c3d1e9f97ce4421462060a70c9a03,372,d838e9acb53fd0338a0af88255a9bd57cb3ced9492b7555d8fbe04a78b37faaa,shopping,visualwebarena/config_files/vwa/test_shopping.raw.json,IC5,,visualwebarena/config_files/vwa/test_shopping.raw.json#d838e9acb53fd0338a0af88255a9bd57cb3ced9492b7555d8fbe04a78b37faaa,
visualwebarena,89f5af29305c3d1e9f97ce4421462060a70c9a03,372,d838e9acb53fd0338a0af88255a9bd57cb3ced9492b7555d8fbe04a78b37faaa,shopping,visualwebarena/config_files/vwa/test_shopping.raw.json,IC6,,visualwebarena/config_files/vwa/test_shopping.raw.json#d838e9acb53fd0338a0af88255a9bd57cb3ced9492b7555d8fbe04a78b37faaa,
visualwebarena,89f5af29305c3d1e9f97ce4421462060a70c9a03,372,d838e9acb53fd0338a0af88255a9bd57cb3ced9492b7555d8fbe04a78b37faaa,shopping,visualwebarena/config_files/vwa/test_shopping.raw.json,IC7,,visualwebarena/config_files/vwa/test_shopping.raw.json#d838e9acb53fd0338a0af88255a9bd57cb3ced9492b7555d8fbe04a78b37faaa,
visualwebarena,89f5af29305c3d1e9f97ce4421462060a70c9a03,93,31ff4bb46ad68a2a1b81e809e5d5c8520de1b47b4c9cc05e76fab53a7a3e412a,shopping,visualwebarena/config_files/vwa/test_shopping.raw.json,IC1,,visualwebarena/config_files/vwa/test_shopping.raw.json#31ff4bb46ad68a2a1b81e809e5d5c8520de1b47b4c9cc05e76fab53a7a3e412a,
visualwebarena,89f5af29305c3d1e9f97ce4421462060a70c9a03,93,31ff4bb46ad68a2a1b81e809e5d5c8520de1b47b4c9cc05e76fab53a7a3e412a,shopping,visualwebarena/config_files/vwa/test_shopping.raw.json,IC2,,visualwebarena/config_files/vwa/test_shopping.raw.json#31ff4bb46ad68a2a1b81e809e5d5c8520de1b47b4c9cc05e76fab53a7a3e412a,
visualwebarena,89f5af29305c3d1e9f97ce4421462060a70c9a03,93,31ff4bb46ad68a2a1b81e809e5d5c8520de1b47b4c9cc05e76fab53a7a3e412a,shopping,visualwebarena/config_files/vwa/test_shopping.raw.json,IC3,,visualwebarena/config_files/vwa/test_shopping.raw.json#31ff4bb46ad68a2a1b81e809e5d5c8520de1b47b4c9cc05e76fab53a7a3e412a,
visualwebarena,89f5af29305c3d1e9f97ce4421462060a70c9a03,93,31ff4bb46ad68a2a1b81e809e5d5c8520de1b47b4c9cc05e76fab53a7a3e412a,shopping,visualwebarena/config_files/vwa/test_shopping.raw.json,IC4,,visualwebarena/config_files/vwa/test_shopping.raw.json#31ff4bb46ad68a2a1b81e809e5d5c8520de1b47b4c9cc05e76fab53a7a3e412a,
visualwebarena,89f5af29305c3d1e9f97ce4421462060a70c9a03,93,31ff4bb46ad68a2a1b81e809e5d5c8520de1b47b4c9cc05e76fab53a7a3e412a,shopping,visualwebarena/config_files/vwa/test_shopping.raw.json,IC5,,visualwebarena/config_files/vwa/test_shopping.raw.json#31ff4bb46ad68a2a1b81e809e5d5c8520de1b47b4c9cc05e76fab53a7a3e412a,
visualwebarena,89f5af29305c3d1e9f97ce4421462060a70c9a03,93,31ff4bb46ad68a2a1b81e809e5d5c8520de1b47b4c9cc05e76fab53a7a3e412a,shopping,visualwebarena/config_files/vwa/test_shopping.raw.json,IC6,,visualwebarena/config_files/vwa/test_shopping.raw.json#31ff4bb46ad68a2a1b81e809e5d5c8520de1b47b4c9cc05e76fab53a7a3e412a,
visualwebarena,89f5af29305c3d1e9f97ce4421462060a70c9a03,93,31ff4bb46ad68a2a1b81e809e5d5c8520de1b47b4c9cc05e76fab53a7a3e412a,shopping,visualwebarena/config_files/vwa/test_shopping.raw.json,IC7,,visualwebarena/config_files/vwa/test_shopping.raw.json#31ff4bb46ad68a2a1b81e809e5d5c8520de1b47b4c9cc05e76fab53a7a3e412a,
visualwebarena,89f5af29305c3d1e9f97ce4421462060a70c9a03,219,cd4d1cd26c603bdddee062f14099dbfd482cc7f642cdc276f168dbe1cae5a45b,shopping,visualwebarena/config_files/vwa/test_shopping.raw.json,IC1,,visualwebarena/config_files/vwa/test_shopping.raw.json#cd4d1cd26c603bdddee062f14099dbfd482cc7f642cdc276f168dbe1cae5a45b,
visualwebarena,89f5af29305c3d1e9f97ce4421462060a70c9a03,219,cd4d1cd26c603bdddee062f14099dbfd482cc7f642cdc276f168dbe1cae5a45b,shopping,visualwebarena/config_files/vwa/test_shopping.raw.json,IC2,,visualwebarena/config_files/vwa/test_shopping.raw.json#cd4d1cd26c603bdddee062f14099dbfd482cc7f642cdc276f168dbe1cae5a45b,
visualwebarena,89f5af29305c3d1e9f97ce4421462060a70c9a03,219,cd4d1cd26c603bdddee062f14099dbfd482cc7f642cdc276f168dbe1cae5a45b,shopping,visualwebarena/config_files/vwa/test_shopping.raw.json,IC3,,visualwebarena/config_files/vwa/test_shopping.raw.json#cd4d1cd26c603bdddee062f14099dbfd482cc7f642cdc276f168dbe1cae5a45b,
visualwebarena,89f5af29305c3d1e9f97ce4421462060a70c9a03,219,cd4d1cd26c603bdddee062f14099dbfd482cc7f642cdc276f168dbe1cae5a45b,shopping,visualwebarena/config_files/vwa/test_shopping.raw.json,IC4,,visualwebarena/config_files/vwa/test_shopping.raw.json#cd4d1cd26c603bdddee062f14099dbfd482cc7f642cdc276f168dbe1cae5a45b,
visualwebarena,89f5af29305c3d1e9f97ce4421462060a70c9a03,219,cd4d1cd26c603bdddee062f14099dbfd482cc7f642cdc276f168dbe1cae5a45b,shopping,visualwebarena/config_files/vwa/test_shopping.raw.json,IC5,,visualwebarena/config_files/vwa/test_shopping.raw.json#cd4d1cd26c603bdddee062f14099dbfd482cc7f642cdc276f168dbe1cae5a45b,
visualwebarena,89f5af29305c3d1e9f97ce4421462060a70c9a03,219,cd4d1cd26c603bdddee062f14099dbfd482cc7f642cdc276f168dbe1cae5a45b,shopping,visualwebarena/config_files/vwa/test_shopping.raw.json,IC6,,visualwebarena/config_files/vwa/test_shopping.raw.json#cd4d1cd26c603bdddee062f14099dbfd482cc7f642cdc276f168dbe1cae5a45b,
visualwebarena,89f5af29305c3d1e9f97ce4421462060a70c9a03,219,cd4d1cd26c603bdddee062f14099dbfd482cc7f642cdc276f168dbe1cae5a45b,shopping,visualwebarena/config_files/vwa/test_shopping.raw.json,IC7,,visualwebarena/config_files/vwa/test_shopping.raw.json#cd4d1cd26c603bdddee062f14099dbfd482cc7f642cdc276f168dbe1cae5a45b,
visualwebarena,89f5af29305c3d1e9f97ce4421462060a70c9a03,275,8dabfc00617efa374c3cfd436fd8ee246fef41dbcf03065993f2f02c040ab4bb,shopping,visualwebarena/config_files/vwa/test_shopping.raw.json,IC1,,visualwebarena/config_files/vwa/test_shopping.raw.json#8dabfc00617efa374c3cfd436fd8ee246fef41dbcf03065993f2f02c040ab4bb,
visualwebarena,89f5af29305c3d1e9f97ce4421462060a70c9a03,275,8dabfc00617efa374c3cfd436fd8ee246fef41dbcf03065993f2f02c040ab4bb,shopping,visualwebarena/config_files/vwa/test_shopping.raw.json,IC2,,visualwebarena/config_files/vwa/test_shopping.raw.json#8dabfc00617efa374c3cfd436fd8ee246fef41dbcf03065993f2f02c040ab4bb,
visualwebarena,89f5af29305c3d1e9f97ce4421462060a70c9a03,275,8dabfc00617efa374c3cfd436fd8ee246fef41dbcf03065993f2f02c040ab4bb,shopping,visualwebarena/config_files/vwa/test_shopping.raw.json,IC3,,visualwebarena/config_files/vwa/test_shopping.raw.json#8dabfc00617efa374c3cfd436fd8ee246fef41dbcf03065993f2f02c040ab4bb,
visualwebarena,89f5af29305c3d1e9f97ce4421462060a70c9a03,275,8dabfc00617efa374c3cfd436fd8ee246fef41dbcf03065993f2f02c040ab4bb,shopping,visualwebarena/config_files/vwa/test_shopping.raw.json,IC4,,visualwebarena/config_files/vwa/test_shopping.raw.json#8dabfc00617efa374c3cfd436fd8ee246fef41dbcf03065993f2f02c040ab4bb,
visualwebarena,89f5af29305c3d1e9f97ce4421462060a70c9a03,275,8dabfc00617efa374c3cfd436fd8ee246fef41dbcf03065993f2f02c040ab4bb,shopping,visualwebarena/config_files/vwa/test_shopping.raw.json,IC5,,visualwebarena/config_files/vwa/test_shopping.raw.json#8dabfc00617efa374c3cfd436fd8ee246fef41dbcf03065993f2f02c040ab4bb,
visualwebarena,89f5af29305c3d1e9f97ce4421462060a70c9a03,275,8dabfc00617efa374c3cfd436fd8ee246fef41dbcf03065993f2f02c040ab4bb,shopping,visualwebarena/config_files/vwa/test_shopping.raw.json,IC6,,visualwebarena/config_files/vwa/test_shopping.raw.json#8dabfc00617efa374c3cfd436fd8ee246fef41dbcf03065993f2f02c040ab4bb,
visualwebarena,89f5af29305c3d1e9f97ce4421462060a70c9a03,275,8dabfc00617efa374c3cfd436fd8ee246fef41dbcf03065993f2f02c040ab4bb,shopping,visualwebarena/config_files/vwa/test_shopping.raw.json,IC7,,visualwebarena/config_files/vwa/test_shopping.raw.json#8dabfc00617efa374c3cfd436fd8ee246fef41dbcf03065993f2f02c040ab4bb,
visualwebarena,89f5af29305c3d1e9f97ce4421462060a70c9a03,284,daeeb34d4faa7cc6b7d46a26724fb66780ba506b30df1738fce18d35a275ea21,shopping|wikipedia,visualwebarena/config_files/vwa/test_shopping.raw.json,IC1,,visualwebarena/config_files/vwa/test_shopping.raw.json#daeeb34d4faa7cc6b7d46a26724fb66780ba506b30df1738fce18d35a275ea21,
visualwebarena,89f5af29305c3d1e9f97ce4421462060a70c9a03,284,daeeb34d4faa7cc6b7d46a26724fb66780ba506b30df1738fce18d35a275ea21,shopping|wikipedia,visualwebarena/config_files/vwa/test_shopping.raw.json,IC2,,visualwebarena/config_files/vwa/test_shopping.raw.json#daeeb34d4faa7cc6b7d46a26724fb66780ba506b30df1738fce18d35a275ea21,
visualwebarena,89f5af29305c3d1e9f97ce4421462060a70c9a03,284,daeeb34d4faa7cc6b7d46a26724fb66780ba506b30df1738fce18d35a275ea21,shopping|wikipedia,visualwebarena/config_files/vwa/test_shopping.raw.json,IC3,,visualwebarena/config_files/vwa/test_shopping.raw.json#daeeb34d4faa7cc6b7d46a26724fb66780ba506b30df1738fce18d35a275ea21,
visualwebarena,89f5af29305c3d1e9f97ce4421462060a70c9a03,284,daeeb34d4faa7cc6b7d46a26724fb66780ba506b30df1738fce18d35a275ea21,shopping|wikipedia,visualwebarena/config_files/vwa/test_shopping.raw.json,IC4,,visualwebarena/config_files/vwa/test_shopping.raw.json#daeeb34d4faa7cc6b7d46a26724fb66780ba506b30df1738fce18d35a275ea21,
visualwebarena,89f5af29305c3d1e9f97ce4421462060a70c9a03,284,daeeb34d4faa7cc6b7d46a26724fb66780ba506b30df1738fce18d35a275ea21,shopping|wikipedia,visualwebarena/config_files/vwa/test_shopping.raw.json,IC5,,visualwebarena/config_files/vwa/test_shopping.raw.json#daeeb34d4faa7cc6b7d46a26724fb66780ba506b30df1738fce18d35a275ea21,
visualwebarena,89f5af29305c3d1e9f97ce4421462060a70c9a03,284,daeeb34d4faa7cc6b7d46a26724fb66780ba506b30df1738fce18d35a275ea21,shopping|wikipedia,visualwebarena/config_files/vwa/test_shopping.raw.json,IC6,,visualwebarena/config_files/vwa/test_shopping.raw.json#daeeb34d4faa7cc6b7d46a26724fb66780ba506b30df1738fce18d35a275ea21,
visualwebarena,89f5af29305c3d1e9f97ce4421462060a70c9a03,284,daeeb34d4faa7cc6b7d46a26724fb66780ba506b30df1738fce18d35a275ea21,shopping|wikipedia,visualwebarena/config_files/vwa/test_shopping.raw.json,IC7,,visualwebarena/config_files/vwa/test_shopping.raw.json#daeeb34d4faa7cc6b7d46a26724fb66780ba506b30df1738fce18d35a275ea21,
webarena-verified,6473f72db5dcefc97b5725b59e734504edc28a21,317,e3240c6be9db72db0284ff151136b3a4654fe2fa1e28c83ae22411098885bf1e,gitlab,webarena-verified/assets/dataset/webarena-verified.json,IC1,,webarena-verified/assets/dataset/webarena-verified.json#e3240c6be9db72db0284ff151136b3a4654fe2fa1e28c83ae22411098885bf1e,
webarena-verified,6473f72db5dcefc97b5725b59e734504edc28a21,317,e3240c6be9db72db0284ff151136b3a4654fe2fa1e28c83ae22411098885bf1e,gitlab,webarena-verified/assets/dataset/webarena-verified.json,IC2,,webarena-verified/assets/dataset/webarena-verified.json#e3240c6be9db72db0284ff151136b3a4654fe2fa1e28c83ae22411098885bf1e,
webarena-verified,6473f72db5dcefc97b5725b59e734504edc28a21,317,e3240c6be9db72db0284ff151136b3a4654fe2fa1e28c83ae22411098885bf1e,gitlab,webarena-verified/assets/dataset/webarena-verified.json,IC3,,webarena-verified/assets/dataset/webarena-verified.json#e3240c6be9db72db0284ff151136b3a4654fe2fa1e28c83ae22411098885bf1e,
webarena-verified,6473f72db5dcefc97b5725b59e734504edc28a21,317,e3240c6be9db72db0284ff151136b3a4654fe2fa1e28c83ae22411098885bf1e,gitlab,webarena-verified/assets/dataset/webarena-verified.json,IC4,,webarena-verified/assets/dataset/webarena-verified.json#e3240c6be9db72db0284ff151136b3a4654fe2fa1e28c83ae22411098885bf1e,
webarena-verified,6473f72db5dcefc97b5725b59e734504edc28a21,317,e3240c6be9db72db0284ff151136b3a4654fe2fa1e28c83ae22411098885bf1e,gitlab,webarena-verified/assets/dataset/webarena-verified.json,IC5,,webarena-verified/assets/dataset/webarena-verified.json#e3240c6be9db72db0284ff151136b3a4654fe2fa1e28c83ae22411098885bf1e,
webarena-verified,6473f72db5dcefc97b5725b59e734504edc28a21,317,e3240c6be9db72db0284ff151136b3a4654fe2fa1e28c83ae22411098885bf1e,gitlab,webarena-verified/assets/dataset/webarena-verified.json,IC6,,webarena-verified/assets/dataset/webarena-verified.json#e3240c6be9db72db0284ff151136b3a4654fe2fa1e28c83ae22411098885bf1e,
webarena-verified,6473f72db5dcefc97b5725b59e734504edc28a21,317,e3240c6be9db72db0284ff151136b3a4654fe2fa1e28c83ae22411098885bf1e,gitlab,webarena-verified/assets/dataset/webarena-verified.json,IC7,,webarena-verified/assets/dataset/webarena-verified.json#e3240c6be9db72db0284ff151136b3a4654fe2fa1e28c83ae22411098885bf1e,
webarena-verified,6473f72db5dcefc97b5725b59e734504edc28a21,534,bd9ed708e468309d692c00302a0c8d83d52c26d2d147aebafd4984ee6c3cedf7,gitlab,webarena-verified/assets/dataset/webarena-verified.json,IC1,,webarena-verified/assets/dataset/webarena-verified.json#bd9ed708e468309d692c00302a0c8d83d52c26d2d147aebafd4984ee6c3cedf7,
webarena-verified,6473f72db5dcefc97b5725b59e734504edc28a21,534,bd9ed708e468309d692c00302a0c8d83d52c26d2d147aebafd4984ee6c3cedf7,gitlab,webarena-verified/assets/dataset/webarena-verified.json,IC2,,webarena-verified/assets/dataset/webarena-verified.json#bd9ed708e468309d692c00302a0c8d83d52c26d2d147aebafd4984ee6c3cedf7,
webarena-verified,6473f72db5dcefc97b5725b59e734504edc28a21,534,bd9ed708e468309d692c00302a0c8d83d52c26d2d147aebafd4984ee6c3cedf7,gitlab,webarena-verified/assets/dataset/webarena-verified.json,IC3,,webarena-verified/assets/dataset/webarena-verified.json#bd9ed708e468309d692c00302a0c8d83d52c26d2d147aebafd4984ee6c3cedf7,
webarena-verified,6473f72db5dcefc97b5725b59e734504edc28a21,534,bd9ed708e468309d692c00302a0c8d83d52c26d2d147aebafd4984ee6c3cedf7,gitlab,webarena-verified/assets/dataset/webarena-verified.json,IC4,,webarena-verified/assets/dataset/webarena-verified.json#bd9ed708e468309d692c00302a0c8d83d52c26d2d147aebafd4984ee6c3cedf7,
webarena-verified,6473f72db5dcefc97b5725b59e734504edc28a21,534,bd9ed708e468309d692c00302a0c8d83d52c26d2d147aebafd4984ee6c3cedf7,gitlab,webarena-verified/assets/dataset/webarena-verified.json,IC5,,webarena-verified/assets/dataset/webarena-verified.json#bd9ed708e468309d692c00302a0c8d83d52c26d2d147aebafd4984ee6c3cedf7,
webarena-verified,6473f72db5dcefc97b5725b59e734504edc28a21,534,bd9ed708e468309d692c00302a0c8d83d52c26d2d147aebafd4984ee6c3cedf7,gitlab,webarena-verified/assets/dataset/webarena-verified.json,IC6,,webarena-verified/assets/dataset/webarena-verified.json#bd9ed708e468309d692c00302a0c8d83d52c26d2d147aebafd4984ee6c3cedf7,
webarena-verified,6473f72db5dcefc97b5725b59e734504edc28a21,534,bd9ed708e468309d692c00302a0c8d83d52c26d2d147aebafd4984ee6c3cedf7,gitlab,webarena-verified/assets/dataset/webarena-verified.json,IC7,,webarena-verified/assets/dataset/webarena-verified.json#bd9ed708e468309d692c00302a0c8d83d52c26d2d147aebafd4984ee6c3cedf7,
webarena-verified,6473f72db5dcefc97b5725b59e734504edc28a21,449,f735a72c9ec8c85e728f1a69aa18eac99ac0a4d6343c366e29e69f70f4f0b407,gitlab,webarena-verified/assets/dataset/webarena-verified.json,IC1,,webarena-verified/assets/dataset/webarena-verified.json#f735a72c9ec8c85e728f1a69aa18eac99ac0a4d6343c366e29e69f70f4f0b407,
webarena-verified,6473f72db5dcefc97b5725b59e734504edc28a21,449,f735a72c9ec8c85e728f1a69aa18eac99ac0a4d6343c366e29e69f70f4f0b407,gitlab,webarena-verified/assets/dataset/webarena-verified.json,IC2,,webarena-verified/assets/dataset/webarena-verified.json#f735a72c9ec8c85e728f1a69aa18eac99ac0a4d6343c366e29e69f70f4f0b407,
webarena-verified,6473f72db5dcefc97b5725b59e734504edc28a21,449,f735a72c9ec8c85e728f1a69aa18eac99ac0a4d6343c366e29e69f70f4f0b407,gitlab,webarena-verified/assets/dataset/webarena-verified.json,IC3,,webarena-verified/assets/dataset/webarena-verified.json#f735a72c9ec8c85e728f1a69aa18eac99ac0a4d6343c366e29e69f70f4f0b407,
webarena-verified,6473f72db5dcefc97b5725b59e734504edc28a21,449,f735a72c9ec8c85e728f1a69aa18eac99ac0a4d6343c366e29e69f70f4f0b407,gitlab,webarena-verified/assets/dataset/webarena-verified.json,IC4,,webarena-verified/assets/dataset/webarena-verified.json#f735a72c9ec8c85e728f1a69aa18eac99ac0a4d6343c366e29e69f70f4f0b407,
webarena-verified,6473f72db5dcefc97b5725b59e734504edc28a21,449,f735a72c9ec8c85e728f1a69aa18eac99ac0a4d6343c366e29e69f70f4f0b407,gitlab,webarena-verified/assets/dataset/webarena-verified.json,IC5,,webarena-verified/assets/dataset/webarena-verified.json#f735a72c9ec8c85e728f1a69aa18eac99ac0a4d6343c366e29e69f70f4f0b407,
webarena-verified,6473f72db5dcefc97b5725b59e734504edc28a21,449,f735a72c9ec8c85e728f1a69aa18eac99ac0a4d6343c366e29e69f70f4f0b407,gitlab,webarena-verified/assets/dataset/webarena-verified.json,IC6,,webarena-verified/assets/dataset/webarena-verified.json#f735a72c9ec8c85e728f1a69aa18eac99ac0a4d6343c366e29e69f70f4f0b407,
webarena-verified,6473f72db5dcefc97b5725b59e734504edc28a21,449,f735a72c9ec8c85e728f1a69aa18eac99ac0a4d6343c366e29e69f70f4f0b407,gitlab,webarena-verified/assets/dataset/webarena-verified.json,IC7,,webarena-verified/assets/dataset/webarena-verified.json#f735a72c9ec8c85e728f1a69aa18eac99ac0a4d6343c366e29e69f70f4f0b407,
webarena-verified,6473f72db5dcefc97b5725b59e734504edc28a21,393,71350f76e5d6d2444a75378f0d3885f3affeaf193654218bf5ac56651befb9c0,gitlab,webarena-verified/assets/dataset/webarena-verified.json,IC1,,webarena-verified/assets/dataset/webarena-verified.json#71350f76e5d6d2444a75378f0d3885f3affeaf193654218bf5ac56651befb9c0,
webarena-verified,6473f72db5dcefc97b5725b59e734504edc28a21,393,71350f76e5d6d2444a75378f0d3885f3affeaf193654218bf5ac56651befb9c0,gitlab,webarena-verified/assets/dataset/webarena-verified.json,IC2,,webarena-verified/assets/dataset/webarena-verified.json#71350f76e5d6d2444a75378f0d3885f3affeaf193654218bf5ac56651befb9c0,
webarena-verified,6473f72db5dcefc97b5725b59e734504edc28a21,393,71350f76e5d6d2444a75378f0d3885f3affeaf193654218bf5ac56651befb9c0,gitlab,webarena-verified/assets/dataset/webarena-verified.json,IC3,,webarena-verified/assets/dataset/webarena-verified.json#71350f76e5d6d2444a75378f0d3885f3affeaf193654218bf5ac56651befb9c0,
webarena-verified,6473f72db5dcefc97b5725b59e734504edc28a21,393,71350f76e5d6d2444a75378f0d3885f3affeaf193654218bf5ac56651befb9c0,gitlab,webarena-verified/assets/dataset/webarena-verified.json,IC4,,webarena-verified/assets/dataset/webarena-verified.json#71350f76e5d6d2444a75378f0d3885f3affeaf193654218bf5ac56651befb9c0,
webarena-verified,6473f72db5dcefc97b5725b59e734504edc28a21,393,71350f76e5d6d2444a75378f0d3885f3affeaf193654218bf5ac56651befb9c0,gitlab,webarena-verified/assets/dataset/webarena-verified.json,IC5,,webarena-verified/assets/dataset/webarena-verified.json#71350f76e5d6d2444a75378f0d3885f3affeaf193654218bf5ac56651befb9c0,
webarena-verified,6473f72db5dcefc97b5725b59e734504edc28a21,393,71350f76e5d6d2444a75378f0d3885f3affeaf193654218bf5ac56651befb9c0,gitlab,webarena-verified/assets/dataset/webarena-verified.json,IC6,,webarena-verified/assets/dataset/webarena-verified.json#71350f76e5d6d2444a75378f0d3885f3affeaf193654218bf5ac56651befb9c0,
webarena-verified,6473f72db5dcefc97b5725b59e734504edc28a21,393,71350f76e5d6d2444a75378f0d3885f3affeaf193654218bf5ac56651befb9c0,gitlab,webarena-verified/assets/dataset/webarena-verified.json,IC7,,webarena-verified/assets/dataset/webarena-verified.json#71350f76e5d6d2444a75378f0d3885f3affeaf193654218bf5ac56651befb9c0,
webarena-verified,6473f72db5dcefc97b5725b59e734504edc28a21,811,24ad6701418ffdcd015774b2c03212de51b8cca84655dfdcd2275051cefc2dc9,gitlab,webarena-verified/assets/dataset/webarena-verified.json,IC1,,webarena-verified/assets/dataset/webarena-verified.json#24ad6701418ffdcd015774b2c03212de51b8cca84655dfdcd2275051cefc2dc9,
webarena-verified,6473f72db5dcefc97b5725b59e734504edc28a21,811,24ad6701418ffdcd015774b2c03212de51b8cca84655dfdcd2275051cefc2dc9,gitlab,webarena-verified/assets/dataset/webarena-verified.json,IC2,,webarena-verified/assets/dataset/webarena-verified.json#24ad6701418ffdcd015774b2c03212de51b8cca84655dfdcd2275051cefc2dc9,
webarena-verified,6473f72db5dcefc97b5725b59e734504edc28a21,811,24ad6701418ffdcd015774b2c03212de51b8cca84655dfdcd2275051cefc2dc9,gitlab,webarena-verified/assets/dataset/webarena-verified.json,IC3,,webarena-verified/assets/dataset/webarena-verified.json#24ad6701418ffdcd015774b2c03212de51b8cca84655dfdcd2275051cefc2dc9,
webarena-verified,6473f72db5dcefc97b5725b59e734504edc28a21,811,24ad6701418ffdcd015774b2c03212de51b8cca84655dfdcd2275051cefc2dc9,gitlab,webarena-verified/assets/dataset/webarena-verified.json,IC4,,webarena-verified/assets/dataset/webarena-verified.json#24ad6701418ffdcd015774b2c03212de51b8cca84655dfdcd2275051cefc2dc9,
webarena-verified,6473f72db5dcefc97b5725b59e734504edc28a21,811,24ad6701418ffdcd015774b2c03212de51b8cca84655dfdcd2275051cefc2dc9,gitlab,webarena-verified/assets/dataset/webarena-verified.json,IC5,,webarena-verified/assets/dataset/webarena-verified.json#24ad6701418ffdcd015774b2c03212de51b8cca84655dfdcd2275051cefc2dc9,
webarena-verified,6473f72db5dcefc97b5725b59e734504edc28a21,811,24ad6701418ffdcd015774b2c03212de51b8cca84655dfdcd2275051cefc2dc9,gitlab,webarena-verified/assets/dataset/webarena-verified.json,IC6,,webarena-verified/assets/dataset/webarena-verified.json#24ad6701418ffdcd015774b2c03212de51b8cca84655dfdcd2275051cefc2dc9,
webarena-verified,6473f72db5dcefc97b5725b59e734504edc28a21,811,24ad6701418ffdcd015774b2c03212de51b8cca84655dfdcd2275051cefc2dc9,gitlab,webarena-verified/assets/dataset/webarena-verified.json,IC7,,webarena-verified/assets/dataset/webarena-verified.json#24ad6701418ffdcd015774b2c03212de51b8cca84655dfdcd2275051cefc2dc9,
webarena-verified,6473f72db5dcefc97b5725b59e734504edc28a21,444,242f01d94bad1fb160c5953218cc550e244b4fe582286d617ff7c4f28672cbd9,gitlab,webarena-verified/assets/dataset/webarena-verified.json,IC1,,webarena-verified/assets/dataset/webarena-verified.json#242f01d94bad1fb160c5953218cc550e244b4fe582286d617ff7c4f28672cbd9,
webarena-verified,6473f72db5dcefc97b5725b59e734504edc28a21,444,242f01d94bad1fb160c5953218cc550e244b4fe582286d617ff7c4f28672cbd9,gitlab,webarena-verified/assets/dataset/webarena-verified.json,IC2,,webarena-verified/assets/dataset/webarena-verified.json#242f01d94bad1fb160c5953218cc550e244b4fe582286d617ff7c4f28672cbd9,
webarena-verified,6473f72db5dcefc97b5725b59e734504edc28a21,444,242f01d94bad1fb160c5953218cc550e244b4fe582286d617ff7c4f28672cbd9,gitlab,webarena-verified/assets/dataset/webarena-verified.json,IC3,,webarena-verified/assets/dataset/webarena-verified.json#242f01d94bad1fb160c5953218cc550e244b4fe582286d617ff7c4f28672cbd9,
webarena-verified,6473f72db5dcefc97b5725b59e734504edc28a21,444,242f01d94bad1fb160c5953218cc550e244b4fe582286d617ff7c4f28672cbd9,gitlab,webarena-verified/assets/dataset/webarena-verified.json,IC4,,webarena-verified/assets/dataset/webarena-verified.json#242f01d94bad1fb160c5953218cc550e244b4fe582286d617ff7c4f28672cbd9,
webarena-verified,6473f72db5dcefc97b5725b59e734504edc28a21,444,242f01d94bad1fb160c5953218cc550e244b4fe582286d617ff7c4f28672cbd9,gitlab,webarena-verified/assets/dataset/webarena-verified.json,IC5,,webarena-verified/assets/dataset/webarena-verified.json#242f01d94bad1fb160c5953218cc550e244b4fe582286d617ff7c4f28672cbd9,
webarena-verified,6473f72db5dcefc97b5725b59e734504edc28a21,444,242f01d94bad1fb160c5953218cc550e244b4fe582286d617ff7c4f28672cbd9,gitlab,webarena-verified/assets/dataset/webarena-verified.json,IC6,,webarena-verified/assets/dataset/webarena-verified.json#242f01d94bad1fb160c5953218cc550e244b4fe582286d617ff7c4f28672cbd9,
webarena-verified,6473f72db5dcefc97b5725b59e734504edc28a21,444,242f01d94bad1fb160c5953218cc550e244b4fe582286d617ff7c4f28672cbd9,gitlab,webarena-verified/assets/dataset/webarena-verified.json,IC7,,webarena-verified/assets/dataset/webarena-verified.json#242f01d94bad1fb160c5953218cc550e244b4fe582286d617ff7c4f28672cbd9,
webarena-verified,6473f72db5dcefc97b5725b59e734504edc28a21,447,d6dfd644bead9bf6e880c94553b18039e967abbc180d0e6a895d57e6abe49cb0,gitlab,webarena-verified/assets/dataset/webarena-verified.json,IC1,,webarena-verified/assets/dataset/webarena-verified.json#d6dfd644bead9bf6e880c94553b18039e967abbc180d0e6a895d57e6abe49cb0,
webarena-verified,6473f72db5dcefc97b5725b59e734504edc28a21,447,d6dfd644bead9bf6e880c94553b18039e967abbc180d0e6a895d57e6abe49cb0,gitlab,webarena-verified/assets/dataset/webarena-verified.json,IC2,,webarena-verified/assets/dataset/webarena-verified.json#d6dfd644bead9bf6e880c94553b18039e967abbc180d0e6a895d57e6abe49cb0,
webarena-verified,6473f72db5dcefc97b5725b59e734504edc28a21,447,d6dfd644bead9bf6e880c94553b18039e967abbc180d0e6a895d57e6abe49cb0,gitlab,webarena-verified/assets/dataset/webarena-verified.json,IC3,,webarena-verified/assets/dataset/webarena-verified.json#d6dfd644bead9bf6e880c94553b18039e967abbc180d0e6a895d57e6abe49cb0,
webarena-verified,6473f72db5dcefc97b5725b59e734504edc28a21,447,d6dfd644bead9bf6e880c94553b18039e967abbc180d0e6a895d57e6abe49cb0,gitlab,webarena-verified/assets/dataset/webarena-verified.json,IC4,,webarena-verified/assets/dataset/webarena-verified.json#d6dfd644bead9bf6e880c94553b18039e967abbc180d0e6a895d57e6abe49cb0,
webarena-verified,6473f72db5dcefc97b5725b59e734504edc28a21,447,d6dfd644bead9bf6e880c94553b18039e967abbc180d0e6a895d57e6abe49cb0,gitlab,webarena-verified/assets/dataset/webarena-verified.json,IC5,,webarena-verified/assets/dataset/webarena-verified.json#d6dfd644bead9bf6e880c94553b18039e967abbc180d0e6a895d57e6abe49cb0,
webarena-verified,6473f72db5dcefc97b5725b59e734504edc28a21,447,d6dfd644bead9bf6e880c94553b18039e967abbc180d0e6a895d57e6abe49cb0,gitlab,webarena-verified/assets/dataset/webarena-verified.json,IC6,,webarena-verified/assets/dataset/webarena-verified.json#d6dfd644bead9bf6e880c94553b18039e967abbc180d0e6a895d57e6abe49cb0,
webarena-verified,6473f72db5dcefc97b5725b59e734504edc28a21,447,d6dfd644bead9bf6e880c94553b18039e967abbc180d0e6a895d57e6abe49cb0,gitlab,webarena-verified/assets/dataset/webarena-verified.json,IC7,,webarena-verified/assets/dataset/webarena-verified.json#d6dfd644bead9bf6e880c94553b18039e967abbc180d0e6a895d57e6abe49cb0,
webarena-verified,6473f72db5dcefc97b5725b59e734504edc28a21,477,9ca2e057b8edccee5dd270ab42b50355d4812a202873da44976febdfe5ef3390,gitlab,webarena-verified/assets/dataset/webarena-verified.json,IC1,,webarena-verified/assets/dataset/webarena-verified.json#9ca2e057b8edccee5dd270ab42b50355d4812a202873da44976febdfe5ef3390,
webarena-verified,6473f72db5dcefc97b5725b59e734504edc28a21,477,9ca2e057b8edccee5dd270ab42b50355d4812a202873da44976febdfe5ef3390,gitlab,webarena-verified/assets/dataset/webarena-verified.json,IC2,,webarena-verified/assets/dataset/webarena-verified.json#9ca2e057b8edccee5dd270ab42b50355d4812a202873da44976febdfe5ef3390,
webarena-verified,6473f72db5dcefc97b5725b59e734504edc28a21,477,9ca2e057b8edccee5dd270ab42b50355d4812a202873da44976febdfe5ef3390,gitlab,webarena-verified/assets/dataset/webarena-verified.json,IC3,,webarena-verified/assets/dataset/webarena-verified.json#9ca2e057b8edccee5dd270ab42b50355d4812a202873da44976febdfe5ef3390,
webarena-verified,6473f72db5dcefc97b5725b59e734504edc28a21,477,9ca2e057b8edccee5dd270ab42b50355d4812a202873da44976febdfe5ef3390,gitlab,webarena-verified/assets/dataset/webarena-verified.json,IC4,,webarena-verified/assets/dataset/webarena-verified.json#9ca2e057b8edccee5dd270ab42b50355d4812a202873da44976febdfe5ef3390,
webarena-verified,6473f72db5dcefc97b5725b59e734504edc28a21,477,9ca2e057b8edccee5dd270ab42b50355d4812a202873da44976febdfe5ef3390,gitlab,webarena-verified/assets/dataset/webarena-verified.json,IC5,,webarena-verified/assets/dataset/webarena-verified.json#9ca2e057b8edccee5dd270ab42b50355d4812a202873da44976febdfe5ef3390,
webarena-verified,6473f72db5dcefc97b5725b59e734504edc28a21,477,9ca2e057b8edccee5dd270ab42b50355d4812a202873da44976febdfe5ef3390,gitlab,webarena-verified/assets/dataset/webarena-verified.json,IC6,,webarena-verified/assets/dataset/webarena-verified.json#9ca2e057b8edccee5dd270ab42b50355d4812a202873da44976febdfe5ef3390,
webarena-verified,6473f72db5dcefc97b5725b59e734504edc28a21,477,9ca2e057b8edccee5dd270ab42b50355d4812a202873da44976febdfe5ef3390,gitlab,webarena-verified/assets/dataset/webarena-verified.json,IC7,,webarena-verified/assets/dataset/webarena-verified.json#9ca2e057b8edccee5dd270ab42b50355d4812a202873da44976febdfe5ef3390,
webarena-verified,6473f72db5dcefc97b5725b59e734504edc28a21,420,f2cc503525a4a521a97b435d684867e605f4f08ab44fb98799e889ded13784e8,gitlab,webarena-verified/assets/dataset/webarena-verified.json,IC1,,webarena-verified/assets/dataset/webarena-verified.json#f2cc503525a4a521a97b435d684867e605f4f08ab44fb98799e889ded13784e8,
webarena-verified,6473f72db5dcefc97b5725b59e734504edc28a21,420,f2cc503525a4a521a97b435d684867e605f4f08ab44fb98799e889ded13784e8,gitlab,webarena-verified/assets/dataset/webarena-verified.json,IC2,,webarena-verified/assets/dataset/webarena-verified.json#f2cc503525a4a521a97b435d684867e605f4f08ab44fb98799e889ded13784e8,
webarena-verified,6473f72db5dcefc97b5725b59e734504edc28a21,420,f2cc503525a4a521a97b435d684867e605f4f08ab44fb98799e889ded13784e8,gitlab,webarena-verified/assets/dataset/webarena-verified.json,IC3,,webarena-verified/assets/dataset/webarena-verified.json#f2cc503525a4a521a97b435d684867e605f4f08ab44fb98799e889ded13784e8,
webarena-verified,6473f72db5dcefc97b5725b59e734504edc28a21,420,f2cc503525a4a521a97b435d684867e605f4f08ab44fb98799e889ded13784e8,gitlab,webarena-verified/assets/dataset/webarena-verified.json,IC4,,webarena-verified/assets/dataset/webarena-verified.json#f2cc503525a4a521a97b435d684867e605f4f08ab44fb98799e889ded13784e8,
webarena-verified,6473f72db5dcefc97b5725b59e734504edc28a21,420,f2cc503525a4a521a97b435d684867e605f4f08ab44fb98799e889ded13784e8,gitlab,webarena-verified/assets/dataset/webarena-verified.json,IC5,,webarena-verified/assets/dataset/webarena-verified.json#f2cc503525a4a521a97b435d684867e605f4f08ab44fb98799e889ded13784e8,
webarena-verified,6473f72db5dcefc97b5725b59e734504edc28a21,420,f2cc503525a4a521a97b435d684867e605f4f08ab44fb98799e889ded13784e8,gitlab,webarena-verified/assets/dataset/webarena-verified.json,IC6,,webarena-verified/assets/dataset/webarena-verified.json#f2cc503525a4a521a97b435d684867e605f4f08ab44fb98799e889ded13784e8,
webarena-verified,6473f72db5dcefc97b5725b59e734504edc28a21,420,f2cc503525a4a521a97b435d684867e605f4f08ab44fb98799e889ded13784e8,gitlab,webarena-verified/assets/dataset/webarena-verified.json,IC7,,webarena-verified/assets/dataset/webarena-verified.json#f2cc503525a4a521a97b435d684867e605f4f08ab44fb98799e889ded13784e8,
webarena-verified,6473f72db5dcefc97b5725b59e734504edc28a21,799,e9140b8082435aa99435299822554a499352847a6767d9746f9fbfbe84bcf640,gitlab,webarena-verified/assets/dataset/webarena-verified.json,IC1,,webarena-verified/assets/dataset/webarena-verified.json#e9140b8082435aa99435299822554a499352847a6767d9746f9fbfbe84bcf640,
webarena-verified,6473f72db5dcefc97b5725b59e734504edc28a21,799,e9140b8082435aa99435299822554a499352847a6767d9746f9fbfbe84bcf640,gitlab,webarena-verified/assets/dataset/webarena-verified.json,IC2,,webarena-verified/assets/dataset/webarena-verified.json#e9140b8082435aa99435299822554a499352847a6767d9746f9fbfbe84bcf640,
webarena-verified,6473f72db5dcefc97b5725b59e734504edc28a21,799,e9140b8082435aa99435299822554a499352847a6767d9746f9fbfbe84bcf640,gitlab,webarena-verified/assets/dataset/webarena-verified.json,IC3,,webarena-verified/assets/dataset/webarena-verified.json#e9140b8082435aa99435299822554a499352847a6767d9746f9fbfbe84bcf640,
webarena-verified,6473f72db5dcefc97b5725b59e734504edc28a21,799,e9140b8082435aa99435299822554a499352847a6767d9746f9fbfbe84bcf640,gitlab,webarena-verified/assets/dataset/webarena-verified.json,IC4,,webarena-verified/assets/dataset/webarena-verified.json#e9140b8082435aa99435299822554a499352847a6767d9746f9fbfbe84bcf640,
webarena-verified,6473f72db5dcefc97b5725b59e734504edc28a21,799,e9140b8082435aa99435299822554a499352847a6767d9746f9fbfbe84bcf640,gitlab,webarena-verified/assets/dataset/webarena-verified.json,IC5,,webarena-verified/assets/dataset/webarena-verified.json#e9140b8082435aa99435299822554a499352847a6767d9746f9fbfbe84bcf640,
webarena-verified,6473f72db5dcefc97b5725b59e734504edc28a21,799,e9140b8082435aa99435299822554a499352847a6767d9746f9fbfbe84bcf640,gitlab,webarena-verified/assets/dataset/webarena-verified.json,IC6,,webarena-verified/assets/dataset/webarena-verified.json#e9140b8082435aa99435299822554a499352847a6767d9746f9fbfbe84bcf640,
webarena-verified,6473f72db5dcefc97b5725b59e734504edc28a21,799,e9140b8082435aa99435299822554a499352847a6767d9746f9fbfbe84bcf640,gitlab,webarena-verified/assets/dataset/webarena-verified.json,IC7,,webarena-verified/assets/dataset/webarena-verified.json#e9140b8082435aa99435299822554a499352847a6767d9746f9fbfbe84bcf640,
webarena-verified,6473f72db5dcefc97b5725b59e734504edc28a21,311,949645cb73498cc2e09028e6c5e70aba03f4ce0c24e76f77cdcbf7420b784600,gitlab,webarena-verified/assets/dataset/webarena-verified.json,IC1,,webarena-verified/assets/dataset/webarena-verified.json#949645cb73498cc2e09028e6c5e70aba03f4ce0c24e76f77cdcbf7420b784600,
webarena-verified,6473f72db5dcefc97b5725b59e734504edc28a21,311,949645cb73498cc2e09028e6c5e70aba03f4ce0c24e76f77cdcbf7420b784600,gitlab,webarena-verified/assets/dataset/webarena-verified.json,IC2,,webarena-verified/assets/dataset/webarena-verified.json#949645cb73498cc2e09028e6c5e70aba03f4ce0c24e76f77cdcbf7420b784600,
webarena-verified,6473f72db5dcefc97b5725b59e734504edc28a21,311,949645cb73498cc2e09028e6c5e70aba03f4ce0c24e76f77cdcbf7420b784600,gitlab,webarena-verified/assets/dataset/webarena-verified.json,IC3,,webarena-verified/assets/dataset/webarena-verified.json#949645cb73498cc2e09028e6c5e70aba03f4ce0c24e76f77cdcbf7420b784600,
webarena-verified,6473f72db5dcefc97b5725b59e734504edc28a21,311,949645cb73498cc2e09028e6c5e70aba03f4ce0c24e76f77cdcbf7420b784600,gitlab,webarena-verified/assets/dataset/webarena-verified.json,IC4,,webarena-verified/assets/dataset/webarena-verified.json#949645cb73498cc2e09028e6c5e70aba03f4ce0c24e76f77cdcbf7420b784600,
webarena-verified,6473f72db5dcefc97b5725b59e734504edc28a21,311,949645cb73498cc2e09028e6c5e70aba03f4ce0c24e76f77cdcbf7420b784600,gitlab,webarena-verified/assets/dataset/webarena-verified.json,IC5,,webarena-verified/assets/dataset/webarena-verified.json#949645cb73498cc2e09028e6c5e70aba03f4ce0c24e76f77cdcbf7420b784600,
webarena-verified,6473f72db5dcefc97b5725b59e734504edc28a21,311,949645cb73498cc2e09028e6c5e70aba03f4ce0c24e76f77cdcbf7420b784600,gitlab,webarena-verified/assets/dataset/webarena-verified.json,IC6,,webarena-verified/assets/dataset/webarena-verified.json#949645cb73498cc2e09028e6c5e70aba03f4ce0c24e76f77cdcbf7420b784600,
webarena-verified,6473f72db5dcefc97b5725b59e734504edc28a21,311,949645cb73498cc2e09028e6c5e70aba03f4ce0c24e76f77cdcbf7420b784600,gitlab,webarena-verified/assets/dataset/webarena-verified.json,IC7,,webarena-verified/assets/dataset/webarena-verified.json#949645cb73498cc2e09028e6c5e70aba03f4ce0c24e76f77cdcbf7420b784600,
webarena-verified,6473f72db5dcefc97b5725b59e734504edc28a21,523,4594ec8a91364dad30d8a445ef62dac4f88cfbf11bcdd86ee0e4f83656e4465c,gitlab,webarena-verified/assets/dataset/webarena-verified.json,IC1,,webarena-verified/assets/dataset/webarena-verified.json#4594ec8a91364dad30d8a445ef62dac4f88cfbf11bcdd86ee0e4f83656e4465c,
webarena-verified,6473f72db5dcefc97b5725b59e734504edc28a21,523,4594ec8a91364dad30d8a445ef62dac4f88cfbf11bcdd86ee0e4f83656e4465c,gitlab,webarena-verified/assets/dataset/webarena-verified.json,IC2,,webarena-verified/assets/dataset/webarena-verified.json#4594ec8a91364dad30d8a445ef62dac4f88cfbf11bcdd86ee0e4f83656e4465c,
webarena-verified,6473f72db5dcefc97b5725b59e734504edc28a21,523,4594ec8a91364dad30d8a445ef62dac4f88cfbf11bcdd86ee0e4f83656e4465c,gitlab,webarena-verified/assets/dataset/webarena-verified.json,IC3,,webarena-verified/assets/dataset/webarena-verified.json#4594ec8a91364dad30d8a445ef62dac4f88cfbf11bcdd86ee0e4f83656e4465c,
webarena-verified,6473f72db5dcefc97b5725b59e734504edc28a21,523,4594ec8a91364dad30d8a445ef62dac4f88cfbf11bcdd86ee0e4f83656e4465c,gitlab,webarena-verified/assets/dataset/webarena-verified.json,IC4,,webarena-verified/assets/dataset/webarena-verified.json#4594ec8a91364dad30d8a445ef62dac4f88cfbf11bcdd86ee0e4f83656e4465c,
webarena-verified,6473f72db5dcefc97b5725b59e734504edc28a21,523,4594ec8a91364dad30d8a445ef62dac4f88cfbf11bcdd86ee0e4f83656e4465c,gitlab,webarena-verified/assets/dataset/webarena-verified.json,IC5,,webarena-verified/assets/dataset/webarena-verified.json#4594ec8a91364dad30d8a445ef62dac4f88cfbf11bcdd86ee0e4f83656e4465c,
webarena-verified,6473f72db5dcefc97b5725b59e734504edc28a21,523,4594ec8a91364dad30d8a445ef62dac4f88cfbf11bcdd86ee0e4f83656e4465c,gitlab,webarena-verified/assets/dataset/webarena-verified.json,IC6,,webarena-verified/assets/dataset/webarena-verified.json#4594ec8a91364dad30d8a445ef62dac4f88cfbf11bcdd86ee0e4f83656e4465c,
webarena-verified,6473f72db5dcefc97b5725b59e734504edc28a21,523,4594ec8a91364dad30d8a445ef62dac4f88cfbf11bcdd86ee0e4f83656e4465c,gitlab,webarena-verified/assets/dataset/webarena-verified.json,IC7,,webarena-verified/assets/dataset/webarena-verified.json#4594ec8a91364dad30d8a445ef62dac4f88cfbf11bcdd86ee0e4f83656e4465c,
webarena-verified,6473f72db5dcefc97b5725b59e734504edc28a21,788,5a4af3ee2765196238a152bce850b6162405f6f9b04e32995d3eac5a27f00909,gitlab,webarena-verified/assets/dataset/webarena-verified.json,IC1,,webarena-verified/assets/dataset/webarena-verified.json#5a4af3ee2765196238a152bce850b6162405f6f9b04e32995d3eac5a27f00909,
webarena-verified,6473f72db5dcefc97b5725b59e734504edc28a21,788,5a4af3ee2765196238a152bce850b6162405f6f9b04e32995d3eac5a27f00909,gitlab,webarena-verified/assets/dataset/webarena-verified.json,IC2,,webarena-verified/assets/dataset/webarena-verified.json#5a4af3ee2765196238a152bce850b6162405f6f9b04e32995d3eac5a27f00909,
webarena-verified,6473f72db5dcefc97b5725b59e734504edc28a21,788,5a4af3ee2765196238a152bce850b6162405f6f9b04e32995d3eac5a27f00909,gitlab,webarena-verified/assets/dataset/webarena-verified.json,IC3,,webarena-verified/assets/dataset/webarena-verified.json#5a4af3ee2765196238a152bce850b6162405f6f9b04e32995d3eac5a27f00909,
webarena-verified,6473f72db5dcefc97b5725b59e734504edc28a21,788,5a4af3ee2765196238a152bce850b6162405f6f9b04e32995d3eac5a27f00909,gitlab,webarena-verified/assets/dataset/webarena-verified.json,IC4,,webarena-verified/assets/dataset/webarena-verified.json#5a4af3ee2765196238a152bce850b6162405f6f9b04e32995d3eac5a27f00909,
webarena-verified,6473f72db5dcefc97b5725b59e734504edc28a21,788,5a4af3ee2765196238a152bce850b6162405f6f9b04e32995d3eac5a27f00909,gitlab,webarena-verified/assets/dataset/webarena-verified.json,IC5,,webarena-verified/assets/dataset/webarena-verified.json#5a4af3ee2765196238a152bce850b6162405f6f9b04e32995d3eac5a27f00909,
webarena-verified,6473f72db5dcefc97b5725b59e734504edc28a21,788,5a4af3ee2765196238a152bce850b6162405f6f9b04e32995d3eac5a27f00909,gitlab,webarena-verified/assets/dataset/webarena-verified.json,IC6,,webarena-verified/assets/dataset/webarena-verified.json#5a4af3ee2765196238a152bce850b6162405f6f9b04e32995d3eac5a27f00909,
webarena-verified,6473f72db5dcefc97b5725b59e734504edc28a21,788,5a4af3ee2765196238a152bce850b6162405f6f9b04e32995d3eac5a27f00909,gitlab,webarena-verified/assets/dataset/webarena-verified.json,IC7,,webarena-verified/assets/dataset/webarena-verified.json#5a4af3ee2765196238a152bce850b6162405f6f9b04e32995d3eac5a27f00909,
webarena-verified,6473f72db5dcefc97b5725b59e734504edc28a21,173,1e29f068bac20093027044cde283f309e3a397b820ea56def728238f87e5170d,gitlab,webarena-verified/assets/dataset/webarena-verified.json,IC1,,webarena-verified/assets/dataset/webarena-verified.json#1e29f068bac20093027044cde283f309e3a397b820ea56def728238f87e5170d,
webarena-verified,6473f72db5dcefc97b5725b59e734504edc28a21,173,1e29f068bac20093027044cde283f309e3a397b820ea56def728238f87e5170d,gitlab,webarena-verified/assets/dataset/webarena-verified.json,IC2,,webarena-verified/assets/dataset/webarena-verified.json#1e29f068bac20093027044cde283f309e3a397b820ea56def728238f87e5170d,
webarena-verified,6473f72db5dcefc97b5725b59e734504edc28a21,173,1e29f068bac20093027044cde283f309e3a397b820ea56def728238f87e5170d,gitlab,webarena-verified/assets/dataset/webarena-verified.json,IC3,,webarena-verified/assets/dataset/webarena-verified.json#1e29f068bac20093027044cde283f309e3a397b820ea56def728238f87e5170d,
webarena-verified,6473f72db5dcefc97b5725b59e734504edc28a21,173,1e29f068bac20093027044cde283f309e3a397b820ea56def728238f87e5170d,gitlab,webarena-verified/assets/dataset/webarena-verified.json,IC4,,webarena-verified/assets/dataset/webarena-verified.json#1e29f068bac20093027044cde283f309e3a397b820ea56def728238f87e5170d,
webarena-verified,6473f72db5dcefc97b5725b59e734504edc28a21,173,1e29f068bac20093027044cde283f309e3a397b820ea56def728238f87e5170d,gitlab,webarena-verified/assets/dataset/webarena-verified.json,IC5,,webarena-verified/assets/dataset/webarena-verified.json#1e29f068bac20093027044cde283f309e3a397b820ea56def728238f87e5170d,
webarena-verified,6473f72db5dcefc97b5725b59e734504edc28a21,173,1e29f068bac20093027044cde283f309e3a397b820ea56def728238f87e5170d,gitlab,webarena-verified/assets/dataset/webarena-verified.json,IC6,,webarena-verified/assets/dataset/webarena-verified.json#1e29f068bac20093027044cde283f309e3a397b820ea56def728238f87e5170d,
webarena-verified,6473f72db5dcefc97b5725b59e734504edc28a21,173,1e29f068bac20093027044cde283f309e3a397b820ea56def728238f87e5170d,gitlab,webarena-verified/assets/dataset/webarena-verified.json,IC7,,webarena-verified/assets/dataset/webarena-verified.json#1e29f068bac20093027044cde283f309e3a397b820ea56def728238f87e5170d,
webarena-verified,6473f72db5dcefc97b5725b59e734504edc28a21,308,5620f351ae62fbd10a23e01239ff2896216557682be318b31c6d0171d1bdff8c,gitlab,webarena-verified/assets/dataset/webarena-verified.json,IC1,,webarena-verified/assets/dataset/webarena-verified.json#5620f351ae62fbd10a23e01239ff2896216557682be318b31c6d0171d1bdff8c,
webarena-verified,6473f72db5dcefc97b5725b59e734504edc28a21,308,5620f351ae62fbd10a23e01239ff2896216557682be318b31c6d0171d1bdff8c,gitlab,webarena-verified/assets/dataset/webarena-verified.json,IC2,,webarena-verified/assets/dataset/webarena-verified.json#5620f351ae62fbd10a23e01239ff2896216557682be318b31c6d0171d1bdff8c,
webarena-verified,6473f72db5dcefc97b5725b59e734504edc28a21,308,5620f351ae62fbd10a23e01239ff2896216557682be318b31c6d0171d1bdff8c,gitlab,webarena-verified/assets/dataset/webarena-verified.json,IC3,,webarena-verified/assets/dataset/webarena-verified.json#5620f351ae62fbd10a23e01239ff2896216557682be318b31c6d0171d1bdff8c,
webarena-verified,6473f72db5dcefc97b5725b59e734504edc28a21,308,5620f351ae62fbd10a23e01239ff2896216557682be318b31c6d0171d1bdff8c,gitlab,webarena-verified/assets/dataset/webarena-verified.json,IC4,,webarena-verified/assets/dataset/webarena-verified.json#5620f351ae62fbd10a23e01239ff2896216557682be318b31c6d0171d1bdff8c,
webarena-verified,6473f72db5dcefc97b5725b59e734504edc28a21,308,5620f351ae62fbd10a23e01239ff2896216557682be318b31c6d0171d1bdff8c,gitlab,webarena-verified/assets/dataset/webarena-verified.json,IC5,,webarena-verified/assets/dataset/webarena-verified.json#5620f351ae62fbd10a23e01239ff2896216557682be318b31c6d0171d1bdff8c,
webarena-verified,6473f72db5dcefc97b5725b59e734504edc28a21,308,5620f351ae62fbd10a23e01239ff2896216557682be318b31c6d0171d1bdff8c,gitlab,webarena-verified/assets/dataset/webarena-verified.json,IC6,,webarena-verified/assets/dataset/webarena-verified.json#5620f351ae62fbd10a23e01239ff2896216557682be318b31c6d0171d1bdff8c,
webarena-verified,6473f72db5dcefc97b5725b59e734504edc28a21,308,5620f351ae62fbd10a23e01239ff2896216557682be318b31c6d0171d1bdff8c,gitlab,webarena-verified/assets/dataset/webarena-verified.json,IC7,,webarena-verified/assets/dataset/webarena-verified.json#5620f351ae62fbd10a23e01239ff2896216557682be318b31c6d0171d1bdff8c,
webarena-verified,6473f72db5dcefc97b5725b59e734504edc28a21,306,776fbe7d139019697ef76d865aa34ec65f0ec804c3cec8708e70223c0382d4c8,gitlab,webarena-verified/assets/dataset/webarena-verified.json,IC1,,webarena-verified/assets/dataset/webarena-verified.json#776fbe7d139019697ef76d865aa34ec65f0ec804c3cec8708e70223c0382d4c8,
webarena-verified,6473f72db5dcefc97b5725b59e734504edc28a21,306,776fbe7d139019697ef76d865aa34ec65f0ec804c3cec8708e70223c0382d4c8,gitlab,webarena-verified/assets/dataset/webarena-verified.json,IC2,,webarena-verified/assets/dataset/webarena-verified.json#776fbe7d139019697ef76d865aa34ec65f0ec804c3cec8708e70223c0382d4c8,
webarena-verified,6473f72db5dcefc97b5725b59e734504edc28a21,306,776fbe7d139019697ef76d865aa34ec65f0ec804c3cec8708e70223c0382d4c8,gitlab,webarena-verified/assets/dataset/webarena-verified.json,IC3,,webarena-verified/assets/dataset/webarena-verified.json#776fbe7d139019697ef76d865aa34ec65f0ec804c3cec8708e70223c0382d4c8,
webarena-verified,6473f72db5dcefc97b5725b59e734504edc28a21,306,776fbe7d139019697ef76d865aa34ec65f0ec804c3cec8708e70223c0382d4c8,gitlab,webarena-verified/assets/dataset/webarena-verified.json,IC4,,webarena-verified/assets/dataset/webarena-verified.json#776fbe7d139019697ef76d865aa34ec65f0ec804c3cec8708e70223c0382d4c8,
webarena-verified,6473f72db5dcefc97b5725b59e734504edc28a21,306,776fbe7d139019697ef76d865aa34ec65f0ec804c3cec8708e70223c0382d4c8,gitlab,webarena-verified/assets/dataset/webarena-verified.json,IC5,,webarena-verified/assets/dataset/webarena-verified.json#776fbe7d139019697ef76d865aa34ec65f0ec804c3cec8708e70223c0382d4c8,
webarena-verified,6473f72db5dcefc97b5725b59e734504edc28a21,306,776fbe7d139019697ef76d865aa34ec65f0ec804c3cec8708e70223c0382d4c8,gitlab,webarena-verified/assets/dataset/webarena-verified.json,IC6,,webarena-verified/assets/dataset/webarena-verified.json#776fbe7d139019697ef76d865aa34ec65f0ec804c3cec8708e70223c0382d4c8,
webarena-verified,6473f72db5dcefc97b5725b59e734504edc28a21,306,776fbe7d139019697ef76d865aa34ec65f0ec804c3cec8708e70223c0382d4c8,gitlab,webarena-verified/assets/dataset/webarena-verified.json,IC7,,webarena-verified/assets/dataset/webarena-verified.json#776fbe7d139019697ef76d865aa34ec65f0ec804c3cec8708e70223c0382d4c8,
webarena-verified,6473f72db5dcefc97b5725b59e734504edc28a21,452,2370beb73e068f16e13f9ef3a3a1235cb56b322ee80ef560faaa8bc6e98fa63e,gitlab,webarena-verified/assets/dataset/webarena-verified.json,IC1,,webarena-verified/assets/dataset/webarena-verified.json#2370beb73e068f16e13f9ef3a3a1235cb56b322ee80ef560faaa8bc6e98fa63e,
webarena-verified,6473f72db5dcefc97b5725b59e734504edc28a21,452,2370beb73e068f16e13f9ef3a3a1235cb56b322ee80ef560faaa8bc6e98fa63e,gitlab,webarena-verified/assets/dataset/webarena-verified.json,IC2,,webarena-verified/assets/dataset/webarena-verified.json#2370beb73e068f16e13f9ef3a3a1235cb56b322ee80ef560faaa8bc6e98fa63e,
webarena-verified,6473f72db5dcefc97b5725b59e734504edc28a21,452,2370beb73e068f16e13f9ef3a3a1235cb56b322ee80ef560faaa8bc6e98fa63e,gitlab,webarena-verified/assets/dataset/webarena-verified.json,IC3,,webarena-verified/assets/dataset/webarena-verified.json#2370beb73e068f16e13f9ef3a3a1235cb56b322ee80ef560faaa8bc6e98fa63e,
webarena-verified,6473f72db5dcefc97b5725b59e734504edc28a21,452,2370beb73e068f16e13f9ef3a3a1235cb56b322ee80ef560faaa8bc6e98fa63e,gitlab,webarena-verified/assets/dataset/webarena-verified.json,IC4,,webarena-verified/assets/dataset/webarena-verified.json#2370beb73e068f16e13f9ef3a3a1235cb56b322ee80ef560faaa8bc6e98fa63e,
webarena-verified,6473f72db5dcefc97b5725b59e734504edc28a21,452,2370beb73e068f16e13f9ef3a3a1235cb56b322ee80ef560faaa8bc6e98fa63e,gitlab,webarena-verified/assets/dataset/webarena-verified.json,IC5,,webarena-verified/assets/dataset/webarena-verified.json#2370beb73e068f16e13f9ef3a3a1235cb56b322ee80ef560faaa8bc6e98fa63e,
webarena-verified,6473f72db5dcefc97b5725b59e734504edc28a21,452,2370beb73e068f16e13f9ef3a3a1235cb56b322ee80ef560faaa8bc6e98fa63e,gitlab,webarena-verified/assets/dataset/webarena-verified.json,IC6,,webarena-verified/assets/dataset/webarena-verified.json#2370beb73e068f16e13f9ef3a3a1235cb56b322ee80ef560faaa8bc6e98fa63e,
webarena-verified,6473f72db5dcefc97b5725b59e734504edc28a21,452,2370beb73e068f16e13f9ef3a3a1235cb56b322ee80ef560faaa8bc6e98fa63e,gitlab,webarena-verified/assets/dataset/webarena-verified.json,IC7,,webarena-verified/assets/dataset/webarena-verified.json#2370beb73e068f16e13f9ef3a3a1235cb56b322ee80ef560faaa8bc6e98fa63e,
webarena-verified,6473f72db5dcefc97b5725b59e734504edc28a21,749,c811e5740a734101d6ed3bb910f669b3624264b2dec25a5da7080d5d08160c07,gitlab,webarena-verified/assets/dataset/webarena-verified.json,IC1,,webarena-verified/assets/dataset/webarena-verified.json#c811e5740a734101d6ed3bb910f669b3624264b2dec25a5da7080d5d08160c07,
webarena-verified,6473f72db5dcefc97b5725b59e734504edc28a21,749,c811e5740a734101d6ed3bb910f669b3624264b2dec25a5da7080d5d08160c07,gitlab,webarena-verified/assets/dataset/webarena-verified.json,IC2,,webarena-verified/assets/dataset/webarena-verified.json#c811e5740a734101d6ed3bb910f669b3624264b2dec25a5da7080d5d08160c07,
webarena-verified,6473f72db5dcefc97b5725b59e734504edc28a21,749,c811e5740a734101d6ed3bb910f669b3624264b2dec25a5da7080d5d08160c07,gitlab,webarena-verified/assets/dataset/webarena-verified.json,IC3,,webarena-verified/assets/dataset/webarena-verified.json#c811e5740a734101d6ed3bb910f669b3624264b2dec25a5da7080d5d08160c07,
webarena-verified,6473f72db5dcefc97b5725b59e734504edc28a21,749,c811e5740a734101d6ed3bb910f669b3624264b2dec25a5da7080d5d08160c07,gitlab,webarena-verified/assets/dataset/webarena-verified.json,IC4,,webarena-verified/assets/dataset/webarena-verified.json#c811e5740a734101d6ed3bb910f669b3624264b2dec25a5da7080d5d08160c07,
webarena-verified,6473f72db5dcefc97b5725b59e734504edc28a21,749,c811e5740a734101d6ed3bb910f669b3624264b2dec25a5da7080d5d08160c07,gitlab,webarena-verified/assets/dataset/webarena-verified.json,IC5,,webarena-verified/assets/dataset/webarena-verified.json#c811e5740a734101d6ed3bb910f669b3624264b2dec25a5da7080d5d08160c07,
webarena-verified,6473f72db5dcefc97b5725b59e734504edc28a21,749,c811e5740a734101d6ed3bb910f669b3624264b2dec25a5da7080d5d08160c07,gitlab,webarena-verified/assets/dataset/webarena-verified.json,IC6,,webarena-verified/assets/dataset/webarena-verified.json#c811e5740a734101d6ed3bb910f669b3624264b2dec25a5da7080d5d08160c07,
webarena-verified,6473f72db5dcefc97b5725b59e734504edc28a21,749,c811e5740a734101d6ed3bb910f669b3624264b2dec25a5da7080d5d08160c07,gitlab,webarena-verified/assets/dataset/webarena-verified.json,IC7,,webarena-verified/assets/dataset/webarena-verified.json#c811e5740a734101d6ed3bb910f669b3624264b2dec25a5da7080d5d08160c07,
webarena-verified,6473f72db5dcefc97b5725b59e734504edc28a21,791,7710a78d84ab4cb5b30e19b39733df77c01fa2fca0666954613a23eb43b7201e,gitlab|reddit,webarena-verified/assets/dataset/webarena-verified.json,IC1,,webarena-verified/assets/dataset/webarena-verified.json#7710a78d84ab4cb5b30e19b39733df77c01fa2fca0666954613a23eb43b7201e,
webarena-verified,6473f72db5dcefc97b5725b59e734504edc28a21,791,7710a78d84ab4cb5b30e19b39733df77c01fa2fca0666954613a23eb43b7201e,gitlab|reddit,webarena-verified/assets/dataset/webarena-verified.json,IC2,,webarena-verified/assets/dataset/webarena-verified.json#7710a78d84ab4cb5b30e19b39733df77c01fa2fca0666954613a23eb43b7201e,
webarena-verified,6473f72db5dcefc97b5725b59e734504edc28a21,791,7710a78d84ab4cb5b30e19b39733df77c01fa2fca0666954613a23eb43b7201e,gitlab|reddit,webarena-verified/assets/dataset/webarena-verified.json,IC3,,webarena-verified/assets/dataset/webarena-verified.json#7710a78d84ab4cb5b30e19b39733df77c01fa2fca0666954613a23eb43b7201e,
webarena-verified,6473f72db5dcefc97b5725b59e734504edc28a21,791,7710a78d84ab4cb5b30e19b39733df77c01fa2fca0666954613a23eb43b7201e,gitlab|reddit,webarena-verified/assets/dataset/webarena-verified.json,IC4,,webarena-verified/assets/dataset/webarena-verified.json#7710a78d84ab4cb5b30e19b39733df77c01fa2fca0666954613a23eb43b7201e,
webarena-verified,6473f72db5dcefc97b5725b59e734504edc28a21,791,7710a78d84ab4cb5b30e19b39733df77c01fa2fca0666954613a23eb43b7201e,gitlab|reddit,webarena-verified/assets/dataset/webarena-verified.json,IC5,,webarena-verified/assets/dataset/webarena-verified.json#7710a78d84ab4cb5b30e19b39733df77c01fa2fca0666954613a23eb43b7201e,
webarena-verified,6473f72db5dcefc97b5725b59e734504edc28a21,791,7710a78d84ab4cb5b30e19b39733df77c01fa2fca0666954613a23eb43b7201e,gitlab|reddit,webarena-verified/assets/dataset/webarena-verified.json,IC6,,webarena-verified/assets/dataset/webarena-verified.json#7710a78d84ab4cb5b30e19b39733df77c01fa2fca0666954613a23eb43b7201e,
webarena-verified,6473f72db5dcefc97b5725b59e734504edc28a21,791,7710a78d84ab4cb5b30e19b39733df77c01fa2fca0666954613a23eb43b7201e,gitlab|reddit,webarena-verified/assets/dataset/webarena-verified.json,IC7,,webarena-verified/assets/dataset/webarena-verified.json#7710a78d84ab4cb5b30e19b39733df77c01fa2fca0666954613a23eb43b7201e,
webarena-verified,6473f72db5dcefc97b5725b59e734504edc28a21,554,0e41b7490beac1fb4b82b3ed6d37f38201cf019bc3606f4cfc1fb3838d0408e1,gitlab|reddit,webarena-verified/assets/dataset/webarena-verified.json,IC1,,webarena-verified/assets/dataset/webarena-verified.json#0e41b7490beac1fb4b82b3ed6d37f38201cf019bc3606f4cfc1fb3838d0408e1,
webarena-verified,6473f72db5dcefc97b5725b59e734504edc28a21,554,0e41b7490beac1fb4b82b3ed6d37f38201cf019bc3606f4cfc1fb3838d0408e1,gitlab|reddit,webarena-verified/assets/dataset/webarena-verified.json,IC2,,webarena-verified/assets/dataset/webarena-verified.json#0e41b7490beac1fb4b82b3ed6d37f38201cf019bc3606f4cfc1fb3838d0408e1,
webarena-verified,6473f72db5dcefc97b5725b59e734504edc28a21,554,0e41b7490beac1fb4b82b3ed6d37f38201cf019bc3606f4cfc1fb3838d0408e1,gitlab|reddit,webarena-verified/assets/dataset/webarena-verified.json,IC3,,webarena-verified/assets/dataset/webarena-verified.json#0e41b7490beac1fb4b82b3ed6d37f38201cf019bc3606f4cfc1fb3838d0408e1,
webarena-verified,6473f72db5dcefc97b5725b59e734504edc28a21,554,0e41b7490beac1fb4b82b3ed6d37f38201cf019bc3606f4cfc1fb3838d0408e1,gitlab|reddit,webarena-verified/assets/dataset/webarena-verified.json,IC4,,webarena-verified/assets/dataset/webarena-verified.json#0e41b7490beac1fb4b82b3ed6d37f38201cf019bc3606f4cfc1fb3838d0408e1,
webarena-verified,6473f72db5dcefc97b5725b59e734504edc28a21,554,0e41b7490beac1fb4b82b3ed6d37f38201cf019bc3606f4cfc1fb3838d0408e1,gitlab|reddit,webarena-verified/assets/dataset/webarena-verified.json,IC5,,webarena-verified/assets/dataset/webarena-verified.json#0e41b7490beac1fb4b82b3ed6d37f38201cf019bc3606f4cfc1fb3838d0408e1,
webarena-verified,6473f72db5dcefc97b5725b59e734504edc28a21,554,0e41b7490beac1fb4b82b3ed6d37f38201cf019bc3606f4cfc1fb3838d0408e1,gitlab|reddit,webarena-verified/assets/dataset/webarena-verified.json,IC6,,webarena-verified/assets/dataset/webarena-verified.json#0e41b7490beac1fb4b82b3ed6d37f38201cf019bc3606f4cfc1fb3838d0408e1,
webarena-verified,6473f72db5dcefc97b5725b59e734504edc28a21,554,0e41b7490beac1fb4b82b3ed6d37f38201cf019bc3606f4cfc1fb3838d0408e1,gitlab|reddit,webarena-verified/assets/dataset/webarena-verified.json,IC7,,webarena-verified/assets/dataset/webarena-verified.json#0e41b7490beac1fb4b82b3ed6d37f38201cf019bc3606f4cfc1fb3838d0408e1,
webarena-verified,6473f72db5dcefc97b5725b59e734504edc28a21,559,b15781f5a0c77da39cb0fac185e8191af2c079440a41699071246a59d665a81d,gitlab|wikipedia,webarena-verified/assets/dataset/webarena-verified.json,IC1,,webarena-verified/assets/dataset/webarena-verified.json#b15781f5a0c77da39cb0fac185e8191af2c079440a41699071246a59d665a81d,
webarena-verified,6473f72db5dcefc97b5725b59e734504edc28a21,559,b15781f5a0c77da39cb0fac185e8191af2c079440a41699071246a59d665a81d,gitlab|wikipedia,webarena-verified/assets/dataset/webarena-verified.json,IC2,,webarena-verified/assets/dataset/webarena-verified.json#b15781f5a0c77da39cb0fac185e8191af2c079440a41699071246a59d665a81d,
webarena-verified,6473f72db5dcefc97b5725b59e734504edc28a21,559,b15781f5a0c77da39cb0fac185e8191af2c079440a41699071246a59d665a81d,gitlab|wikipedia,webarena-verified/assets/dataset/webarena-verified.json,IC3,,webarena-verified/assets/dataset/webarena-verified.json#b15781f5a0c77da39cb0fac185e8191af2c079440a41699071246a59d665a81d,
webarena-verified,6473f72db5dcefc97b5725b59e734504edc28a21,559,b15781f5a0c77da39cb0fac185e8191af2c079440a41699071246a59d665a81d,gitlab|wikipedia,webarena-verified/assets/dataset/webarena-verified.json,IC4,,webarena-verified/assets/dataset/webarena-verified.json#b15781f5a0c77da39cb0fac185e8191af2c079440a41699071246a59d665a81d,
webarena-verified,6473f72db5dcefc97b5725b59e734504edc28a21,559,b15781f5a0c77da39cb0fac185e8191af2c079440a41699071246a59d665a81d,gitlab|wikipedia,webarena-verified/assets/dataset/webarena-verified.json,IC5,,webarena-verified/assets/dataset/webarena-verified.json#b15781f5a0c77da39cb0fac185e8191af2c079440a41699071246a59d665a81d,
webarena-verified,6473f72db5dcefc97b5725b59e734504edc28a21,559,b15781f5a0c77da39cb0fac185e8191af2c079440a41699071246a59d665a81d,gitlab|wikipedia,webarena-verified/assets/dataset/webarena-verified.json,IC6,,webarena-verified/assets/dataset/webarena-verified.json#b15781f5a0c77da39cb0fac185e8191af2c079440a41699071246a59d665a81d,
webarena-verified,6473f72db5dcefc97b5725b59e734504edc28a21,559,b15781f5a0c77da39cb0fac185e8191af2c079440a41699071246a59d665a81d,gitlab|wikipedia,webarena-verified/assets/dataset/webarena-verified.json,IC7,,webarena-verified/assets/dataset/webarena-verified.json#b15781f5a0c77da39cb0fac185e8191af2c079440a41699071246a59d665a81d,
webarena-verified,6473f72db5dcefc97b5725b59e734504edc28a21,221,cbf25cfdae0dde04335c9c1bb0e7d7ea35f973e689b9395871895b776d792232,map,webarena-verified/assets/dataset/webarena-verified.json,IC1,,webarena-verified/assets/dataset/webarena-verified.json#cbf25cfdae0dde04335c9c1bb0e7d7ea35f973e689b9395871895b776d792232,
webarena-verified,6473f72db5dcefc97b5725b59e734504edc28a21,221,cbf25cfdae0dde04335c9c1bb0e7d7ea35f973e689b9395871895b776d792232,map,webarena-verified/assets/dataset/webarena-verified.json,IC2,,webarena-verified/assets/dataset/webarena-verified.json#cbf25cfdae0dde04335c9c1bb0e7d7ea35f973e689b9395871895b776d792232,
webarena-verified,6473f72db5dcefc97b5725b59e734504edc28a21,221,cbf25cfdae0dde04335c9c1bb0e7d7ea35f973e689b9395871895b776d792232,map,webarena-verified/assets/dataset/webarena-verified.json,IC3,,webarena-verified/assets/dataset/webarena-verified.json#cbf25cfdae0dde04335c9c1bb0e7d7ea35f973e689b9395871895b776d792232,
webarena-verified,6473f72db5dcefc97b5725b59e734504edc28a21,221,cbf25cfdae0dde04335c9c1bb0e7d7ea35f973e689b9395871895b776d792232,map,webarena-verified/assets/dataset/webarena-verified.json,IC4,,webarena-verified/assets/dataset/webarena-verified.json#cbf25cfdae0dde04335c9c1bb0e7d7ea35f973e689b9395871895b776d792232,
webarena-verified,6473f72db5dcefc97b5725b59e734504edc28a21,221,cbf25cfdae0dde04335c9c1bb0e7d7ea35f973e689b9395871895b776d792232,map,webarena-verified/assets/dataset/webarena-verified.json,IC5,,webarena-verified/assets/dataset/webarena-verified.json#cbf25cfdae0dde04335c9c1bb0e7d7ea35f973e689b9395871895b776d792232,
webarena-verified,6473f72db5dcefc97b5725b59e734504edc28a21,221,cbf25cfdae0dde04335c9c1bb0e7d7ea35f973e689b9395871895b776d792232,map,webarena-verified/assets/dataset/webarena-verified.json,IC6,,webarena-verified/assets/dataset/webarena-verified.json#cbf25cfdae0dde04335c9c1bb0e7d7ea35f973e689b9395871895b776d792232,
webarena-verified,6473f72db5dcefc97b5725b59e734504edc28a21,221,cbf25cfdae0dde04335c9c1bb0e7d7ea35f973e689b9395871895b776d792232,map,webarena-verified/assets/dataset/webarena-verified.json,IC7,,webarena-verified/assets/dataset/webarena-verified.json#cbf25cfdae0dde04335c9c1bb0e7d7ea35f973e689b9395871895b776d792232,
webarena-verified,6473f72db5dcefc97b5725b59e734504edc28a21,39,79093171ffbc41cb36a8c06551a58ad26a354b4f607c16c74a0a303b373f3ac3,map,webarena-verified/assets/dataset/webarena-verified.json,IC1,,webarena-verified/assets/dataset/webarena-verified.json#79093171ffbc41cb36a8c06551a58ad26a354b4f607c16c74a0a303b373f3ac3,
webarena-verified,6473f72db5dcefc97b5725b59e734504edc28a21,39,79093171ffbc41cb36a8c06551a58ad26a354b4f607c16c74a0a303b373f3ac3,map,webarena-verified/assets/dataset/webarena-verified.json,IC2,,webarena-verified/assets/dataset/webarena-verified.json#79093171ffbc41cb36a8c06551a58ad26a354b4f607c16c74a0a303b373f3ac3,
webarena-verified,6473f72db5dcefc97b5725b59e734504edc28a21,39,79093171ffbc41cb36a8c06551a58ad26a354b4f607c16c74a0a303b373f3ac3,map,webarena-verified/assets/dataset/webarena-verified.json,IC3,,webarena-verified/assets/dataset/webarena-verified.json#79093171ffbc41cb36a8c06551a58ad26a354b4f607c16c74a0a303b373f3ac3,
webarena-verified,6473f72db5dcefc97b5725b59e734504edc28a21,39,79093171ffbc41cb36a8c06551a58ad26a354b4f607c16c74a0a303b373f3ac3,map,webarena-verified/assets/dataset/webarena-verified.json,IC4,,webarena-verified/assets/dataset/webarena-verified.json#79093171ffbc41cb36a8c06551a58ad26a354b4f607c16c74a0a303b373f3ac3,
webarena-verified,6473f72db5dcefc97b5725b59e734504edc28a21,39,79093171ffbc41cb36a8c06551a58ad26a354b4f607c16c74a0a303b373f3ac3,map,webarena-verified/assets/dataset/webarena-verified.json,IC5,,webarena-verified/assets/dataset/webarena-verified.json#79093171ffbc41cb36a8c06551a58ad26a354b4f607c16c74a0a303b373f3ac3,
webarena-verified,6473f72db5dcefc97b5725b59e734504edc28a21,39,79093171ffbc41cb36a8c06551a58ad26a354b4f607c16c74a0a303b373f3ac3,map,webarena-verified/assets/dataset/webarena-verified.json,IC6,,webarena-verified/assets/dataset/webarena-verified.json#79093171ffbc41cb36a8c06551a58ad26a354b4f607c16c74a0a303b373f3ac3,
webarena-verified,6473f72db5dcefc97b5725b59e734504edc28a21,39,79093171ffbc41cb36a8c06551a58ad26a354b4f607c16c74a0a303b373f3ac3,map,webarena-verified/assets/dataset/webarena-verified.json,IC7,,webarena-verified/assets/dataset/webarena-verified.json#79093171ffbc41cb36a8c06551a58ad26a354b4f607c16c74a0a303b373f3ac3,
webarena-verified,6473f72db5dcefc97b5725b59e734504edc28a21,83,87874354b50f10874e496090bfff9496863eef0f61d10045269837e8a08d3604,map,webarena-verified/assets/dataset/webarena-verified.json,IC1,,webarena-verified/assets/dataset/webarena-verified.json#87874354b50f10874e496090bfff9496863eef0f61d10045269837e8a08d3604,
webarena-verified,6473f72db5dcefc97b5725b59e734504edc28a21,83,87874354b50f10874e496090bfff9496863eef0f61d10045269837e8a08d3604,map,webarena-verified/assets/dataset/webarena-verified.json,IC2,,webarena-verified/assets/dataset/webarena-verified.json#87874354b50f10874e496090bfff9496863eef0f61d10045269837e8a08d3604,
webarena-verified,6473f72db5dcefc97b5725b59e734504edc28a21,83,87874354b50f10874e496090bfff9496863eef0f61d10045269837e8a08d3604,map,webarena-verified/assets/dataset/webarena-verified.json,IC3,,webarena-verified/assets/dataset/webarena-verified.json#87874354b50f10874e496090bfff9496863eef0f61d10045269837e8a08d3604,
webarena-verified,6473f72db5dcefc97b5725b59e734504edc28a21,83,87874354b50f10874e496090bfff9496863eef0f61d10045269837e8a08d3604,map,webarena-verified/assets/dataset/webarena-verified.json,IC4,,webarena-verified/assets/dataset/webarena-verified.json#87874354b50f10874e496090bfff9496863eef0f61d10045269837e8a08d3604,
webarena-verified,6473f72db5dcefc97b5725b59e734504edc28a21,83,87874354b50f10874e496090bfff9496863eef0f61d10045269837e8a08d3604,map,webarena-verified/assets/dataset/webarena-verified.json,IC5,,webarena-verified/assets/dataset/webarena-verified.json#87874354b50f10874e496090bfff9496863eef0f61d10045269837e8a08d3604,
webarena-verified,6473f72db5dcefc97b5725b59e734504edc28a21,83,87874354b50f10874e496090bfff9496863eef0f61d10045269837e8a08d3604,map,webarena-verified/assets/dataset/webarena-verified.json,IC6,,webarena-verified/assets/dataset/webarena-verified.json#87874354b50f10874e496090bfff9496863eef0f61d10045269837e8a08d3604,
webarena-verified,6473f72db5dcefc97b5725b59e734504edc28a21,83,87874354b50f10874e496090bfff9496863eef0f61d10045269837e8a08d3604,map,webarena-verified/assets/dataset/webarena-verified.json,IC7,,webarena-verified/assets/dataset/webarena-verified.json#87874354b50f10874e496090bfff9496863eef0f61d10045269837e8a08d3604,
webarena-verified,6473f72db5dcefc97b5725b59e734504edc28a21,91,9bd348fb9b3aa0691ec7da9d3b8776055123a23546e3b94b3c6f99c07c04924e,map,webarena-verified/assets/dataset/webarena-verified.json,IC1,,webarena-verified/assets/dataset/webarena-verified.json#9bd348fb9b3aa0691ec7da9d3b8776055123a23546e3b94b3c6f99c07c04924e,
webarena-verified,6473f72db5dcefc97b5725b59e734504edc28a21,91,9bd348fb9b3aa0691ec7da9d3b8776055123a23546e3b94b3c6f99c07c04924e,map,webarena-verified/assets/dataset/webarena-verified.json,IC2,,webarena-verified/assets/dataset/webarena-verified.json#9bd348fb9b3aa0691ec7da9d3b8776055123a23546e3b94b3c6f99c07c04924e,
webarena-verified,6473f72db5dcefc97b5725b59e734504edc28a21,91,9bd348fb9b3aa0691ec7da9d3b8776055123a23546e3b94b3c6f99c07c04924e,map,webarena-verified/assets/dataset/webarena-verified.json,IC3,,webarena-verified/assets/dataset/webarena-verified.json#9bd348fb9b3aa0691ec7da9d3b8776055123a23546e3b94b3c6f99c07c04924e,
webarena-verified,6473f72db5dcefc97b5725b59e734504edc28a21,91,9bd348fb9b3aa0691ec7da9d3b8776055123a23546e3b94b3c6f99c07c04924e,map,webarena-verified/assets/dataset/webarena-verified.json,IC4,,webarena-verified/assets/dataset/webarena-verified.json#9bd348fb9b3aa0691ec7da9d3b8776055123a23546e3b94b3c6f99c07c04924e,
webarena-verified,6473f72db5dcefc97b5725b59e734504edc28a21,91,9bd348fb9b3aa0691ec7da9d3b8776055123a23546e3b94b3c6f99c07c04924e,map,webarena-verified/assets/dataset/webarena-verified.json,IC5,,webarena-verified/assets/dataset/webarena-verified.json#9bd348fb9b3aa0691ec7da9d3b8776055123a23546e3b94b3c6f99c07c04924e,
webarena-verified,6473f72db5dcefc97b5725b59e734504edc28a21,91,9bd348fb9b3aa0691ec7da9d3b8776055123a23546e3b94b3c6f99c07c04924e,map,webarena-verified/assets/dataset/webarena-verified.json,IC6,,webarena-verified/assets/dataset/webarena-verified.json#9bd348fb9b3aa0691ec7da9d3b8776055123a23546e3b94b3c6f99c07c04924e,
webarena-verified,6473f72db5dcefc97b5725b59e734504edc28a21,91,9bd348fb9b3aa0691ec7da9d3b8776055123a23546e3b94b3c6f99c07c04924e,map,webarena-verified/assets/dataset/webarena-verified.json,IC7,,webarena-verified/assets/dataset/webarena-verified.json#9bd348fb9b3aa0691ec7da9d3b8776055123a23546e3b94b3c6f99c07c04924e,
webarena-verified,6473f72db5dcefc97b5725b59e734504edc28a21,60,f5ae05fa86f6a1189a1ca5fd39b9b3631fbee83678e4507018847385aff560fc,map,webarena-verified/assets/dataset/webarena-verified.json,IC1,,webarena-verified/assets/dataset/webarena-verified.json#f5ae05fa86f6a1189a1ca5fd39b9b3631fbee83678e4507018847385aff560fc,
webarena-verified,6473f72db5dcefc97b5725b59e734504edc28a21,60,f5ae05fa86f6a1189a1ca5fd39b9b3631fbee83678e4507018847385aff560fc,map,webarena-verified/assets/dataset/webarena-verified.json,IC2,,webarena-verified/assets/dataset/webarena-verified.json#f5ae05fa86f6a1189a1ca5fd39b9b3631fbee83678e4507018847385aff560fc,
webarena-verified,6473f72db5dcefc97b5725b59e734504edc28a21,60,f5ae05fa86f6a1189a1ca5fd39b9b3631fbee83678e4507018847385aff560fc,map,webarena-verified/assets/dataset/webarena-verified.json,IC3,,webarena-verified/assets/dataset/webarena-verified.json#f5ae05fa86f6a1189a1ca5fd39b9b3631fbee83678e4507018847385aff560fc,
webarena-verified,6473f72db5dcefc97b5725b59e734504edc28a21,60,f5ae05fa86f6a1189a1ca5fd39b9b3631fbee83678e4507018847385aff560fc,map,webarena-verified/assets/dataset/webarena-verified.json,IC4,,webarena-verified/assets/dataset/webarena-verified.json#f5ae05fa86f6a1189a1ca5fd39b9b3631fbee83678e4507018847385aff560fc,
webarena-verified,6473f72db5dcefc97b5725b59e734504edc28a21,60,f5ae05fa86f6a1189a1ca5fd39b9b3631fbee83678e4507018847385aff560fc,map,webarena-verified/assets/dataset/webarena-verified.json,IC5,,webarena-verified/assets/dataset/webarena-verified.json#f5ae05fa86f6a1189a1ca5fd39b9b3631fbee83678e4507018847385aff560fc,
webarena-verified,6473f72db5dcefc97b5725b59e734504edc28a21,60,f5ae05fa86f6a1189a1ca5fd39b9b3631fbee83678e4507018847385aff560fc,map,webarena-verified/assets/dataset/webarena-verified.json,IC6,,webarena-verified/assets/dataset/webarena-verified.json#f5ae05fa86f6a1189a1ca5fd39b9b3631fbee83678e4507018847385aff560fc,
webarena-verified,6473f72db5dcefc97b5725b59e734504edc28a21,60,f5ae05fa86f6a1189a1ca5fd39b9b3631fbee83678e4507018847385aff560fc,map,webarena-verified/assets/dataset/webarena-verified.json,IC7,,webarena-verified/assets/dataset/webarena-verified.json#f5ae05fa86f6a1189a1ca5fd39b9b3631fbee83678e4507018847385aff560fc,
webarena-verified,6473f72db5dcefc97b5725b59e734504edc28a21,250,eda9dc9ed5de5ec2aa061de4d2b0775cd8e5fa72747aecc17179928be6da7590,map,webarena-verified/assets/dataset/webarena-verified.json,IC1,,webarena-verified/assets/dataset/webarena-verified.json#eda9dc9ed5de5ec2aa061de4d2b0775cd8e5fa72747aecc17179928be6da7590,
webarena-verified,6473f72db5dcefc97b5725b59e734504edc28a21,250,eda9dc9ed5de5ec2aa061de4d2b0775cd8e5fa72747aecc17179928be6da7590,map,webarena-verified/assets/dataset/webarena-verified.json,IC2,,webarena-verified/assets/dataset/webarena-verified.json#eda9dc9ed5de5ec2aa061de4d2b0775cd8e5fa72747aecc17179928be6da7590,
webarena-verified,6473f72db5dcefc97b5725b59e734504edc28a21,250,eda9dc9ed5de5ec2aa061de4d2b0775cd8e5fa72747aecc17179928be6da7590,map,webarena-verified/assets/dataset/webarena-verified.json,IC3,,webarena-verified/assets/dataset/webarena-verified.json#eda9dc9ed5de5ec2aa061de4d2b0775cd8e5fa72747aecc17179928be6da7590,
webarena-verified,6473f72db5dcefc97b5725b59e734504edc28a21,250,eda9dc9ed5de5ec2aa061de4d2b0775cd8e5fa72747aecc17179928be6da7590,map,webarena-verified/assets/dataset/webarena-verified.json,IC4,,webarena-verified/assets/dataset/webarena-verified.json#eda9dc9ed5de5ec2aa061de4d2b0775cd8e5fa72747aecc17179928be6da7590,
webarena-verified,6473f72db5dcefc97b5725b59e734504edc28a21,250,eda9dc9ed5de5ec2aa061de4d2b0775cd8e5fa72747aecc17179928be6da7590,map,webarena-verified/assets/dataset/webarena-verified.json,IC5,,webarena-verified/assets/dataset/webarena-verified.json#eda9dc9ed5de5ec2aa061de4d2b0775cd8e5fa72747aecc17179928be6da7590,
webarena-verified,6473f72db5dcefc97b5725b59e734504edc28a21,250,eda9dc9ed5de5ec2aa061de4d2b0775cd8e5fa72747aecc17179928be6da7590,map,webarena-verified/assets/dataset/webarena-verified.json,IC6,,webarena-verified/assets/dataset/webarena-verified.json#eda9dc9ed5de5ec2aa061de4d2b0775cd8e5fa72747aecc17179928be6da7590,
webarena-verified,6473f72db5dcefc97b5725b59e734504edc28a21,250,eda9dc9ed5de5ec2aa061de4d2b0775cd8e5fa72747aecc17179928be6da7590,map,webarena-verified/assets/dataset/webarena-verified.json,IC7,,webarena-verified/assets/dataset/webarena-verified.json#eda9dc9ed5de5ec2aa061de4d2b0775cd8e5fa72747aecc17179928be6da7590,
webarena-verified,6473f72db5dcefc97b5725b59e734504edc28a21,356,3012f0c5f4af3931f0433691d231702dd8e04ea65b4e53b2f19b9d38eb90a10f,map,webarena-verified/assets/dataset/webarena-verified.json,IC1,,webarena-verified/assets/dataset/webarena-verified.json#3012f0c5f4af3931f0433691d231702dd8e04ea65b4e53b2f19b9d38eb90a10f,
webarena-verified,6473f72db5dcefc97b5725b59e734504edc28a21,356,3012f0c5f4af3931f0433691d231702dd8e04ea65b4e53b2f19b9d38eb90a10f,map,webarena-verified/assets/dataset/webarena-verified.json,IC2,,webarena-verified/assets/dataset/webarena-verified.json#3012f0c5f4af3931f0433691d231702dd8e04ea65b4e53b2f19b9d38eb90a10f,
webarena-verified,6473f72db5dcefc97b5725b59e734504edc28a21,356,3012f0c5f4af3931f0433691d231702dd8e04ea65b4e53b2f19b9d38eb90a10f,map,webarena-verified/assets/dataset/webarena-verified.json,IC3,,webarena-verified/assets/dataset/webarena-verified.json#3012f0c5f4af3931f0433691d231702dd8e04ea65b4e53b2f19b9d38eb90a10f,
webarena-verified,6473f72db5dcefc97b5725b59e734504edc28a21,356,3012f0c5f4af3931f0433691d231702dd8e04ea65b4e53b2f19b9d38eb90a10f,map,webarena-verified/assets/dataset/webarena-verified.json,IC4,,webarena-verified/assets/dataset/webarena-verified.json#3012f0c5f4af3931f0433691d231702dd8e04ea65b4e53b2f19b9d38eb90a10f,
webarena-verified,6473f72db5dcefc97b5725b59e734504edc28a21,356,3012f0c5f4af3931f0433691d231702dd8e04ea65b4e53b2f19b9d38eb90a10f,map,webarena-verified/assets/dataset/webarena-verified.json,IC5,,webarena-verified/assets/dataset/webarena-verified.json#3012f0c5f4af3931f0433691d231702dd8e04ea65b4e53b2f19b9d38eb90a10f,
webarena-verified,6473f72db5dcefc97b5725b59e734504edc28a21,356,3012f0c5f4af3931f0433691d231702dd8e04ea65b4e53b2f19b9d38eb90a10f,map,webarena-verified/assets/dataset/webarena-verified.json,IC6,,webarena-verified/assets/dataset/webarena-verified.json#3012f0c5f4af3931f0433691d231702dd8e04ea65b4e53b2f19b9d38eb90a10f,
webarena-verified,6473f72db5dcefc97b5725b59e734504edc28a21,356,3012f0c5f4af3931f0433691d231702dd8e04ea65b4e53b2f19b9d38eb90a10f,map,webarena-verified/assets/dataset/webarena-verified.json,IC7,,webarena-verified/assets/dataset/webarena-verified.json#3012f0c5f4af3931f0433691d231702dd8e04ea65b4e53b2f19b9d38eb90a10f,
webarena-verified,6473f72db5dcefc97b5725b59e734504edc28a21,252,1e0a959b230e1f6e7f8f13fb7f2de7b9ff66227dbfb5d1bdb9e2f316e432d563,map,webarena-verified/assets/dataset/webarena-verified.json,IC1,,webarena-verified/assets/dataset/webarena-verified.json#1e0a959b230e1f6e7f8f13fb7f2de7b9ff66227dbfb5d1bdb9e2f316e432d563,
webarena-verified,6473f72db5dcefc97b5725b59e734504edc28a21,252,1e0a959b230e1f6e7f8f13fb7f2de7b9ff66227dbfb5d1bdb9e2f316e432d563,map,webarena-verified/assets/dataset/webarena-verified.json,IC2,,webarena-verified/assets/dataset/webarena-verified.json#1e0a959b230e1f6e7f8f13fb7f2de7b9ff66227dbfb5d1bdb9e2f316e432d563,
webarena-verified,6473f72db5dcefc97b5725b59e734504edc28a21,252,1e0a959b230e1f6e7f8f13fb7f2de7b9ff66227dbfb5d1bdb9e2f316e432d563,map,webarena-verified/assets/dataset/webarena-verified.json,IC3,,webarena-verified/assets/dataset/webarena-verified.json#1e0a959b230e1f6e7f8f13fb7f2de7b9ff66227dbfb5d1bdb9e2f316e432d563,
webarena-verified,6473f72db5dcefc97b5725b59e734504edc28a21,252,1e0a959b230e1f6e7f8f13fb7f2de7b9ff66227dbfb5d1bdb9e2f316e432d563,map,webarena-verified/assets/dataset/webarena-verified.json,IC4,,webarena-verified/assets/dataset/webarena-verified.json#1e0a959b230e1f6e7f8f13fb7f2de7b9ff66227dbfb5d1bdb9e2f316e432d563,
webarena-verified,6473f72db5dcefc97b5725b59e734504edc28a21,252,1e0a959b230e1f6e7f8f13fb7f2de7b9ff66227dbfb5d1bdb9e2f316e432d563,map,webarena-verified/assets/dataset/webarena-verified.json,IC5,,webarena-verified/assets/dataset/webarena-verified.json#1e0a959b230e1f6e7f8f13fb7f2de7b9ff66227dbfb5d1bdb9e2f316e432d563,
webarena-verified,6473f72db5dcefc97b5725b59e734504edc28a21,252,1e0a959b230e1f6e7f8f13fb7f2de7b9ff66227dbfb5d1bdb9e2f316e432d563,map,webarena-verified/assets/dataset/webarena-verified.json,IC6,,webarena-verified/assets/dataset/webarena-verified.json#1e0a959b230e1f6e7f8f13fb7f2de7b9ff66227dbfb5d1bdb9e2f316e432d563,
webarena-verified,6473f72db5dcefc97b5725b59e734504edc28a21,252,1e0a959b230e1f6e7f8f13fb7f2de7b9ff66227dbfb5d1bdb9e2f316e432d563,map,webarena-verified/assets/dataset/webarena-verified.json,IC7,,webarena-verified/assets/dataset/webarena-verified.json#1e0a959b230e1f6e7f8f13fb7f2de7b9ff66227dbfb5d1bdb9e2f316e432d563,
webarena-verified,6473f72db5dcefc97b5725b59e734504edc28a21,8,123c0bab763c23ae46bfcab6f908591621d4c6888827584e21b4d017ef5f2104,map,webarena-verified/assets/dataset/webarena-verified.json,IC1,,webarena-verified/assets/dataset/webarena-verified.json#123c0bab763c23ae46bfcab6f908591621d4c6888827584e21b4d017ef5f2104,
webarena-verified,6473f72db5dcefc97b5725b59e734504edc28a21,8,123c0bab763c23ae46bfcab6f908591621d4c6888827584e21b4d017ef5f2104,map,webarena-verified/assets/dataset/webarena-verified.json,IC2,,webarena-verified/assets/dataset/webarena-verified.json#123c0bab763c23ae46bfcab6f908591621d4c6888827584e21b4d017ef5f2104,
webarena-verified,6473f72db5dcefc97b5725b59e734504edc28a21,8,123c0bab763c23ae46bfcab6f908591621d4c6888827584e21b4d017ef5f2104,map,webarena-verified/assets/dataset/webarena-verified.json,IC3,,webarena-verified/assets/dataset/webarena-verified.json#123c0bab763c23ae46bfcab6f908591621d4c6888827584e21b4d017ef5f2104,
webarena-verified,6473f72db5dcefc97b5725b59e734504edc28a21,8,123c0bab763c23ae46bfcab6f908591621d4c6888827584e21b4d017ef5f2104,map,webarena-verified/assets/dataset/webarena-verified.json,IC4,,webarena-verified/assets/dataset/webarena-verified.json#123c0bab763c23ae46bfcab6f908591621d4c6888827584e21b4d017ef5f2104,
webarena-verified,6473f72db5dcefc97b5725b59e734504edc28a21,8,123c0bab763c23ae46bfcab6f908591621d4c6888827584e21b4d017ef5f2104,map,webarena-verified/assets/dataset/webarena-verified.json,IC5,,webarena-verified/assets/dataset/webarena-verified.json#123c0bab763c23ae46bfcab6f908591621d4c6888827584e21b4d017ef5f2104,
webarena-verified,6473f72db5dcefc97b5725b59e734504edc28a21,8,123c0bab763c23ae46bfcab6f908591621d4c6888827584e21b4d017ef5f2104,map,webarena-verified/assets/dataset/webarena-verified.json,IC6,,webarena-verified/assets/dataset/webarena-verified.json#123c0bab763c23ae46bfcab6f908591621d4c6888827584e21b4d017ef5f2104,
webarena-verified,6473f72db5dcefc97b5725b59e734504edc28a21,8,123c0bab763c23ae46bfcab6f908591621d4c6888827584e21b4d017ef5f2104,map,webarena-verified/assets/dataset/webarena-verified.json,IC7,,webarena-verified/assets/dataset/webarena-verified.json#123c0bab763c23ae46bfcab6f908591621d4c6888827584e21b4d017ef5f2104,
webarena-verified,6473f72db5dcefc97b5725b59e734504edc28a21,382,ef670c02e8089adfd804334add8feaf301c3a9668d3f5e88874a7b730cc48993,map,webarena-verified/assets/dataset/webarena-verified.json,IC1,,webarena-verified/assets/dataset/webarena-verified.json#ef670c02e8089adfd804334add8feaf301c3a9668d3f5e88874a7b730cc48993,
webarena-verified,6473f72db5dcefc97b5725b59e734504edc28a21,382,ef670c02e8089adfd804334add8feaf301c3a9668d3f5e88874a7b730cc48993,map,webarena-verified/assets/dataset/webarena-verified.json,IC2,,webarena-verified/assets/dataset/webarena-verified.json#ef670c02e8089adfd804334add8feaf301c3a9668d3f5e88874a7b730cc48993,
webarena-verified,6473f72db5dcefc97b5725b59e734504edc28a21,382,ef670c02e8089adfd804334add8feaf301c3a9668d3f5e88874a7b730cc48993,map,webarena-verified/assets/dataset/webarena-verified.json,IC3,,webarena-verified/assets/dataset/webarena-verified.json#ef670c02e8089adfd804334add8feaf301c3a9668d3f5e88874a7b730cc48993,
webarena-verified,6473f72db5dcefc97b5725b59e734504edc28a21,382,ef670c02e8089adfd804334add8feaf301c3a9668d3f5e88874a7b730cc48993,map,webarena-verified/assets/dataset/webarena-verified.json,IC4,,webarena-verified/assets/dataset/webarena-verified.json#ef670c02e8089adfd804334add8feaf301c3a9668d3f5e88874a7b730cc48993,
webarena-verified,6473f72db5dcefc97b5725b59e734504edc28a21,382,ef670c02e8089adfd804334add8feaf301c3a9668d3f5e88874a7b730cc48993,map,webarena-verified/assets/dataset/webarena-verified.json,IC5,,webarena-verified/assets/dataset/webarena-verified.json#ef670c02e8089adfd804334add8feaf301c3a9668d3f5e88874a7b730cc48993,
webarena-verified,6473f72db5dcefc97b5725b59e734504edc28a21,382,ef670c02e8089adfd804334add8feaf301c3a9668d3f5e88874a7b730cc48993,map,webarena-verified/assets/dataset/webarena-verified.json,IC6,,webarena-verified/assets/dataset/webarena-verified.json#ef670c02e8089adfd804334add8feaf301c3a9668d3f5e88874a7b730cc48993,
webarena-verified,6473f72db5dcefc97b5725b59e734504edc28a21,382,ef670c02e8089adfd804334add8feaf301c3a9668d3f5e88874a7b730cc48993,map,webarena-verified/assets/dataset/webarena-verified.json,IC7,,webarena-verified/assets/dataset/webarena-verified.json#ef670c02e8089adfd804334add8feaf301c3a9668d3f5e88874a7b730cc48993,
webarena-verified,6473f72db5dcefc97b5725b59e734504edc28a21,101,05f6f666247dbd0974023377b46555390032b99fdef0a96ccca12e8615db9509,map,webarena-verified/assets/dataset/webarena-verified.json,IC1,,webarena-verified/assets/dataset/webarena-verified.json#05f6f666247dbd0974023377b46555390032b99fdef0a96ccca12e8615db9509,
webarena-verified,6473f72db5dcefc97b5725b59e734504edc28a21,101,05f6f666247dbd0974023377b46555390032b99fdef0a96ccca12e8615db9509,map,webarena-verified/assets/dataset/webarena-verified.json,IC2,,webarena-verified/assets/dataset/webarena-verified.json#05f6f666247dbd0974023377b46555390032b99fdef0a96ccca12e8615db9509,
webarena-verified,6473f72db5dcefc97b5725b59e734504edc28a21,101,05f6f666247dbd0974023377b46555390032b99fdef0a96ccca12e8615db9509,map,webarena-verified/assets/dataset/webarena-verified.json,IC3,,webarena-verified/assets/dataset/webarena-verified.json#05f6f666247dbd0974023377b46555390032b99fdef0a96ccca12e8615db9509,
webarena-verified,6473f72db5dcefc97b5725b59e734504edc28a21,101,05f6f666247dbd0974023377b46555390032b99fdef0a96ccca12e8615db9509,map,webarena-verified/assets/dataset/webarena-verified.json,IC4,,webarena-verified/assets/dataset/webarena-verified.json#05f6f666247dbd0974023377b46555390032b99fdef0a96ccca12e8615db9509,
webarena-verified,6473f72db5dcefc97b5725b59e734504edc28a21,101,05f6f666247dbd0974023377b46555390032b99fdef0a96ccca12e8615db9509,map,webarena-verified/assets/dataset/webarena-verified.json,IC5,,webarena-verified/assets/dataset/webarena-verified.json#05f6f666247dbd0974023377b46555390032b99fdef0a96ccca12e8615db9509,
webarena-verified,6473f72db5dcefc97b5725b59e734504edc28a21,101,05f6f666247dbd0974023377b46555390032b99fdef0a96ccca12e8615db9509,map,webarena-verified/assets/dataset/webarena-verified.json,IC6,,webarena-verified/assets/dataset/webarena-verified.json#05f6f666247dbd0974023377b46555390032b99fdef0a96ccca12e8615db9509,
webarena-verified,6473f72db5dcefc97b5725b59e734504edc28a21,101,05f6f666247dbd0974023377b46555390032b99fdef0a96ccca12e8615db9509,map,webarena-verified/assets/dataset/webarena-verified.json,IC7,,webarena-verified/assets/dataset/webarena-verified.json#05f6f666247dbd0974023377b46555390032b99fdef0a96ccca12e8615db9509,
webarena-verified,6473f72db5dcefc97b5725b59e734504edc28a21,759,b251f71ff8e54ed37e274387990665afcbb3c352fad207c1e904145f766f2bce,map|shopping_admin,webarena-verified/assets/dataset/webarena-verified.json,IC1,,webarena-verified/assets/dataset/webarena-verified.json#b251f71ff8e54ed37e274387990665afcbb3c352fad207c1e904145f766f2bce,
webarena-verified,6473f72db5dcefc97b5725b59e734504edc28a21,759,b251f71ff8e54ed37e274387990665afcbb3c352fad207c1e904145f766f2bce,map|shopping_admin,webarena-verified/assets/dataset/webarena-verified.json,IC2,,webarena-verified/assets/dataset/webarena-verified.json#b251f71ff8e54ed37e274387990665afcbb3c352fad207c1e904145f766f2bce,
webarena-verified,6473f72db5dcefc97b5725b59e734504edc28a21,759,b251f71ff8e54ed37e274387990665afcbb3c352fad207c1e904145f766f2bce,map|shopping_admin,webarena-verified/assets/dataset/webarena-verified.json,IC3,,webarena-verified/assets/dataset/webarena-verified.json#b251f71ff8e54ed37e274387990665afcbb3c352fad207c1e904145f766f2bce,
webarena-verified,6473f72db5dcefc97b5725b59e734504edc28a21,759,b251f71ff8e54ed37e274387990665afcbb3c352fad207c1e904145f766f2bce,map|shopping_admin,webarena-verified/assets/dataset/webarena-verified.json,IC4,,webarena-verified/assets/dataset/webarena-verified.json#b251f71ff8e54ed37e274387990665afcbb3c352fad207c1e904145f766f2bce,
webarena-verified,6473f72db5dcefc97b5725b59e734504edc28a21,759,b251f71ff8e54ed37e274387990665afcbb3c352fad207c1e904145f766f2bce,map|shopping_admin,webarena-verified/assets/dataset/webarena-verified.json,IC5,,webarena-verified/assets/dataset/webarena-verified.json#b251f71ff8e54ed37e274387990665afcbb3c352fad207c1e904145f766f2bce,
webarena-verified,6473f72db5dcefc97b5725b59e734504edc28a21,759,b251f71ff8e54ed37e274387990665afcbb3c352fad207c1e904145f766f2bce,map|shopping_admin,webarena-verified/assets/dataset/webarena-verified.json,IC6,,webarena-verified/assets/dataset/webarena-verified.json#b251f71ff8e54ed37e274387990665afcbb3c352fad207c1e904145f766f2bce,
webarena-verified,6473f72db5dcefc97b5725b59e734504edc28a21,759,b251f71ff8e54ed37e274387990665afcbb3c352fad207c1e904145f766f2bce,map|shopping_admin,webarena-verified/assets/dataset/webarena-verified.json,IC7,,webarena-verified/assets/dataset/webarena-verified.json#b251f71ff8e54ed37e274387990665afcbb3c352fad207c1e904145f766f2bce,
webarena-verified,6473f72db5dcefc97b5725b59e734504edc28a21,426,1d7f39e0aa3be90344720b9265cf63056f618938bf9cf3603d692251560bb573,map|wikipedia,webarena-verified/assets/dataset/webarena-verified.json,IC1,,webarena-verified/assets/dataset/webarena-verified.json#1d7f39e0aa3be90344720b9265cf63056f618938bf9cf3603d692251560bb573,
webarena-verified,6473f72db5dcefc97b5725b59e734504edc28a21,426,1d7f39e0aa3be90344720b9265cf63056f618938bf9cf3603d692251560bb573,map|wikipedia,webarena-verified/assets/dataset/webarena-verified.json,IC2,,webarena-verified/assets/dataset/webarena-verified.json#1d7f39e0aa3be90344720b9265cf63056f618938bf9cf3603d692251560bb573,
webarena-verified,6473f72db5dcefc97b5725b59e734504edc28a21,426,1d7f39e0aa3be90344720b9265cf63056f618938bf9cf3603d692251560bb573,map|wikipedia,webarena-verified/assets/dataset/webarena-verified.json,IC3,,webarena-verified/assets/dataset/webarena-verified.json#1d7f39e0aa3be90344720b9265cf63056f618938bf9cf3603d692251560bb573,
webarena-verified,6473f72db5dcefc97b5725b59e734504edc28a21,426,1d7f39e0aa3be90344720b9265cf63056f618938bf9cf3603d692251560bb573,map|wikipedia,webarena-verified/assets/dataset/webarena-verified.json,IC4,,webarena-verified/assets/dataset/webarena-verified.json#1d7f39e0aa3be90344720b9265cf63056f618938bf9cf3603d692251560bb573,
webarena-verified,6473f72db5dcefc97b5725b59e734504edc28a21,426,1d7f39e0aa3be90344720b9265cf63056f618938bf9cf3603d692251560bb573,map|wikipedia,webarena-verified/assets/dataset/webarena-verified.json,IC5,,webarena-verified/assets/dataset/webarena-verified.json#1d7f39e0aa3be90344720b9265cf63056f618938bf9cf3603d692251560bb573,
webarena-verified,6473f72db5dcefc97b5725b59e734504edc28a21,426,1d7f39e0aa3be90344720b9265cf63056f618938bf9cf3603d692251560bb573,map|wikipedia,webarena-verified/assets/dataset/webarena-verified.json,IC6,,webarena-verified/assets/dataset/webarena-verified.json#1d7f39e0aa3be90344720b9265cf63056f618938bf9cf3603d692251560bb573,
webarena-verified,6473f72db5dcefc97b5725b59e734504edc28a21,426,1d7f39e0aa3be90344720b9265cf63056f618938bf9cf3603d692251560bb573,map|wikipedia,webarena-verified/assets/dataset/webarena-verified.json,IC7,,webarena-verified/assets/dataset/webarena-verified.json#1d7f39e0aa3be90344720b9265cf63056f618938bf9cf3603d692251560bb573,
webarena-verified,6473f72db5dcefc97b5725b59e734504edc28a21,266,a2ff905a2adf92bf6602b209b35ed28fa078c84f1d4cf28309d843af29e397f9,map|wikipedia,webarena-verified/assets/dataset/webarena-verified.json,IC1,,webarena-verified/assets/dataset/webarena-verified.json#a2ff905a2adf92bf6602b209b35ed28fa078c84f1d4cf28309d843af29e397f9,
webarena-verified,6473f72db5dcefc97b5725b59e734504edc28a21,266,a2ff905a2adf92bf6602b209b35ed28fa078c84f1d4cf28309d843af29e397f9,map|wikipedia,webarena-verified/assets/dataset/webarena-verified.json,IC2,,webarena-verified/assets/dataset/webarena-verified.json#a2ff905a2adf92bf6602b209b35ed28fa078c84f1d4cf28309d843af29e397f9,
webarena-verified,6473f72db5dcefc97b5725b59e734504edc28a21,266,a2ff905a2adf92bf6602b209b35ed28fa078c84f1d4cf28309d843af29e397f9,map|wikipedia,webarena-verified/assets/dataset/webarena-verified.json,IC3,,webarena-verified/assets/dataset/webarena-verified.json#a2ff905a2adf92bf6602b209b35ed28fa078c84f1d4cf28309d843af29e397f9,
webarena-verified,6473f72db5dcefc97b5725b59e734504edc28a21,266,a2ff905a2adf92bf6602b209b35ed28fa078c84f1d4cf28309d843af29e397f9,map|wikipedia,webarena-verified/assets/dataset/webarena-verified.json,IC4,,webarena-verified/assets/dataset/webarena-verified.json#a2ff905a2adf92bf6602b209b35ed28fa078c84f1d4cf28309d843af29e397f9,
webarena-verified,6473f72db5dcefc97b5725b59e734504edc28a21,266,a2ff905a2adf92bf6602b209b35ed28fa078c84f1d4cf28309d843af29e397f9,map|wikipedia,webarena-verified/assets/dataset/webarena-verified.json,IC5,,webarena-verified/assets/dataset/webarena-verified.json#a2ff905a2adf92bf6602b209b35ed28fa078c84f1d4cf28309d843af29e397f9,
webarena-verified,6473f72db5dcefc97b5725b59e734504edc28a21,266,a2ff905a2adf92bf6602b209b35ed28fa078c84f1d4cf28309d843af29e397f9,map|wikipedia,webarena-verified/assets/dataset/webarena-verified.json,IC6,,webarena-verified/assets/dataset/webarena-verified.json#a2ff905a2adf92bf6602b209b35ed28fa078c84f1d4cf28309d843af29e397f9,
webarena-verified,6473f72db5dcefc97b5725b59e734504edc28a21,266,a2ff905a2adf92bf6602b209b35ed28fa078c84f1d4cf28309d843af29e397f9,map|wikipedia,webarena-verified/assets/dataset/webarena-verified.json,IC7,,webarena-verified/assets/dataset/webarena-verified.json#a2ff905a2adf92bf6602b209b35ed28fa078c84f1d4cf28309d843af29e397f9,
webarena-verified,6473f72db5dcefc97b5725b59e734504edc28a21,735,2b1458695b28f8d6d1ca8aaff5b98c6d1107887d2e98007df97cde884227ba0f,reddit,webarena-verified/assets/dataset/webarena-verified.json,IC1,,webarena-verified/assets/dataset/webarena-verified.json#2b1458695b28f8d6d1ca8aaff5b98c6d1107887d2e98007df97cde884227ba0f,
webarena-verified,6473f72db5dcefc97b5725b59e734504edc28a21,735,2b1458695b28f8d6d1ca8aaff5b98c6d1107887d2e98007df97cde884227ba0f,reddit,webarena-verified/assets/dataset/webarena-verified.json,IC2,,webarena-verified/assets/dataset/webarena-verified.json#2b1458695b28f8d6d1ca8aaff5b98c6d1107887d2e98007df97cde884227ba0f,
webarena-verified,6473f72db5dcefc97b5725b59e734504edc28a21,735,2b1458695b28f8d6d1ca8aaff5b98c6d1107887d2e98007df97cde884227ba0f,reddit,webarena-verified/assets/dataset/webarena-verified.json,IC3,,webarena-verified/assets/dataset/webarena-verified.json#2b1458695b28f8d6d1ca8aaff5b98c6d1107887d2e98007df97cde884227ba0f,
webarena-verified,6473f72db5dcefc97b5725b59e734504edc28a21,735,2b1458695b28f8d6d1ca8aaff5b98c6d1107887d2e98007df97cde884227ba0f,reddit,webarena-verified/assets/dataset/webarena-verified.json,IC4,,webarena-verified/assets/dataset/webarena-verified.json#2b1458695b28f8d6d1ca8aaff5b98c6d1107887d2e98007df97cde884227ba0f,
webarena-verified,6473f72db5dcefc97b5725b59e734504edc28a21,735,2b1458695b28f8d6d1ca8aaff5b98c6d1107887d2e98007df97cde884227ba0f,reddit,webarena-verified/assets/dataset/webarena-verified.json,IC5,,webarena-verified/assets/dataset/webarena-verified.json#2b1458695b28f8d6d1ca8aaff5b98c6d1107887d2e98007df97cde884227ba0f,
webarena-verified,6473f72db5dcefc97b5725b59e734504edc28a21,735,2b1458695b28f8d6d1ca8aaff5b98c6d1107887d2e98007df97cde884227ba0f,reddit,webarena-verified/assets/dataset/webarena-verified.json,IC6,,webarena-verified/assets/dataset/webarena-verified.json#2b1458695b28f8d6d1ca8aaff5b98c6d1107887d2e98007df97cde884227ba0f,
webarena-verified,6473f72db5dcefc97b5725b59e734504edc28a21,735,2b1458695b28f8d6d1ca8aaff5b98c6d1107887d2e98007df97cde884227ba0f,reddit,webarena-verified/assets/dataset/webarena-verified.json,IC7,,webarena-verified/assets/dataset/webarena-verified.json#2b1458695b28f8d6d1ca8aaff5b98c6d1107887d2e98007df97cde884227ba0f,
webarena-verified,6473f72db5dcefc97b5725b59e734504edc28a21,650,8ff620cebfa1ae46c1f018f5839cd544791f041c2b9b10733148dfa741723601,reddit,webarena-verified/assets/dataset/webarena-verified.json,IC1,,webarena-verified/assets/dataset/webarena-verified.json#8ff620cebfa1ae46c1f018f5839cd544791f041c2b9b10733148dfa741723601,
webarena-verified,6473f72db5dcefc97b5725b59e734504edc28a21,650,8ff620cebfa1ae46c1f018f5839cd544791f041c2b9b10733148dfa741723601,reddit,webarena-verified/assets/dataset/webarena-verified.json,IC2,,webarena-verified/assets/dataset/webarena-verified.json#8ff620cebfa1ae46c1f018f5839cd544791f041c2b9b10733148dfa741723601,
webarena-verified,6473f72db5dcefc97b5725b59e734504edc28a21,650,8ff620cebfa1ae46c1f018f5839cd544791f041c2b9b10733148dfa741723601,reddit,webarena-verified/assets/dataset/webarena-verified.json,IC3,,webarena-verified/assets/dataset/webarena-verified.json#8ff620cebfa1ae46c1f018f5839cd544791f041c2b9b10733148dfa741723601,
webarena-verified,6473f72db5dcefc97b5725b59e734504edc28a21,650,8ff620cebfa1ae46c1f018f5839cd544791f041c2b9b10733148dfa741723601,reddit,webarena-verified/assets/dataset/webarena-verified.json,IC4,,webarena-verified/assets/dataset/webarena-verified.json#8ff620cebfa1ae46c1f018f5839cd544791f041c2b9b10733148dfa741723601,
webarena-verified,6473f72db5dcefc97b5725b59e734504edc28a21,650,8ff620cebfa1ae46c1f018f5839cd544791f041c2b9b10733148dfa741723601,reddit,webarena-verified/assets/dataset/webarena-verified.json,IC5,,webarena-verified/assets/dataset/webarena-verified.json#8ff620cebfa1ae46c1f018f5839cd544791f041c2b9b10733148dfa741723601,
webarena-verified,6473f72db5dcefc97b5725b59e734504edc28a21,650,8ff620cebfa1ae46c1f018f5839cd544791f041c2b9b10733148dfa741723601,reddit,webarena-verified/assets/dataset/webarena-verified.json,IC6,,webarena-verified/assets/dataset/webarena-verified.json#8ff620cebfa1ae46c1f018f5839cd544791f041c2b9b10733148dfa741723601,
webarena-verified,6473f72db5dcefc97b5725b59e734504edc28a21,650,8ff620cebfa1ae46c1f018f5839cd544791f041c2b9b10733148dfa741723601,reddit,webarena-verified/assets/dataset/webarena-verified.json,IC7,,webarena-verified/assets/dataset/webarena-verified.json#8ff620cebfa1ae46c1f018f5839cd544791f041c2b9b10733148dfa741723601,
webarena-verified,6473f72db5dcefc97b5725b59e734504edc28a21,628,43420f346166825cb2b2958b1c5e11da170845c9a1476339ca65b23edfae4a84,reddit,webarena-verified/assets/dataset/webarena-verified.json,IC1,,webarena-verified/assets/dataset/webarena-verified.json#43420f346166825cb2b2958b1c5e11da170845c9a1476339ca65b23edfae4a84,
webarena-verified,6473f72db5dcefc97b5725b59e734504edc28a21,628,43420f346166825cb2b2958b1c5e11da170845c9a1476339ca65b23edfae4a84,reddit,webarena-verified/assets/dataset/webarena-verified.json,IC2,,webarena-verified/assets/dataset/webarena-verified.json#43420f346166825cb2b2958b1c5e11da170845c9a1476339ca65b23edfae4a84,
webarena-verified,6473f72db5dcefc97b5725b59e734504edc28a21,628,43420f346166825cb2b2958b1c5e11da170845c9a1476339ca65b23edfae4a84,reddit,webarena-verified/assets/dataset/webarena-verified.json,IC3,,webarena-verified/assets/dataset/webarena-verified.json#43420f346166825cb2b2958b1c5e11da170845c9a1476339ca65b23edfae4a84,
webarena-verified,6473f72db5dcefc97b5725b59e734504edc28a21,628,43420f346166825cb2b2958b1c5e11da170845c9a1476339ca65b23edfae4a84,reddit,webarena-verified/assets/dataset/webarena-verified.json,IC4,,webarena-verified/assets/dataset/webarena-verified.json#43420f346166825cb2b2958b1c5e11da170845c9a1476339ca65b23edfae4a84,
webarena-verified,6473f72db5dcefc97b5725b59e734504edc28a21,628,43420f346166825cb2b2958b1c5e11da170845c9a1476339ca65b23edfae4a84,reddit,webarena-verified/assets/dataset/webarena-verified.json,IC5,,webarena-verified/assets/dataset/webarena-verified.json#43420f346166825cb2b2958b1c5e11da170845c9a1476339ca65b23edfae4a84,
webarena-verified,6473f72db5dcefc97b5725b59e734504edc28a21,628,43420f346166825cb2b2958b1c5e11da170845c9a1476339ca65b23edfae4a84,reddit,webarena-verified/assets/dataset/webarena-verified.json,IC6,,webarena-verified/assets/dataset/webarena-verified.json#43420f346166825cb2b2958b1c5e11da170845c9a1476339ca65b23edfae4a84,
webarena-verified,6473f72db5dcefc97b5725b59e734504edc28a21,628,43420f346166825cb2b2958b1c5e11da170845c9a1476339ca65b23edfae4a84,reddit,webarena-verified/assets/dataset/webarena-verified.json,IC7,,webarena-verified/assets/dataset/webarena-verified.json#43420f346166825cb2b2958b1c5e11da170845c9a1476339ca65b23edfae4a84,
webarena-verified,6473f72db5dcefc97b5725b59e734504edc28a21,580,232a0b7ddbc89890bbc16794bbefdd9b292fdc1c814c7d969089c6de9e187232,reddit,webarena-verified/assets/dataset/webarena-verified.json,IC1,,webarena-verified/assets/dataset/webarena-verified.json#232a0b7ddbc89890bbc16794bbefdd9b292fdc1c814c7d969089c6de9e187232,
webarena-verified,6473f72db5dcefc97b5725b59e734504edc28a21,580,232a0b7ddbc89890bbc16794bbefdd9b292fdc1c814c7d969089c6de9e187232,reddit,webarena-verified/assets/dataset/webarena-verified.json,IC2,,webarena-verified/assets/dataset/webarena-verified.json#232a0b7ddbc89890bbc16794bbefdd9b292fdc1c814c7d969089c6de9e187232,
webarena-verified,6473f72db5dcefc97b5725b59e734504edc28a21,580,232a0b7ddbc89890bbc16794bbefdd9b292fdc1c814c7d969089c6de9e187232,reddit,webarena-verified/assets/dataset/webarena-verified.json,IC3,,webarena-verified/assets/dataset/webarena-verified.json#232a0b7ddbc89890bbc16794bbefdd9b292fdc1c814c7d969089c6de9e187232,
webarena-verified,6473f72db5dcefc97b5725b59e734504edc28a21,580,232a0b7ddbc89890bbc16794bbefdd9b292fdc1c814c7d969089c6de9e187232,reddit,webarena-verified/assets/dataset/webarena-verified.json,IC4,,webarena-verified/assets/dataset/webarena-verified.json#232a0b7ddbc89890bbc16794bbefdd9b292fdc1c814c7d969089c6de9e187232,
webarena-verified,6473f72db5dcefc97b5725b59e734504edc28a21,580,232a0b7ddbc89890bbc16794bbefdd9b292fdc1c814c7d969089c6de9e187232,reddit,webarena-verified/assets/dataset/webarena-verified.json,IC5,,webarena-verified/assets/dataset/webarena-verified.json#232a0b7ddbc89890bbc16794bbefdd9b292fdc1c814c7d969089c6de9e187232,
webarena-verified,6473f72db5dcefc97b5725b59e734504edc28a21,580,232a0b7ddbc89890bbc16794bbefdd9b292fdc1c814c7d969089c6de9e187232,reddit,webarena-verified/assets/dataset/webarena-verified.json,IC6,,webarena-verified/assets/dataset/webarena-verified.json#232a0b7ddbc89890bbc16794bbefdd9b292fdc1c814c7d969089c6de9e187232,
webarena-verified,6473f72db5dcefc97b5725b59e734504edc28a21,580,232a0b7ddbc89890bbc16794bbefdd9b292fdc1c814c7d969089c6de9e187232,reddit,webarena-verified/assets/dataset/webarena-verified.json,IC7,,webarena-verified/assets/dataset/webarena-verified.json#232a0b7ddbc89890bbc16794bbefdd9b292fdc1c814c7d969089c6de9e187232,
webarena-verified,6473f72db5dcefc97b5725b59e734504edc28a21,584,ed9a9f77d1eb468f65c5f3e296ede95fb94bf8ad47c13715519963c18fdc9fb7,reddit,webarena-verified/assets/dataset/webarena-verified.json,IC1,,webarena-verified/assets/dataset/webarena-verified.json#ed9a9f77d1eb468f65c5f3e296ede95fb94bf8ad47c13715519963c18fdc9fb7,
webarena-verified,6473f72db5dcefc97b5725b59e734504edc28a21,584,ed9a9f77d1eb468f65c5f3e296ede95fb94bf8ad47c13715519963c18fdc9fb7,reddit,webarena-verified/assets/dataset/webarena-verified.json,IC2,,webarena-verified/assets/dataset/webarena-verified.json#ed9a9f77d1eb468f65c5f3e296ede95fb94bf8ad47c13715519963c18fdc9fb7,
webarena-verified,6473f72db5dcefc97b5725b59e734504edc28a21,584,ed9a9f77d1eb468f65c5f3e296ede95fb94bf8ad47c13715519963c18fdc9fb7,reddit,webarena-verified/assets/dataset/webarena-verified.json,IC3,,webarena-verified/assets/dataset/webarena-verified.json#ed9a9f77d1eb468f65c5f3e296ede95fb94bf8ad47c13715519963c18fdc9fb7,
webarena-verified,6473f72db5dcefc97b5725b59e734504edc28a21,584,ed9a9f77d1eb468f65c5f3e296ede95fb94bf8ad47c13715519963c18fdc9fb7,reddit,webarena-verified/assets/dataset/webarena-verified.json,IC4,,webarena-verified/assets/dataset/webarena-verified.json#ed9a9f77d1eb468f65c5f3e296ede95fb94bf8ad47c13715519963c18fdc9fb7,
webarena-verified,6473f72db5dcefc97b5725b59e734504edc28a21,584,ed9a9f77d1eb468f65c5f3e296ede95fb94bf8ad47c13715519963c18fdc9fb7,reddit,webarena-verified/assets/dataset/webarena-verified.json,IC5,,webarena-verified/assets/dataset/webarena-verified.json#ed9a9f77d1eb468f65c5f3e296ede95fb94bf8ad47c13715519963c18fdc9fb7,
webarena-verified,6473f72db5dcefc97b5725b59e734504edc28a21,584,ed9a9f77d1eb468f65c5f3e296ede95fb94bf8ad47c13715519963c18fdc9fb7,reddit,webarena-verified/assets/dataset/webarena-verified.json,IC6,,webarena-verified/assets/dataset/webarena-verified.json#ed9a9f77d1eb468f65c5f3e296ede95fb94bf8ad47c13715519963c18fdc9fb7,
webarena-verified,6473f72db5dcefc97b5725b59e734504edc28a21,584,ed9a9f77d1eb468f65c5f3e296ede95fb94bf8ad47c13715519963c18fdc9fb7,reddit,webarena-verified/assets/dataset/webarena-verified.json,IC7,,webarena-verified/assets/dataset/webarena-verified.json#ed9a9f77d1eb468f65c5f3e296ede95fb94bf8ad47c13715519963c18fdc9fb7,
webarena-verified,6473f72db5dcefc97b5725b59e734504edc28a21,627,7496b42846270410b224c88472c0f010315335310f7d966f9f422cf8ba091acc,reddit,webarena-verified/assets/dataset/webarena-verified.json,IC1,,webarena-verified/assets/dataset/webarena-verified.json#7496b42846270410b224c88472c0f010315335310f7d966f9f422cf8ba091acc,
webarena-verified,6473f72db5dcefc97b5725b59e734504edc28a21,627,7496b42846270410b224c88472c0f010315335310f7d966f9f422cf8ba091acc,reddit,webarena-verified/assets/dataset/webarena-verified.json,IC2,,webarena-verified/assets/dataset/webarena-verified.json#7496b42846270410b224c88472c0f010315335310f7d966f9f422cf8ba091acc,
webarena-verified,6473f72db5dcefc97b5725b59e734504edc28a21,627,7496b42846270410b224c88472c0f010315335310f7d966f9f422cf8ba091acc,reddit,webarena-verified/assets/dataset/webarena-verified.json,IC3,,webarena-verified/assets/dataset/webarena-verified.json#7496b42846270410b224c88472c0f010315335310f7d966f9f422cf8ba091acc,
webarena-verified,6473f72db5dcefc97b5725b59e734504edc28a21,627,7496b42846270410b224c88472c0f010315335310f7d966f9f422cf8ba091acc,reddit,webarena-verified/assets/dataset/webarena-verified.json,IC4,,webarena-verified/assets/dataset/webarena-verified.json#7496b42846270410b224c88472c0f010315335310f7d966f9f422cf8ba091acc,
webarena-verified,6473f72db5dcefc97b5725b59e734504edc28a21,627,7496b42846270410b224c88472c0f010315335310f7d966f9f422cf8ba091acc,reddit,webarena-verified/assets/dataset/webarena-verified.json,IC5,,webarena-verified/assets/dataset/webarena-verified.json#7496b42846270410b224c88472c0f010315335310f7d966f9f422cf8ba091acc,
webarena-verified,6473f72db5dcefc97b5725b59e734504edc28a21,627,7496b42846270410b224c88472c0f010315335310f7d966f9f422cf8ba091acc,reddit,webarena-verified/assets/dataset/webarena-verified.json,IC6,,webarena-verified/assets/dataset/webarena-verified.json#7496b42846270410b224c88472c0f010315335310f7d966f9f422cf8ba091acc,
webarena-verified,6473f72db5dcefc97b5725b59e734504edc28a21,627,7496b42846270410b224c88472c0f010315335310f7d966f9f422cf8ba091acc,reddit,webarena-verified/assets/dataset/webarena-verified.json,IC7,,webarena-verified/assets/dataset/webarena-verified.json#7496b42846270410b224c88472c0f010315335310f7d966f9f422cf8ba091acc,
webarena-verified,6473f72db5dcefc97b5725b59e734504edc28a21,407,46b05c1992724d6eba685c10fcf2bdcf79f37087ef723e5d9af9590a3c091d05,reddit,webarena-verified/assets/dataset/webarena-verified.json,IC1,,webarena-verified/assets/dataset/webarena-verified.json#46b05c1992724d6eba685c10fcf2bdcf79f37087ef723e5d9af9590a3c091d05,
webarena-verified,6473f72db5dcefc97b5725b59e734504edc28a21,407,46b05c1992724d6eba685c10fcf2bdcf79f37087ef723e5d9af9590a3c091d05,reddit,webarena-verified/assets/dataset/webarena-verified.json,IC2,,webarena-verified/assets/dataset/webarena-verified.json#46b05c1992724d6eba685c10fcf2bdcf79f37087ef723e5d9af9590a3c091d05,
webarena-verified,6473f72db5dcefc97b5725b59e734504edc28a21,407,46b05c1992724d6eba685c10fcf2bdcf79f37087ef723e5d9af9590a3c091d05,reddit,webarena-verified/assets/dataset/webarena-verified.json,IC3,,webarena-verified/assets/dataset/webarena-verified.json#46b05c1992724d6eba685c10fcf2bdcf79f37087ef723e5d9af9590a3c091d05,
webarena-verified,6473f72db5dcefc97b5725b59e734504edc28a21,407,46b05c1992724d6eba685c10fcf2bdcf79f37087ef723e5d9af9590a3c091d05,reddit,webarena-verified/assets/dataset/webarena-verified.json,IC4,,webarena-verified/assets/dataset/webarena-verified.json#46b05c1992724d6eba685c10fcf2bdcf79f37087ef723e5d9af9590a3c091d05,
webarena-verified,6473f72db5dcefc97b5725b59e734504edc28a21,407,46b05c1992724d6eba685c10fcf2bdcf79f37087ef723e5d9af9590a3c091d05,reddit,webarena-verified/assets/dataset/webarena-verified.json,IC5,,webarena-verified/assets/dataset/webarena-verified.json#46b05c1992724d6eba685c10fcf2bdcf79f37087ef723e5d9af9590a3c091d05,
webarena-verified,6473f72db5dcefc97b5725b59e734504edc28a21,407,46b05c1992724d6eba685c10fcf2bdcf79f37087ef723e5d9af9590a3c091d05,reddit,webarena-verified/assets/dataset/webarena-verified.json,IC6,,webarena-verified/assets/dataset/webarena-verified.json#46b05c1992724d6eba685c10fcf2bdcf79f37087ef723e5d9af9590a3c091d05,
webarena-verified,6473f72db5dcefc97b5725b59e734504edc28a21,407,46b05c1992724d6eba685c10fcf2bdcf79f37087ef723e5d9af9590a3c091d05,reddit,webarena-verified/assets/dataset/webarena-verified.json,IC7,,webarena-verified/assets/dataset/webarena-verified.json#46b05c1992724d6eba685c10fcf2bdcf79f37087ef723e5d9af9590a3c091d05,
webarena-verified,6473f72db5dcefc97b5725b59e734504edc28a21,731,1015e30133f2763accc0634d81feacf71f13255fbb13d39f67230ad2928c0217,reddit,webarena-verified/assets/dataset/webarena-verified.json,IC1,,webarena-verified/assets/dataset/webarena-verified.json#1015e30133f2763accc0634d81feacf71f13255fbb13d39f67230ad2928c0217,
webarena-verified,6473f72db5dcefc97b5725b59e734504edc28a21,731,1015e30133f2763accc0634d81feacf71f13255fbb13d39f67230ad2928c0217,reddit,webarena-verified/assets/dataset/webarena-verified.json,IC2,,webarena-verified/assets/dataset/webarena-verified.json#1015e30133f2763accc0634d81feacf71f13255fbb13d39f67230ad2928c0217,
webarena-verified,6473f72db5dcefc97b5725b59e734504edc28a21,731,1015e30133f2763accc0634d81feacf71f13255fbb13d39f67230ad2928c0217,reddit,webarena-verified/assets/dataset/webarena-verified.json,IC3,,webarena-verified/assets/dataset/webarena-verified.json#1015e30133f2763accc0634d81feacf71f13255fbb13d39f67230ad2928c0217,
webarena-verified,6473f72db5dcefc97b5725b59e734504edc28a21,731,1015e30133f2763accc0634d81feacf71f13255fbb13d39f67230ad2928c0217,reddit,webarena-verified/assets/dataset/webarena-verified.json,IC4,,webarena-verified/assets/dataset/webarena-verified.json#1015e30133f2763accc0634d81feacf71f13255fbb13d39f67230ad2928c0217,
webarena-verified,6473f72db5dcefc97b5725b59e734504edc28a21,731,1015e30133f2763accc0634d81feacf71f13255fbb13d39f67230ad2928c0217,reddit,webarena-verified/assets/dataset/webarena-verified.json,IC5,,webarena-verified/assets/dataset/webarena-verified.json#1015e30133f2763accc0634d81feacf71f13255fbb13d39f67230ad2928c0217,
webarena-verified,6473f72db5dcefc97b5725b59e734504edc28a21,731,1015e30133f2763accc0634d81feacf71f13255fbb13d39f67230ad2928c0217,reddit,webarena-verified/assets/dataset/webarena-verified.json,IC6,,webarena-verified/assets/dataset/webarena-verified.json#1015e30133f2763accc0634d81feacf71f13255fbb13d39f67230ad2928c0217,
webarena-verified,6473f72db5dcefc97b5725b59e734504edc28a21,731,1015e30133f2763accc0634d81feacf71f13255fbb13d39f67230ad2928c0217,reddit,webarena-verified/assets/dataset/webarena-verified.json,IC7,,webarena-verified/assets/dataset/webarena-verified.json#1015e30133f2763accc0634d81feacf71f13255fbb13d39f67230ad2928c0217,
webarena-verified,6473f72db5dcefc97b5725b59e734504edc28a21,595,0795494cfa75d6018805a98db5e69f8e278e083c466212c29cec349bf2bb6760,reddit,webarena-verified/assets/dataset/webarena-verified.json,IC1,,webarena-verified/assets/dataset/webarena-verified.json#0795494cfa75d6018805a98db5e69f8e278e083c466212c29cec349bf2bb6760,
webarena-verified,6473f72db5dcefc97b5725b59e734504edc28a21,595,0795494cfa75d6018805a98db5e69f8e278e083c466212c29cec349bf2bb6760,reddit,webarena-verified/assets/dataset/webarena-verified.json,IC2,,webarena-verified/assets/dataset/webarena-verified.json#0795494cfa75d6018805a98db5e69f8e278e083c466212c29cec349bf2bb6760,
webarena-verified,6473f72db5dcefc97b5725b59e734504edc28a21,595,0795494cfa75d6018805a98db5e69f8e278e083c466212c29cec349bf2bb6760,reddit,webarena-verified/assets/dataset/webarena-verified.json,IC3,,webarena-verified/assets/dataset/webarena-verified.json#0795494cfa75d6018805a98db5e69f8e278e083c466212c29cec349bf2bb6760,
webarena-verified,6473f72db5dcefc97b5725b59e734504edc28a21,595,0795494cfa75d6018805a98db5e69f8e278e083c466212c29cec349bf2bb6760,reddit,webarena-verified/assets/dataset/webarena-verified.json,IC4,,webarena-verified/assets/dataset/webarena-verified.json#0795494cfa75d6018805a98db5e69f8e278e083c466212c29cec349bf2bb6760,
webarena-verified,6473f72db5dcefc97b5725b59e734504edc28a21,595,0795494cfa75d6018805a98db5e69f8e278e083c466212c29cec349bf2bb6760,reddit,webarena-verified/assets/dataset/webarena-verified.json,IC5,,webarena-verified/assets/dataset/webarena-verified.json#0795494cfa75d6018805a98db5e69f8e278e083c466212c29cec349bf2bb6760,
webarena-verified,6473f72db5dcefc97b5725b59e734504edc28a21,595,0795494cfa75d6018805a98db5e69f8e278e083c466212c29cec349bf2bb6760,reddit,webarena-verified/assets/dataset/webarena-verified.json,IC6,,webarena-verified/assets/dataset/webarena-verified.json#0795494cfa75d6018805a98db5e69f8e278e083c466212c29cec349bf2bb6760,
webarena-verified,6473f72db5dcefc97b5725b59e734504edc28a21,595,0795494cfa75d6018805a98db5e69f8e278e083c466212c29cec349bf2bb6760,reddit,webarena-verified/assets/dataset/webarena-verified.json,IC7,,webarena-verified/assets/dataset/webarena-verified.json#0795494cfa75d6018805a98db5e69f8e278e083c466212c29cec349bf2bb6760,
webarena-verified,6473f72db5dcefc97b5725b59e734504edc28a21,622,beb59ec5c2cce7b0365abc0907ceb6fc235797c37c898b5e8fafa7316b9249f8,reddit,webarena-verified/assets/dataset/webarena-verified.json,IC1,,webarena-verified/assets/dataset/webarena-verified.json#beb59ec5c2cce7b0365abc0907ceb6fc235797c37c898b5e8fafa7316b9249f8,
webarena-verified,6473f72db5dcefc97b5725b59e734504edc28a21,622,beb59ec5c2cce7b0365abc0907ceb6fc235797c37c898b5e8fafa7316b9249f8,reddit,webarena-verified/assets/dataset/webarena-verified.json,IC2,,webarena-verified/assets/dataset/webarena-verified.json#beb59ec5c2cce7b0365abc0907ceb6fc235797c37c898b5e8fafa7316b9249f8,
webarena-verified,6473f72db5dcefc97b5725b59e734504edc28a21,622,beb59ec5c2cce7b0365abc0907ceb6fc235797c37c898b5e8fafa7316b9249f8,reddit,webarena-verified/assets/dataset/webarena-verified.json,IC3,,webarena-verified/assets/dataset/webarena-verified.json#beb59ec5c2cce7b0365abc0907ceb6fc235797c37c898b5e8fafa7316b9249f8,
webarena-verified,6473f72db5dcefc97b5725b59e734504edc28a21,622,beb59ec5c2cce7b0365abc0907ceb6fc235797c37c898b5e8fafa7316b9249f8,reddit,webarena-verified/assets/dataset/webarena-verified.json,IC4,,webarena-verified/assets/dataset/webarena-verified.json#beb59ec5c2cce7b0365abc0907ceb6fc235797c37c898b5e8fafa7316b9249f8,
webarena-verified,6473f72db5dcefc97b5725b59e734504edc28a21,622,beb59ec5c2cce7b0365abc0907ceb6fc235797c37c898b5e8fafa7316b9249f8,reddit,webarena-verified/assets/dataset/webarena-verified.json,IC5,,webarena-verified/assets/dataset/webarena-verified.json#beb59ec5c2cce7b0365abc0907ceb6fc235797c37c898b5e8fafa7316b9249f8,
webarena-verified,6473f72db5dcefc97b5725b59e734504edc28a21,622,beb59ec5c2cce7b0365abc0907ceb6fc235797c37c898b5e8fafa7316b9249f8,reddit,webarena-verified/assets/dataset/webarena-verified.json,IC6,,webarena-verified/assets/dataset/webarena-verified.json#beb59ec5c2cce7b0365abc0907ceb6fc235797c37c898b5e8fafa7316b9249f8,
webarena-verified,6473f72db5dcefc97b5725b59e734504edc28a21,622,beb59ec5c2cce7b0365abc0907ceb6fc235797c37c898b5e8fafa7316b9249f8,reddit,webarena-verified/assets/dataset/webarena-verified.json,IC7,,webarena-verified/assets/dataset/webarena-verified.json#beb59ec5c2cce7b0365abc0907ceb6fc235797c37c898b5e8fafa7316b9249f8,
webarena-verified,6473f72db5dcefc97b5725b59e734504edc28a21,600,5d90ab3c8d793a8951a7ab7a3d92ecc36f0c1a19ef3a179d0dbb9be495763f7b,reddit,webarena-verified/assets/dataset/webarena-verified.json,IC1,,webarena-verified/assets/dataset/webarena-verified.json#5d90ab3c8d793a8951a7ab7a3d92ecc36f0c1a19ef3a179d0dbb9be495763f7b,
webarena-verified,6473f72db5dcefc97b5725b59e734504edc28a21,600,5d90ab3c8d793a8951a7ab7a3d92ecc36f0c1a19ef3a179d0dbb9be495763f7b,reddit,webarena-verified/assets/dataset/webarena-verified.json,IC2,,webarena-verified/assets/dataset/webarena-verified.json#5d90ab3c8d793a8951a7ab7a3d92ecc36f0c1a19ef3a179d0dbb9be495763f7b,
webarena-verified,6473f72db5dcefc97b5725b59e734504edc28a21,600,5d90ab3c8d793a8951a7ab7a3d92ecc36f0c1a19ef3a179d0dbb9be495763f7b,reddit,webarena-verified/assets/dataset/webarena-verified.json,IC3,,webarena-verified/assets/dataset/webarena-verified.json#5d90ab3c8d793a8951a7ab7a3d92ecc36f0c1a19ef3a179d0dbb9be495763f7b,
webarena-verified,6473f72db5dcefc97b5725b59e734504edc28a21,600,5d90ab3c8d793a8951a7ab7a3d92ecc36f0c1a19ef3a179d0dbb9be495763f7b,reddit,webarena-verified/assets/dataset/webarena-verified.json,IC4,,webarena-verified/assets/dataset/webarena-verified.json#5d90ab3c8d793a8951a7ab7a3d92ecc36f0c1a19ef3a179d0dbb9be495763f7b,
webarena-verified,6473f72db5dcefc97b5725b59e734504edc28a21,600,5d90ab3c8d793a8951a7ab7a3d92ecc36f0c1a19ef3a179d0dbb9be495763f7b,reddit,webarena-verified/assets/dataset/webarena-verified.json,IC5,,webarena-verified/assets/dataset/webarena-verified.json#5d90ab3c8d793a8951a7ab7a3d92ecc36f0c1a19ef3a179d0dbb9be495763f7b,
webarena-verified,6473f72db5dcefc97b5725b59e734504edc28a21,600,5d90ab3c8d793a8951a7ab7a3d92ecc36f0c1a19ef3a179d0dbb9be495763f7b,reddit,webarena-verified/assets/dataset/webarena-verified.json,IC6,,webarena-verified/assets/dataset/webarena-verified.json#5d90ab3c8d793a8951a7ab7a3d92ecc36f0c1a19ef3a179d0dbb9be495763f7b,
webarena-verified,6473f72db5dcefc97b5725b59e734504edc28a21,600,5d90ab3c8d793a8951a7ab7a3d92ecc36f0c1a19ef3a179d0dbb9be495763f7b,reddit,webarena-verified/assets/dataset/webarena-verified.json,IC7,,webarena-verified/assets/dataset/webarena-verified.json#5d90ab3c8d793a8951a7ab7a3d92ecc36f0c1a19ef3a179d0dbb9be495763f7b,
webarena-verified,6473f72db5dcefc97b5725b59e734504edc28a21,674,a371a072550e144f93746925340976a258883d08f77acc1ef00486ba5fcaa523,reddit|shopping,webarena-verified/assets/dataset/webarena-verified.json,IC1,,webarena-verified/assets/dataset/webarena-verified.json#a371a072550e144f93746925340976a258883d08f77acc1ef00486ba5fcaa523,
webarena-verified,6473f72db5dcefc97b5725b59e734504edc28a21,674,a371a072550e144f93746925340976a258883d08f77acc1ef00486ba5fcaa523,reddit|shopping,webarena-verified/assets/dataset/webarena-verified.json,IC2,,webarena-verified/assets/dataset/webarena-verified.json#a371a072550e144f93746925340976a258883d08f77acc1ef00486ba5fcaa523,
webarena-verified,6473f72db5dcefc97b5725b59e734504edc28a21,674,a371a072550e144f93746925340976a258883d08f77acc1ef00486ba5fcaa523,reddit|shopping,webarena-verified/assets/dataset/webarena-verified.json,IC3,,webarena-verified/assets/dataset/webarena-verified.json#a371a072550e144f93746925340976a258883d08f77acc1ef00486ba5fcaa523,
webarena-verified,6473f72db5dcefc97b5725b59e734504edc28a21,674,a371a072550e144f93746925340976a258883d08f77acc1ef00486ba5fcaa523,reddit|shopping,webarena-verified/assets/dataset/webarena-verified.json,IC4,,webarena-verified/assets/dataset/webarena-verified.json#a371a072550e144f93746925340976a258883d08f77acc1ef00486ba5fcaa523,
webarena-verified,6473f72db5dcefc97b5725b59e734504edc28a21,674,a371a072550e144f93746925340976a258883d08f77acc1ef00486ba5fcaa523,reddit|shopping,webarena-verified/assets/dataset/webarena-verified.json,IC5,,webarena-verified/assets/dataset/webarena-verified.json#a371a072550e144f93746925340976a258883d08f77acc1ef00486ba5fcaa523,
webarena-verified,6473f72db5dcefc97b5725b59e734504edc28a21,674,a371a072550e144f93746925340976a258883d08f77acc1ef00486ba5fcaa523,reddit|shopping,webarena-verified/assets/dataset/webarena-verified.json,IC6,,webarena-verified/assets/dataset/webarena-verified.json#a371a072550e144f93746925340976a258883d08f77acc1ef00486ba5fcaa523,
webarena-verified,6473f72db5dcefc97b5725b59e734504edc28a21,674,a371a072550e144f93746925340976a258883d08f77acc1ef00486ba5fcaa523,reddit|shopping,webarena-verified/assets/dataset/webarena-verified.json,IC7,,webarena-verified/assets/dataset/webarena-verified.json#a371a072550e144f93746925340976a258883d08f77acc1ef00486ba5fcaa523,
webarena-verified,6473f72db5dcefc97b5725b59e734504edc28a21,149,101c0d927ae900e27d1ea4cb8bd2b0f4cd454b639c71f221b4a236d2b28b4683,shopping,webarena-verified/assets/dataset/webarena-verified.json,IC1,,webarena-verified/assets/dataset/webarena-verified.json#101c0d927ae900e27d1ea4cb8bd2b0f4cd454b639c71f221b4a236d2b28b4683,
webarena-verified,6473f72db5dcefc97b5725b59e734504edc28a21,149,101c0d927ae900e27d1ea4cb8bd2b0f4cd454b639c71f221b4a236d2b28b4683,shopping,webarena-verified/assets/dataset/webarena-verified.json,IC2,,webarena-verified/assets/dataset/webarena-verified.json#101c0d927ae900e27d1ea4cb8bd2b0f4cd454b639c71f221b4a236d2b28b4683,
webarena-verified,6473f72db5dcefc97b5725b59e734504edc28a21,149,101c0d927ae900e27d1ea4cb8bd2b0f4cd454b639c71f221b4a236d2b28b4683,shopping,webarena-verified/assets/dataset/webarena-verified.json,IC3,,webarena-verified/assets/dataset/webarena-verified.json#101c0d927ae900e27d1ea4cb8bd2b0f4cd454b639c71f221b4a236d2b28b4683,
webarena-verified,6473f72db5dcefc97b5725b59e734504edc28a21,149,101c0d927ae900e27d1ea4cb8bd2b0f4cd454b639c71f221b4a236d2b28b4683,shopping,webarena-verified/assets/dataset/webarena-verified.json,IC4,,webarena-verified/assets/dataset/webarena-verified.json#101c0d927ae900e27d1ea4cb8bd2b0f4cd454b639c71f221b4a236d2b28b4683,
webarena-verified,6473f72db5dcefc97b5725b59e734504edc28a21,149,101c0d927ae900e27d1ea4cb8bd2b0f4cd454b639c71f221b4a236d2b28b4683,shopping,webarena-verified/assets/dataset/webarena-verified.json,IC5,,webarena-verified/assets/dataset/webarena-verified.json#101c0d927ae900e27d1ea4cb8bd2b0f4cd454b639c71f221b4a236d2b28b4683,
webarena-verified,6473f72db5dcefc97b5725b59e734504edc28a21,149,101c0d927ae900e27d1ea4cb8bd2b0f4cd454b639c71f221b4a236d2b28b4683,shopping,webarena-verified/assets/dataset/webarena-verified.json,IC6,,webarena-verified/assets/dataset/webarena-verified.json#101c0d927ae900e27d1ea4cb8bd2b0f4cd454b639c71f221b4a236d2b28b4683,
webarena-verified,6473f72db5dcefc97b5725b59e734504edc28a21,149,101c0d927ae900e27d1ea4cb8bd2b0f4cd454b639c71f221b4a236d2b28b4683,shopping,webarena-verified/assets/dataset/webarena-verified.json,IC7,,webarena-verified/assets/dataset/webarena-verified.json#101c0d927ae900e27d1ea4cb8bd2b0f4cd454b639c71f221b4a236d2b28b4683,
webarena-verified,6473f72db5dcefc97b5725b59e734504edc28a21,189,828c1e96e99a04a87c94e40e2242cb774eeeb72469ae6ad21de34db895bc134d,shopping,webarena-verified/assets/dataset/webarena-verified.json,IC1,,webarena-verified/assets/dataset/webarena-verified.json#828c1e96e99a04a87c94e40e2242cb774eeeb72469ae6ad21de34db895bc134d,
webarena-verified,6473f72db5dcefc97b5725b59e734504edc28a21,189,828c1e96e99a04a87c94e40e2242cb774eeeb72469ae6ad21de34db895bc134d,shopping,webarena-verified/assets/dataset/webarena-verified.json,IC2,,webarena-verified/assets/dataset/webarena-verified.json#828c1e96e99a04a87c94e40e2242cb774eeeb72469ae6ad21de34db895bc134d,
webarena-verified,6473f72db5dcefc97b5725b59e734504edc28a21,189,828c1e96e99a04a87c94e40e2242cb774eeeb72469ae6ad21de34db895bc134d,shopping,webarena-verified/assets/dataset/webarena-verified.json,IC3,,webarena-verified/assets/dataset/webarena-verified.json#828c1e96e99a04a87c94e40e2242cb774eeeb72469ae6ad21de34db895bc134d,
webarena-verified,6473f72db5dcefc97b5725b59e734504edc28a21,189,828c1e96e99a04a87c94e40e2242cb774eeeb72469ae6ad21de34db895bc134d,shopping,webarena-verified/assets/dataset/webarena-verified.json,IC4,,webarena-verified/assets/dataset/webarena-verified.json#828c1e96e99a04a87c94e40e2242cb774eeeb72469ae6ad21de34db895bc134d,
webarena-verified,6473f72db5dcefc97b5725b59e734504edc28a21,189,828c1e96e99a04a87c94e40e2242cb774eeeb72469ae6ad21de34db895bc134d,shopping,webarena-verified/assets/dataset/webarena-verified.json,IC5,,webarena-verified/assets/dataset/webarena-verified.json#828c1e96e99a04a87c94e40e2242cb774eeeb72469ae6ad21de34db895bc134d,
webarena-verified,6473f72db5dcefc97b5725b59e734504edc28a21,189,828c1e96e99a04a87c94e40e2242cb774eeeb72469ae6ad21de34db895bc134d,shopping,webarena-verified/assets/dataset/webarena-verified.json,IC6,,webarena-verified/assets/dataset/webarena-verified.json#828c1e96e99a04a87c94e40e2242cb774eeeb72469ae6ad21de34db895bc134d,
webarena-verified,6473f72db5dcefc97b5725b59e734504edc28a21,189,828c1e96e99a04a87c94e40e2242cb774eeeb72469ae6ad21de34db895bc134d,shopping,webarena-verified/assets/dataset/webarena-verified.json,IC7,,webarena-verified/assets/dataset/webarena-verified.json#828c1e96e99a04a87c94e40e2242cb774eeeb72469ae6ad21de34db895bc134d,
webarena-verified,6473f72db5dcefc97b5725b59e734504edc28a21,159,71231c59a3f4f1dc36508f27db2f7c4ee0388ce0131abe87fd6d7cc0b27bae9a,shopping,webarena-verified/assets/dataset/webarena-verified.json,IC1,,webarena-verified/assets/dataset/webarena-verified.json#71231c59a3f4f1dc36508f27db2f7c4ee0388ce0131abe87fd6d7cc0b27bae9a,
webarena-verified,6473f72db5dcefc97b5725b59e734504edc28a21,159,71231c59a3f4f1dc36508f27db2f7c4ee0388ce0131abe87fd6d7cc0b27bae9a,shopping,webarena-verified/assets/dataset/webarena-verified.json,IC2,,webarena-verified/assets/dataset/webarena-verified.json#71231c59a3f4f1dc36508f27db2f7c4ee0388ce0131abe87fd6d7cc0b27bae9a,
webarena-verified,6473f72db5dcefc97b5725b59e734504edc28a21,159,71231c59a3f4f1dc36508f27db2f7c4ee0388ce0131abe87fd6d7cc0b27bae9a,shopping,webarena-verified/assets/dataset/webarena-verified.json,IC3,,webarena-verified/assets/dataset/webarena-verified.json#71231c59a3f4f1dc36508f27db2f7c4ee0388ce0131abe87fd6d7cc0b27bae9a,
webarena-verified,6473f72db5dcefc97b5725b59e734504edc28a21,159,71231c59a3f4f1dc36508f27db2f7c4ee0388ce0131abe87fd6d7cc0b27bae9a,shopping,webarena-verified/assets/dataset/webarena-verified.json,IC4,,webarena-verified/assets/dataset/webarena-verified.json#71231c59a3f4f1dc36508f27db2f7c4ee0388ce0131abe87fd6d7cc0b27bae9a,
webarena-verified,6473f72db5dcefc97b5725b59e734504edc28a21,159,71231c59a3f4f1dc36508f27db2f7c4ee0388ce0131abe87fd6d7cc0b27bae9a,shopping,webarena-verified/assets/dataset/webarena-verified.json,IC5,,webarena-verified/assets/dataset/webarena-verified.json#71231c59a3f4f1dc36508f27db2f7c4ee0388ce0131abe87fd6d7cc0b27bae9a,
webarena-verified,6473f72db5dcefc97b5725b59e734504edc28a21,159,71231c59a3f4f1dc36508f27db2f7c4ee0388ce0131abe87fd6d7cc0b27bae9a,shopping,webarena-verified/assets/dataset/webarena-verified.json,IC6,,webarena-verified/assets/dataset/webarena-verified.json#71231c59a3f4f1dc36508f27db2f7c4ee0388ce0131abe87fd6d7cc0b27bae9a,
webarena-verified,6473f72db5dcefc97b5725b59e734504edc28a21,159,71231c59a3f4f1dc36508f27db2f7c4ee0388ce0131abe87fd6d7cc0b27bae9a,shopping,webarena-verified/assets/dataset/webarena-verified.json,IC7,,webarena-verified/assets/dataset/webarena-verified.json#71231c59a3f4f1dc36508f27db2f7c4ee0388ce0131abe87fd6d7cc0b27bae9a,
webarena-verified,6473f72db5dcefc97b5725b59e734504edc28a21,298,8eb00ad9693bcfe1c7f26ebb711701f9975df8a4d47dfad078d1d1b7f65fbf9c,shopping,webarena-verified/assets/dataset/webarena-verified.json,IC1,,webarena-verified/assets/dataset/webarena-verified.json#8eb00ad9693bcfe1c7f26ebb711701f9975df8a4d47dfad078d1d1b7f65fbf9c,
webarena-verified,6473f72db5dcefc97b5725b59e734504edc28a21,298,8eb00ad9693bcfe1c7f26ebb711701f9975df8a4d47dfad078d1d1b7f65fbf9c,shopping,webarena-verified/assets/dataset/webarena-verified.json,IC2,,webarena-verified/assets/dataset/webarena-verified.json#8eb00ad9693bcfe1c7f26ebb711701f9975df8a4d47dfad078d1d1b7f65fbf9c,
webarena-verified,6473f72db5dcefc97b5725b59e734504edc28a21,298,8eb00ad9693bcfe1c7f26ebb711701f9975df8a4d47dfad078d1d1b7f65fbf9c,shopping,webarena-verified/assets/dataset/webarena-verified.json,IC3,,webarena-verified/assets/dataset/webarena-verified.json#8eb00ad9693bcfe1c7f26ebb711701f9975df8a4d47dfad078d1d1b7f65fbf9c,
webarena-verified,6473f72db5dcefc97b5725b59e734504edc28a21,298,8eb00ad9693bcfe1c7f26ebb711701f9975df8a4d47dfad078d1d1b7f65fbf9c,shopping,webarena-verified/assets/dataset/webarena-verified.json,IC4,,webarena-verified/assets/dataset/webarena-verified.json#8eb00ad9693bcfe1c7f26ebb711701f9975df8a4d47dfad078d1d1b7f65fbf9c,
webarena-verified,6473f72db5dcefc97b5725b59e734504edc28a21,298,8eb00ad9693bcfe1c7f26ebb711701f9975df8a4d47dfad078d1d1b7f65fbf9c,shopping,webarena-verified/assets/dataset/webarena-verified.json,IC5,,webarena-verified/assets/dataset/webarena-verified.json#8eb00ad9693bcfe1c7f26ebb711701f9975df8a4d47dfad078d1d1b7f65fbf9c,
webarena-verified,6473f72db5dcefc97b5725b59e734504edc28a21,298,8eb00ad9693bcfe1c7f26ebb711701f9975df8a4d47dfad078d1d1b7f65fbf9c,shopping,webarena-verified/assets/dataset/webarena-verified.json,IC6,,webarena-verified/assets/dataset/webarena-verified.json#8eb00ad9693bcfe1c7f26ebb711701f9975df8a4d47dfad078d1d1b7f65fbf9c,
webarena-verified,6473f72db5dcefc97b5725b59e734504edc28a21,298,8eb00ad9693bcfe1c7f26ebb711701f9975df8a4d47dfad078d1d1b7f65fbf9c,shopping,webarena-verified/assets/dataset/webarena-verified.json,IC7,,webarena-verified/assets/dataset/webarena-verified.json#8eb00ad9693bcfe1c7f26ebb711701f9975df8a4d47dfad078d1d1b7f65fbf9c,
webarena-verified,6473f72db5dcefc97b5725b59e734504edc28a21,330,72cc66489523920afbe95e16ca61c6ae4d4496bce1d104d087f71ccccee24c8a,shopping,webarena-verified/assets/dataset/webarena-verified.json,IC1,,webarena-verified/assets/dataset/webarena-verified.json#72cc66489523920afbe95e16ca61c6ae4d4496bce1d104d087f71ccccee24c8a,
webarena-verified,6473f72db5dcefc97b5725b59e734504edc28a21,330,72cc66489523920afbe95e16ca61c6ae4d4496bce1d104d087f71ccccee24c8a,shopping,webarena-verified/assets/dataset/webarena-verified.json,IC2,,webarena-verified/assets/dataset/webarena-verified.json#72cc66489523920afbe95e16ca61c6ae4d4496bce1d104d087f71ccccee24c8a,
webarena-verified,6473f72db5dcefc97b5725b59e734504edc28a21,330,72cc66489523920afbe95e16ca61c6ae4d4496bce1d104d087f71ccccee24c8a,shopping,webarena-verified/assets/dataset/webarena-verified.json,IC3,,webarena-verified/assets/dataset/webarena-verified.json#72cc66489523920afbe95e16ca61c6ae4d4496bce1d104d087f71ccccee24c8a,
webarena-verified,6473f72db5dcefc97b5725b59e734504edc28a21,330,72cc66489523920afbe95e16ca61c6ae4d4496bce1d104d087f71ccccee24c8a,shopping,webarena-verified/assets/dataset/webarena-verified.json,IC4,,webarena-verified/assets/dataset/webarena-verified.json#72cc66489523920afbe95e16ca61c6ae4d4496bce1d104d087f71ccccee24c8a,
webarena-verified,6473f72db5dcefc97b5725b59e734504edc28a21,330,72cc66489523920afbe95e16ca61c6ae4d4496bce1d104d087f71ccccee24c8a,shopping,webarena-verified/assets/dataset/webarena-verified.json,IC5,,webarena-verified/assets/dataset/webarena-verified.json#72cc66489523920afbe95e16ca61c6ae4d4496bce1d104d087f71ccccee24c8a,
webarena-verified,6473f72db5dcefc97b5725b59e734504edc28a21,330,72cc66489523920afbe95e16ca61c6ae4d4496bce1d104d087f71ccccee24c8a,shopping,webarena-verified/assets/dataset/webarena-verified.json,IC6,,webarena-verified/assets/dataset/webarena-verified.json#72cc66489523920afbe95e16ca61c6ae4d4496bce1d104d087f71ccccee24c8a,
webarena-verified,6473f72db5dcefc97b5725b59e734504edc28a21,330,72cc66489523920afbe95e16ca61c6ae4d4496bce1d104d087f71ccccee24c8a,shopping,webarena-verified/assets/dataset/webarena-verified.json,IC7,,webarena-verified/assets/dataset/webarena-verified.json#72cc66489523920afbe95e16ca61c6ae4d4496bce1d104d087f71ccccee24c8a,
webarena-verified,6473f72db5dcefc97b5725b59e734504edc28a21,25,ab744a77b74ab510c56eb058c121c0b03ed0017f2e751f24a24a374c75e3b4e7,shopping,webarena-verified/assets/dataset/webarena-verified.json,IC1,,webarena-verified/assets/dataset/webarena-verified.json#ab744a77b74ab510c56eb058c121c0b03ed0017f2e751f24a24a374c75e3b4e7,
webarena-verified,6473f72db5dcefc97b5725b59e734504edc28a21,25,ab744a77b74ab510c56eb058c121c0b03ed0017f2e751f24a24a374c75e3b4e7,shopping,webarena-verified/assets/dataset/webarena-verified.json,IC2,,webarena-verified/assets/dataset/webarena-verified.json#ab744a77b74ab510c56eb058c121c0b03ed0017f2e751f24a24a374c75e3b4e7,
webarena-verified,6473f72db5dcefc97b5725b59e734504edc28a21,25,ab744a77b74ab510c56eb058c121c0b03ed0017f2e751f24a24a374c75e3b4e7,shopping,webarena-verified/assets/dataset/webarena-verified.json,IC3,,webarena-verified/assets/dataset/webarena-verified.json#ab744a77b74ab510c56eb058c121c0b03ed0017f2e751f24a24a374c75e3b4e7,
webarena-verified,6473f72db5dcefc97b5725b59e734504edc28a21,25,ab744a77b74ab510c56eb058c121c0b03ed0017f2e751f24a24a374c75e3b4e7,shopping,webarena-verified/assets/dataset/webarena-verified.json,IC4,,webarena-verified/assets/dataset/webarena-verified.json#ab744a77b74ab510c56eb058c121c0b03ed0017f2e751f24a24a374c75e3b4e7,
webarena-verified,6473f72db5dcefc97b5725b59e734504edc28a21,25,ab744a77b74ab510c56eb058c121c0b03ed0017f2e751f24a24a374c75e3b4e7,shopping,webarena-verified/assets/dataset/webarena-verified.json,IC5,,webarena-verified/assets/dataset/webarena-verified.json#ab744a77b74ab510c56eb058c121c0b03ed0017f2e751f24a24a374c75e3b4e7,
webarena-verified,6473f72db5dcefc97b5725b59e734504edc28a21,25,ab744a77b74ab510c56eb058c121c0b03ed0017f2e751f24a24a374c75e3b4e7,shopping,webarena-verified/assets/dataset/webarena-verified.json,IC6,,webarena-verified/assets/dataset/webarena-verified.json#ab744a77b74ab510c56eb058c121c0b03ed0017f2e751f24a24a374c75e3b4e7,
webarena-verified,6473f72db5dcefc97b5725b59e734504edc28a21,25,ab744a77b74ab510c56eb058c121c0b03ed0017f2e751f24a24a374c75e3b4e7,shopping,webarena-verified/assets/dataset/webarena-verified.json,IC7,,webarena-verified/assets/dataset/webarena-verified.json#ab744a77b74ab510c56eb058c121c0b03ed0017f2e751f24a24a374c75e3b4e7,
webarena-verified,6473f72db5dcefc97b5725b59e734504edc28a21,518,aadedced72d938dc07ac30e2afc8aa44c9cb7f4c7bccc601ae93b38fdebea861,shopping,webarena-verified/assets/dataset/webarena-verified.json,IC1,,webarena-verified/assets/dataset/webarena-verified.json#aadedced72d938dc07ac30e2afc8aa44c9cb7f4c7bccc601ae93b38fdebea861,
webarena-verified,6473f72db5dcefc97b5725b59e734504edc28a21,518,aadedced72d938dc07ac30e2afc8aa44c9cb7f4c7bccc601ae93b38fdebea861,shopping,webarena-verified/assets/dataset/webarena-verified.json,IC2,,webarena-verified/assets/dataset/webarena-verified.json#aadedced72d938dc07ac30e2afc8aa44c9cb7f4c7bccc601ae93b38fdebea861,
webarena-verified,6473f72db5dcefc97b5725b59e734504edc28a21,518,aadedced72d938dc07ac30e2afc8aa44c9cb7f4c7bccc601ae93b38fdebea861,shopping,webarena-verified/assets/dataset/webarena-verified.json,IC3,,webarena-verified/assets/dataset/webarena-verified.json#aadedced72d938dc07ac30e2afc8aa44c9cb7f4c7bccc601ae93b38fdebea861,
webarena-verified,6473f72db5dcefc97b5725b59e734504edc28a21,518,aadedced72d938dc07ac30e2afc8aa44c9cb7f4c7bccc601ae93b38fdebea861,shopping,webarena-verified/assets/dataset/webarena-verified.json,IC4,,webarena-verified/assets/dataset/webarena-verified.json#aadedced72d938dc07ac30e2afc8aa44c9cb7f4c7bccc601ae93b38fdebea861,
webarena-verified,6473f72db5dcefc97b5725b59e734504edc28a21,518,aadedced72d938dc07ac30e2afc8aa44c9cb7f4c7bccc601ae93b38fdebea861,shopping,webarena-verified/assets/dataset/webarena-verified.json,IC5,,webarena-verified/assets/dataset/webarena-verified.json#aadedced72d938dc07ac30e2afc8aa44c9cb7f4c7bccc601ae93b38fdebea861,
webarena-verified,6473f72db5dcefc97b5725b59e734504edc28a21,518,aadedced72d938dc07ac30e2afc8aa44c9cb7f4c7bccc601ae93b38fdebea861,shopping,webarena-verified/assets/dataset/webarena-verified.json,IC6,,webarena-verified/assets/dataset/webarena-verified.json#aadedced72d938dc07ac30e2afc8aa44c9cb7f4c7bccc601ae93b38fdebea861,
webarena-verified,6473f72db5dcefc97b5725b59e734504edc28a21,518,aadedced72d938dc07ac30e2afc8aa44c9cb7f4c7bccc601ae93b38fdebea861,shopping,webarena-verified/assets/dataset/webarena-verified.json,IC7,,webarena-verified/assets/dataset/webarena-verified.json#aadedced72d938dc07ac30e2afc8aa44c9cb7f4c7bccc601ae93b38fdebea861,
webarena-verified,6473f72db5dcefc97b5725b59e734504edc28a21,431,e5ea02bbc03684faca0f0c42d57311b8779bc6f9b58e07ed1497a64ec711b17c,shopping,webarena-verified/assets/dataset/webarena-verified.json,IC1,,webarena-verified/assets/dataset/webarena-verified.json#e5ea02bbc03684faca0f0c42d57311b8779bc6f9b58e07ed1497a64ec711b17c,
webarena-verified,6473f72db5dcefc97b5725b59e734504edc28a21,431,e5ea02bbc03684faca0f0c42d57311b8779bc6f9b58e07ed1497a64ec711b17c,shopping,webarena-verified/assets/dataset/webarena-verified.json,IC2,,webarena-verified/assets/dataset/webarena-verified.json#e5ea02bbc03684faca0f0c42d57311b8779bc6f9b58e07ed1497a64ec711b17c,
webarena-verified,6473f72db5dcefc97b5725b59e734504edc28a21,431,e5ea02bbc03684faca0f0c42d57311b8779bc6f9b58e07ed1497a64ec711b17c,shopping,webarena-verified/assets/dataset/webarena-verified.json,IC3,,webarena-verified/assets/dataset/webarena-verified.json#e5ea02bbc03684faca0f0c42d57311b8779bc6f9b58e07ed1497a64ec711b17c,
webarena-verified,6473f72db5dcefc97b5725b59e734504edc28a21,431,e5ea02bbc03684faca0f0c42d57311b8779bc6f9b58e07ed1497a64ec711b17c,shopping,webarena-verified/assets/dataset/webarena-verified.json,IC4,,webarena-verified/assets/dataset/webarena-verified.json#e5ea02bbc03684faca0f0c42d57311b8779bc6f9b58e07ed1497a64ec711b17c,
webarena-verified,6473f72db5dcefc97b5725b59e734504edc28a21,431,e5ea02bbc03684faca0f0c42d57311b8779bc6f9b58e07ed1497a64ec711b17c,shopping,webarena-verified/assets/dataset/webarena-verified.json,IC5,,webarena-verified/assets/dataset/webarena-verified.json#e5ea02bbc03684faca0f0c42d57311b8779bc6f9b58e07ed1497a64ec711b17c,
webarena-verified,6473f72db5dcefc97b5725b59e734504edc28a21,431,e5ea02bbc03684faca0f0c42d57311b8779bc6f9b58e07ed1497a64ec711b17c,shopping,webarena-verified/assets/dataset/webarena-verified.json,IC6,,webarena-verified/assets/dataset/webarena-verified.json#e5ea02bbc03684faca0f0c42d57311b8779bc6f9b58e07ed1497a64ec711b17c,
webarena-verified,6473f72db5dcefc97b5725b59e734504edc28a21,431,e5ea02bbc03684faca0f0c42d57311b8779bc6f9b58e07ed1497a64ec711b17c,shopping,webarena-verified/assets/dataset/webarena-verified.json,IC7,,webarena-verified/assets/dataset/webarena-verified.json#e5ea02bbc03684faca0f0c42d57311b8779bc6f9b58e07ed1497a64ec711b17c,
webarena-verified,6473f72db5dcefc97b5725b59e734504edc28a21,797,aec9f1bd6240dc4436e7200b8a87eb78bdb0df23c8ac718eb2347138542a61ba,shopping,webarena-verified/assets/dataset/webarena-verified.json,IC1,,webarena-verified/assets/dataset/webarena-verified.json#aec9f1bd6240dc4436e7200b8a87eb78bdb0df23c8ac718eb2347138542a61ba,
webarena-verified,6473f72db5dcefc97b5725b59e734504edc28a21,797,aec9f1bd6240dc4436e7200b8a87eb78bdb0df23c8ac718eb2347138542a61ba,shopping,webarena-verified/assets/dataset/webarena-verified.json,IC2,,webarena-verified/assets/dataset/webarena-verified.json#aec9f1bd6240dc4436e7200b8a87eb78bdb0df23c8ac718eb2347138542a61ba,
webarena-verified,6473f72db5dcefc97b5725b59e734504edc28a21,797,aec9f1bd6240dc4436e7200b8a87eb78bdb0df23c8ac718eb2347138542a61ba,shopping,webarena-verified/assets/dataset/webarena-verified.json,IC3,,webarena-verified/assets/dataset/webarena-verified.json#aec9f1bd6240dc4436e7200b8a87eb78bdb0df23c8ac718eb2347138542a61ba,
webarena-verified,6473f72db5dcefc97b5725b59e734504edc28a21,797,aec9f1bd6240dc4436e7200b8a87eb78bdb0df23c8ac718eb2347138542a61ba,shopping,webarena-verified/assets/dataset/webarena-verified.json,IC4,,webarena-verified/assets/dataset/webarena-verified.json#aec9f1bd6240dc4436e7200b8a87eb78bdb0df23c8ac718eb2347138542a61ba,
webarena-verified,6473f72db5dcefc97b5725b59e734504edc28a21,797,aec9f1bd6240dc4436e7200b8a87eb78bdb0df23c8ac718eb2347138542a61ba,shopping,webarena-verified/assets/dataset/webarena-verified.json,IC5,,webarena-verified/assets/dataset/webarena-verified.json#aec9f1bd6240dc4436e7200b8a87eb78bdb0df23c8ac718eb2347138542a61ba,
webarena-verified,6473f72db5dcefc97b5725b59e734504edc28a21,797,aec9f1bd6240dc4436e7200b8a87eb78bdb0df23c8ac718eb2347138542a61ba,shopping,webarena-verified/assets/dataset/webarena-verified.json,IC6,,webarena-verified/assets/dataset/webarena-verified.json#aec9f1bd6240dc4436e7200b8a87eb78bdb0df23c8ac718eb2347138542a61ba,
webarena-verified,6473f72db5dcefc97b5725b59e734504edc28a21,797,aec9f1bd6240dc4436e7200b8a87eb78bdb0df23c8ac718eb2347138542a61ba,shopping,webarena-verified/assets/dataset/webarena-verified.json,IC7,,webarena-verified/assets/dataset/webarena-verified.json#aec9f1bd6240dc4436e7200b8a87eb78bdb0df23c8ac718eb2347138542a61ba,
webarena-verified,6473f72db5dcefc97b5725b59e734504edc28a21,388,1378e2c837b94622f60fba6db8f31709ac028ea49ba5ef29ea1f3246892eea58,shopping,webarena-verified/assets/dataset/webarena-verified.json,IC1,,webarena-verified/assets/dataset/webarena-verified.json#1378e2c837b94622f60fba6db8f31709ac028ea49ba5ef29ea1f3246892eea58,
webarena-verified,6473f72db5dcefc97b5725b59e734504edc28a21,388,1378e2c837b94622f60fba6db8f31709ac028ea49ba5ef29ea1f3246892eea58,shopping,webarena-verified/assets/dataset/webarena-verified.json,IC2,,webarena-verified/assets/dataset/webarena-verified.json#1378e2c837b94622f60fba6db8f31709ac028ea49ba5ef29ea1f3246892eea58,
webarena-verified,6473f72db5dcefc97b5725b59e734504edc28a21,388,1378e2c837b94622f60fba6db8f31709ac028ea49ba5ef29ea1f3246892eea58,shopping,webarena-verified/assets/dataset/webarena-verified.json,IC3,,webarena-verified/assets/dataset/webarena-verified.json#1378e2c837b94622f60fba6db8f31709ac028ea49ba5ef29ea1f3246892eea58,
webarena-verified,6473f72db5dcefc97b5725b59e734504edc28a21,388,1378e2c837b94622f60fba6db8f31709ac028ea49ba5ef29ea1f3246892eea58,shopping,webarena-verified/assets/dataset/webarena-verified.json,IC4,,webarena-verified/assets/dataset/webarena-verified.json#1378e2c837b94622f60fba6db8f31709ac028ea49ba5ef29ea1f3246892eea58,
webarena-verified,6473f72db5dcefc97b5725b59e734504edc28a21,388,1378e2c837b94622f60fba6db8f31709ac028ea49ba5ef29ea1f3246892eea58,shopping,webarena-verified/assets/dataset/webarena-verified.json,IC5,,webarena-verified/assets/dataset/webarena-verified.json#1378e2c837b94622f60fba6db8f31709ac028ea49ba5ef29ea1f3246892eea58,
webarena-verified,6473f72db5dcefc97b5725b59e734504edc28a21,388,1378e2c837b94622f60fba6db8f31709ac028ea49ba5ef29ea1f3246892eea58,shopping,webarena-verified/assets/dataset/webarena-verified.json,IC6,,webarena-verified/assets/dataset/webarena-verified.json#1378e2c837b94622f60fba6db8f31709ac028ea49ba5ef29ea1f3246892eea58,
webarena-verified,6473f72db5dcefc97b5725b59e734504edc28a21,388,1378e2c837b94622f60fba6db8f31709ac028ea49ba5ef29ea1f3246892eea58,shopping,webarena-verified/assets/dataset/webarena-verified.json,IC7,,webarena-verified/assets/dataset/webarena-verified.json#1378e2c837b94622f60fba6db8f31709ac028ea49ba5ef29ea1f3246892eea58,
webarena-verified,6473f72db5dcefc97b5725b59e734504edc28a21,795,4ffffe1e6a5bc53a728a061e0c3cf4ec90b6e5fc6d21253b15b4a72f1dbca37d,shopping,webarena-verified/assets/dataset/webarena-verified.json,IC1,,webarena-verified/assets/dataset/webarena-verified.json#4ffffe1e6a5bc53a728a061e0c3cf4ec90b6e5fc6d21253b15b4a72f1dbca37d,
webarena-verified,6473f72db5dcefc97b5725b59e734504edc28a21,795,4ffffe1e6a5bc53a728a061e0c3cf4ec90b6e5fc6d21253b15b4a72f1dbca37d,shopping,webarena-verified/assets/dataset/webarena-verified.json,IC2,,webarena-verified/assets/dataset/webarena-verified.json#4ffffe1e6a5bc53a728a061e0c3cf4ec90b6e5fc6d21253b15b4a72f1dbca37d,
webarena-verified,6473f72db5dcefc97b5725b59e734504edc28a21,795,4ffffe1e6a5bc53a728a061e0c3cf4ec90b6e5fc6d21253b15b4a72f1dbca37d,shopping,webarena-verified/assets/dataset/webarena-verified.json,IC3,,webarena-verified/assets/dataset/webarena-verified.json#4ffffe1e6a5bc53a728a061e0c3cf4ec90b6e5fc6d21253b15b4a72f1dbca37d,
webarena-verified,6473f72db5dcefc97b5725b59e734504edc28a21,795,4ffffe1e6a5bc53a728a061e0c3cf4ec90b6e5fc6d21253b15b4a72f1dbca37d,shopping,webarena-verified/assets/dataset/webarena-verified.json,IC4,,webarena-verified/assets/dataset/webarena-verified.json#4ffffe1e6a5bc53a728a061e0c3cf4ec90b6e5fc6d21253b15b4a72f1dbca37d,
webarena-verified,6473f72db5dcefc97b5725b59e734504edc28a21,795,4ffffe1e6a5bc53a728a061e0c3cf4ec90b6e5fc6d21253b15b4a72f1dbca37d,shopping,webarena-verified/assets/dataset/webarena-verified.json,IC5,,webarena-verified/assets/dataset/webarena-verified.json#4ffffe1e6a5bc53a728a061e0c3cf4ec90b6e5fc6d21253b15b4a72f1dbca37d,
webarena-verified,6473f72db5dcefc97b5725b59e734504edc28a21,795,4ffffe1e6a5bc53a728a061e0c3cf4ec90b6e5fc6d21253b15b4a72f1dbca37d,shopping,webarena-verified/assets/dataset/webarena-verified.json,IC6,,webarena-verified/assets/dataset/webarena-verified.json#4ffffe1e6a5bc53a728a061e0c3cf4ec90b6e5fc6d21253b15b4a72f1dbca37d,
webarena-verified,6473f72db5dcefc97b5725b59e734504edc28a21,795,4ffffe1e6a5bc53a728a061e0c3cf4ec90b6e5fc6d21253b15b4a72f1dbca37d,shopping,webarena-verified/assets/dataset/webarena-verified.json,IC7,,webarena-verified/assets/dataset/webarena-verified.json#4ffffe1e6a5bc53a728a061e0c3cf4ec90b6e5fc6d21253b15b4a72f1dbca37d,
webarena-verified,6473f72db5dcefc97b5725b59e734504edc28a21,530,e27190328323ec3aeec3807e0e705a55454098e2aec99a38610da64b752ea22c,shopping,webarena-verified/assets/dataset/webarena-verified.json,IC1,,webarena-verified/assets/dataset/webarena-verified.json#e27190328323ec3aeec3807e0e705a55454098e2aec99a38610da64b752ea22c,
webarena-verified,6473f72db5dcefc97b5725b59e734504edc28a21,530,e27190328323ec3aeec3807e0e705a55454098e2aec99a38610da64b752ea22c,shopping,webarena-verified/assets/dataset/webarena-verified.json,IC2,,webarena-verified/assets/dataset/webarena-verified.json#e27190328323ec3aeec3807e0e705a55454098e2aec99a38610da64b752ea22c,
webarena-verified,6473f72db5dcefc97b5725b59e734504edc28a21,530,e27190328323ec3aeec3807e0e705a55454098e2aec99a38610da64b752ea22c,shopping,webarena-verified/assets/dataset/webarena-verified.json,IC3,,webarena-verified/assets/dataset/webarena-verified.json#e27190328323ec3aeec3807e0e705a55454098e2aec99a38610da64b752ea22c,
webarena-verified,6473f72db5dcefc97b5725b59e734504edc28a21,530,e27190328323ec3aeec3807e0e705a55454098e2aec99a38610da64b752ea22c,shopping,webarena-verified/assets/dataset/webarena-verified.json,IC4,,webarena-verified/assets/dataset/webarena-verified.json#e27190328323ec3aeec3807e0e705a55454098e2aec99a38610da64b752ea22c,
webarena-verified,6473f72db5dcefc97b5725b59e734504edc28a21,530,e27190328323ec3aeec3807e0e705a55454098e2aec99a38610da64b752ea22c,shopping,webarena-verified/assets/dataset/webarena-verified.json,IC5,,webarena-verified/assets/dataset/webarena-verified.json#e27190328323ec3aeec3807e0e705a55454098e2aec99a38610da64b752ea22c,
webarena-verified,6473f72db5dcefc97b5725b59e734504edc28a21,530,e27190328323ec3aeec3807e0e705a55454098e2aec99a38610da64b752ea22c,shopping,webarena-verified/assets/dataset/webarena-verified.json,IC6,,webarena-verified/assets/dataset/webarena-verified.json#e27190328323ec3aeec3807e0e705a55454098e2aec99a38610da64b752ea22c,
webarena-verified,6473f72db5dcefc97b5725b59e734504edc28a21,530,e27190328323ec3aeec3807e0e705a55454098e2aec99a38610da64b752ea22c,shopping,webarena-verified/assets/dataset/webarena-verified.json,IC7,,webarena-verified/assets/dataset/webarena-verified.json#e27190328323ec3aeec3807e0e705a55454098e2aec99a38610da64b752ea22c,
webarena-verified,6473f72db5dcefc97b5725b59e734504edc28a21,384,94139732f1e35446e24aef6dae138c88fda65d9d71ad1be77b289681e1c3927f,shopping,webarena-verified/assets/dataset/webarena-verified.json,IC1,,webarena-verified/assets/dataset/webarena-verified.json#94139732f1e35446e24aef6dae138c88fda65d9d71ad1be77b289681e1c3927f,
webarena-verified,6473f72db5dcefc97b5725b59e734504edc28a21,384,94139732f1e35446e24aef6dae138c88fda65d9d71ad1be77b289681e1c3927f,shopping,webarena-verified/assets/dataset/webarena-verified.json,IC2,,webarena-verified/assets/dataset/webarena-verified.json#94139732f1e35446e24aef6dae138c88fda65d9d71ad1be77b289681e1c3927f,
webarena-verified,6473f72db5dcefc97b5725b59e734504edc28a21,384,94139732f1e35446e24aef6dae138c88fda65d9d71ad1be77b289681e1c3927f,shopping,webarena-verified/assets/dataset/webarena-verified.json,IC3,,webarena-verified/assets/dataset/webarena-verified.json#94139732f1e35446e24aef6dae138c88fda65d9d71ad1be77b289681e1c3927f,
webarena-verified,6473f72db5dcefc97b5725b59e734504edc28a21,384,94139732f1e35446e24aef6dae138c88fda65d9d71ad1be77b289681e1c3927f,shopping,webarena-verified/assets/dataset/webarena-verified.json,IC4,,webarena-verified/assets/dataset/webarena-verified.json#94139732f1e35446e24aef6dae138c88fda65d9d71ad1be77b289681e1c3927f,
webarena-verified,6473f72db5dcefc97b5725b59e734504edc28a21,384,94139732f1e35446e24aef6dae138c88fda65d9d71ad1be77b289681e1c3927f,shopping,webarena-verified/assets/dataset/webarena-verified.json,IC5,,webarena-verified/assets/dataset/webarena-verified.json#94139732f1e35446e24aef6dae138c88fda65d9d71ad1be77b289681e1c3927f,
webarena-verified,6473f72db5dcefc97b5725b59e734504edc28a21,384,94139732f1e35446e24aef6dae138c88fda65d9d71ad1be77b289681e1c3927f,shopping,webarena-verified/assets/dataset/webarena-verified.json,IC6,,webarena-verified/assets/dataset/webarena-verified.json#94139732f1e35446e24aef6dae138c88fda65d9d71ad1be77b289681e1c3927f,
webarena-verified,6473f72db5dcefc97b5725b59e734504edc28a21,384,94139732f1e35446e24aef6dae138c88fda65d9d71ad1be77b289681e1c3927f,shopping,webarena-verified/assets/dataset/webarena-verified.json,IC7,,webarena-verified/assets/dataset/webarena-verified.json#94139732f1e35446e24aef6dae138c88fda65d9d71ad1be77b289681e1c3927f,
webarena-verified,6473f72db5dcefc97b5725b59e734504edc28a21,228,a924a37b3b94826ef56fa8ad1f505b6c83020a4db3e52ff7e2b8a677841878d9,shopping,webarena-verified/assets/dataset/webarena-verified.json,IC1,,webarena-verified/assets/dataset/webarena-verified.json#a924a37b3b94826ef56fa8ad1f505b6c83020a4db3e52ff7e2b8a677841878d9,
webarena-verified,6473f72db5dcefc97b5725b59e734504edc28a21,228,a924a37b3b94826ef56fa8ad1f505b6c83020a4db3e52ff7e2b8a677841878d9,shopping,webarena-verified/assets/dataset/webarena-verified.json,IC2,,webarena-verified/assets/dataset/webarena-verified.json#a924a37b3b94826ef56fa8ad1f505b6c83020a4db3e52ff7e2b8a677841878d9,
webarena-verified,6473f72db5dcefc97b5725b59e734504edc28a21,228,a924a37b3b94826ef56fa8ad1f505b6c83020a4db3e52ff7e2b8a677841878d9,shopping,webarena-verified/assets/dataset/webarena-verified.json,IC3,,webarena-verified/assets/dataset/webarena-verified.json#a924a37b3b94826ef56fa8ad1f505b6c83020a4db3e52ff7e2b8a677841878d9,
webarena-verified,6473f72db5dcefc97b5725b59e734504edc28a21,228,a924a37b3b94826ef56fa8ad1f505b6c83020a4db3e52ff7e2b8a677841878d9,shopping,webarena-verified/assets/dataset/webarena-verified.json,IC4,,webarena-verified/assets/dataset/webarena-verified.json#a924a37b3b94826ef56fa8ad1f505b6c83020a4db3e52ff7e2b8a677841878d9,
webarena-verified,6473f72db5dcefc97b5725b59e734504edc28a21,228,a924a37b3b94826ef56fa8ad1f505b6c83020a4db3e52ff7e2b8a677841878d9,shopping,webarena-verified/assets/dataset/webarena-verified.json,IC5,,webarena-verified/assets/dataset/webarena-verified.json#a924a37b3b94826ef56fa8ad1f505b6c83020a4db3e52ff7e2b8a677841878d9,
webarena-verified,6473f72db5dcefc97b5725b59e734504edc28a21,228,a924a37b3b94826ef56fa8ad1f505b6c83020a4db3e52ff7e2b8a677841878d9,shopping,webarena-verified/assets/dataset/webarena-verified.json,IC6,,webarena-verified/assets/dataset/webarena-verified.json#a924a37b3b94826ef56fa8ad1f505b6c83020a4db3e52ff7e2b8a677841878d9,
webarena-verified,6473f72db5dcefc97b5725b59e734504edc28a21,228,a924a37b3b94826ef56fa8ad1f505b6c83020a4db3e52ff7e2b8a677841878d9,shopping,webarena-verified/assets/dataset/webarena-verified.json,IC7,,webarena-verified/assets/dataset/webarena-verified.json#a924a37b3b94826ef56fa8ad1f505b6c83020a4db3e52ff7e2b8a677841878d9,
webarena-verified,6473f72db5dcefc97b5725b59e734504edc28a21,50,960a934b04ea4fa0bd99dd60f1772a834052fe350ff35b031915f1641dcbff7b,shopping,webarena-verified/assets/dataset/webarena-verified.json,IC1,,webarena-verified/assets/dataset/webarena-verified.json#960a934b04ea4fa0bd99dd60f1772a834052fe350ff35b031915f1641dcbff7b,
webarena-verified,6473f72db5dcefc97b5725b59e734504edc28a21,50,960a934b04ea4fa0bd99dd60f1772a834052fe350ff35b031915f1641dcbff7b,shopping,webarena-verified/assets/dataset/webarena-verified.json,IC2,,webarena-verified/assets/dataset/webarena-verified.json#960a934b04ea4fa0bd99dd60f1772a834052fe350ff35b031915f1641dcbff7b,
webarena-verified,6473f72db5dcefc97b5725b59e734504edc28a21,50,960a934b04ea4fa0bd99dd60f1772a834052fe350ff35b031915f1641dcbff7b,shopping,webarena-verified/assets/dataset/webarena-verified.json,IC3,,webarena-verified/assets/dataset/webarena-verified.json#960a934b04ea4fa0bd99dd60f1772a834052fe350ff35b031915f1641dcbff7b,
webarena-verified,6473f72db5dcefc97b5725b59e734504edc28a21,50,960a934b04ea4fa0bd99dd60f1772a834052fe350ff35b031915f1641dcbff7b,shopping,webarena-verified/assets/dataset/webarena-verified.json,IC4,,webarena-verified/assets/dataset/webarena-verified.json#960a934b04ea4fa0bd99dd60f1772a834052fe350ff35b031915f1641dcbff7b,
webarena-verified,6473f72db5dcefc97b5725b59e734504edc28a21,50,960a934b04ea4fa0bd99dd60f1772a834052fe350ff35b031915f1641dcbff7b,shopping,webarena-verified/assets/dataset/webarena-verified.json,IC5,,webarena-verified/assets/dataset/webarena-verified.json#960a934b04ea4fa0bd99dd60f1772a834052fe350ff35b031915f1641dcbff7b,
webarena-verified,6473f72db5dcefc97b5725b59e734504edc28a21,50,960a934b04ea4fa0bd99dd60f1772a834052fe350ff35b031915f1641dcbff7b,shopping,webarena-verified/assets/dataset/webarena-verified.json,IC6,,webarena-verified/assets/dataset/webarena-verified.json#960a934b04ea4fa0bd99dd60f1772a834052fe350ff35b031915f1641dcbff7b,
webarena-verified,6473f72db5dcefc97b5725b59e734504edc28a21,50,960a934b04ea4fa0bd99dd60f1772a834052fe350ff35b031915f1641dcbff7b,shopping,webarena-verified/assets/dataset/webarena-verified.json,IC7,,webarena-verified/assets/dataset/webarena-verified.json#960a934b04ea4fa0bd99dd60f1772a834052fe350ff35b031915f1641dcbff7b,
webarena-verified,6473f72db5dcefc97b5725b59e734504edc28a21,528,a74337975917a3009beb9b5005ad4cab8d5408df4289aa7bbbecc5c1bafc09c7,shopping,webarena-verified/assets/dataset/webarena-verified.json,IC1,,webarena-verified/assets/dataset/webarena-verified.json#a74337975917a3009beb9b5005ad4cab8d5408df4289aa7bbbecc5c1bafc09c7,
webarena-verified,6473f72db5dcefc97b5725b59e734504edc28a21,528,a74337975917a3009beb9b5005ad4cab8d5408df4289aa7bbbecc5c1bafc09c7,shopping,webarena-verified/assets/dataset/webarena-verified.json,IC2,,webarena-verified/assets/dataset/webarena-verified.json#a74337975917a3009beb9b5005ad4cab8d5408df4289aa7bbbecc5c1bafc09c7,
webarena-verified,6473f72db5dcefc97b5725b59e734504edc28a21,528,a74337975917a3009beb9b5005ad4cab8d5408df4289aa7bbbecc5c1bafc09c7,shopping,webarena-verified/assets/dataset/webarena-verified.json,IC3,,webarena-verified/assets/dataset/webarena-verified.json#a74337975917a3009beb9b5005ad4cab8d5408df4289aa7bbbecc5c1bafc09c7,
webarena-verified,6473f72db5dcefc97b5725b59e734504edc28a21,528,a74337975917a3009beb9b5005ad4cab8d5408df4289aa7bbbecc5c1bafc09c7,shopping,webarena-verified/assets/dataset/webarena-verified.json,IC4,,webarena-verified/assets/dataset/webarena-verified.json#a74337975917a3009beb9b5005ad4cab8d5408df4289aa7bbbecc5c1bafc09c7,
webarena-verified,6473f72db5dcefc97b5725b59e734504edc28a21,528,a74337975917a3009beb9b5005ad4cab8d5408df4289aa7bbbecc5c1bafc09c7,shopping,webarena-verified/assets/dataset/webarena-verified.json,IC5,,webarena-verified/assets/dataset/webarena-verified.json#a74337975917a3009beb9b5005ad4cab8d5408df4289aa7bbbecc5c1bafc09c7,
webarena-verified,6473f72db5dcefc97b5725b59e734504edc28a21,528,a74337975917a3009beb9b5005ad4cab8d5408df4289aa7bbbecc5c1bafc09c7,shopping,webarena-verified/assets/dataset/webarena-verified.json,IC6,,webarena-verified/assets/dataset/webarena-verified.json#a74337975917a3009beb9b5005ad4cab8d5408df4289aa7bbbecc5c1bafc09c7,
webarena-verified,6473f72db5dcefc97b5725b59e734504edc28a21,528,a74337975917a3009beb9b5005ad4cab8d5408df4289aa7bbbecc5c1bafc09c7,shopping,webarena-verified/assets/dataset/webarena-verified.json,IC7,,webarena-verified/assets/dataset/webarena-verified.json#a74337975917a3009beb9b5005ad4cab8d5408df4289aa7bbbecc5c1bafc09c7,
webarena-verified,6473f72db5dcefc97b5725b59e734504edc28a21,572,ba50a36b554a084a7c36b37a1da58088d1bb95d252768968149d1139baa229a2,shopping,webarena-verified/assets/dataset/webarena-verified.json,IC1,,webarena-verified/assets/dataset/webarena-verified.json#ba50a36b554a084a7c36b37a1da58088d1bb95d252768968149d1139baa229a2,
webarena-verified,6473f72db5dcefc97b5725b59e734504edc28a21,572,ba50a36b554a084a7c36b37a1da58088d1bb95d252768968149d1139baa229a2,shopping,webarena-verified/assets/dataset/webarena-verified.json,IC2,,webarena-verified/assets/dataset/webarena-verified.json#ba50a36b554a084a7c36b37a1da58088d1bb95d252768968149d1139baa229a2,
webarena-verified,6473f72db5dcefc97b5725b59e734504edc28a21,572,ba50a36b554a084a7c36b37a1da58088d1bb95d252768968149d1139baa229a2,shopping,webarena-verified/assets/dataset/webarena-verified.json,IC3,,webarena-verified/assets/dataset/webarena-verified.json#ba50a36b554a084a7c36b37a1da58088d1bb95d252768968149d1139baa229a2,
webarena-verified,6473f72db5dcefc97b5725b59e734504edc28a21,572,ba50a36b554a084a7c36b37a1da58088d1bb95d252768968149d1139baa229a2,shopping,webarena-verified/assets/dataset/webarena-verified.json,IC4,,webarena-verified/assets/dataset/webarena-verified.json#ba50a36b554a084a7c36b37a1da58088d1bb95d252768968149d1139baa229a2,
webarena-verified,6473f72db5dcefc97b5725b59e734504edc28a21,572,ba50a36b554a084a7c36b37a1da58088d1bb95d252768968149d1139baa229a2,shopping,webarena-verified/assets/dataset/webarena-verified.json,IC5,,webarena-verified/assets/dataset/webarena-verified.json#ba50a36b554a084a7c36b37a1da58088d1bb95d252768968149d1139baa229a2,
webarena-verified,6473f72db5dcefc97b5725b59e734504edc28a21,572,ba50a36b554a084a7c36b37a1da58088d1bb95d252768968149d1139baa229a2,shopping,webarena-verified/assets/dataset/webarena-verified.json,IC6,,webarena-verified/assets/dataset/webarena-verified.json#ba50a36b554a084a7c36b37a1da58088d1bb95d252768968149d1139baa229a2,
webarena-verified,6473f72db5dcefc97b5725b59e734504edc28a21,572,ba50a36b554a084a7c36b37a1da58088d1bb95d252768968149d1139baa229a2,shopping,webarena-verified/assets/dataset/webarena-verified.json,IC7,,webarena-verified/assets/dataset/webarena-verified.json#ba50a36b554a084a7c36b37a1da58088d1bb95d252768968149d1139baa229a2,
webarena-verified,6473f72db5dcefc97b5725b59e734504edc28a21,278,95b81bf74302ee07a95b2f094c853455785ba802ae08211405282fc2d9e87305,shopping,webarena-verified/assets/dataset/webarena-verified.json,IC1,,webarena-verified/assets/dataset/webarena-verified.json#95b81bf74302ee07a95b2f094c853455785ba802ae08211405282fc2d9e87305,
webarena-verified,6473f72db5dcefc97b5725b59e734504edc28a21,278,95b81bf74302ee07a95b2f094c853455785ba802ae08211405282fc2d9e87305,shopping,webarena-verified/assets/dataset/webarena-verified.json,IC2,,webarena-verified/assets/dataset/webarena-verified.json#95b81bf74302ee07a95b2f094c853455785ba802ae08211405282fc2d9e87305,
webarena-verified,6473f72db5dcefc97b5725b59e734504edc28a21,278,95b81bf74302ee07a95b2f094c853455785ba802ae08211405282fc2d9e87305,shopping,webarena-verified/assets/dataset/webarena-verified.json,IC3,,webarena-verified/assets/dataset/webarena-verified.json#95b81bf74302ee07a95b2f094c853455785ba802ae08211405282fc2d9e87305,
webarena-verified,6473f72db5dcefc97b5725b59e734504edc28a21,278,95b81bf74302ee07a95b2f094c853455785ba802ae08211405282fc2d9e87305,shopping,webarena-verified/assets/dataset/webarena-verified.json,IC4,,webarena-verified/assets/dataset/webarena-verified.json#95b81bf74302ee07a95b2f094c853455785ba802ae08211405282fc2d9e87305,
webarena-verified,6473f72db5dcefc97b5725b59e734504edc28a21,278,95b81bf74302ee07a95b2f094c853455785ba802ae08211405282fc2d9e87305,shopping,webarena-verified/assets/dataset/webarena-verified.json,IC5,,webarena-verified/assets/dataset/webarena-verified.json#95b81bf74302ee07a95b2f094c853455785ba802ae08211405282fc2d9e87305,
webarena-verified,6473f72db5dcefc97b5725b59e734504edc28a21,278,95b81bf74302ee07a95b2f094c853455785ba802ae08211405282fc2d9e87305,shopping,webarena-verified/assets/dataset/webarena-verified.json,IC6,,webarena-verified/assets/dataset/webarena-verified.json#95b81bf74302ee07a95b2f094c853455785ba802ae08211405282fc2d9e87305,
webarena-verified,6473f72db5dcefc97b5725b59e734504edc28a21,278,95b81bf74302ee07a95b2f094c853455785ba802ae08211405282fc2d9e87305,shopping,webarena-verified/assets/dataset/webarena-verified.json,IC7,,webarena-verified/assets/dataset/webarena-verified.json#95b81bf74302ee07a95b2f094c853455785ba802ae08211405282fc2d9e87305,
webarena-verified,6473f72db5dcefc97b5725b59e734504edc28a21,355,5a5aeaadc41f44f98bfc085181e6a6169dd2d3b893fecd28bab4d8cfe01f3e36,shopping,webarena-verified/assets/dataset/webarena-verified.json,IC1,,webarena-verified/assets/dataset/webarena-verified.json#5a5aeaadc41f44f98bfc085181e6a6169dd2d3b893fecd28bab4d8cfe01f3e36,
webarena-verified,6473f72db5dcefc97b5725b59e734504edc28a21,355,5a5aeaadc41f44f98bfc085181e6a6169dd2d3b893fecd28bab4d8cfe01f3e36,shopping,webarena-verified/assets/dataset/webarena-verified.json,IC2,,webarena-verified/assets/dataset/webarena-verified.json#5a5aeaadc41f44f98bfc085181e6a6169dd2d3b893fecd28bab4d8cfe01f3e36,
webarena-verified,6473f72db5dcefc97b5725b59e734504edc28a21,355,5a5aeaadc41f44f98bfc085181e6a6169dd2d3b893fecd28bab4d8cfe01f3e36,shopping,webarena-verified/assets/dataset/webarena-verified.json,IC3,,webarena-verified/assets/dataset/webarena-verified.json#5a5aeaadc41f44f98bfc085181e6a6169dd2d3b893fecd28bab4d8cfe01f3e36,
webarena-verified,6473f72db5dcefc97b5725b59e734504edc28a21,355,5a5aeaadc41f44f98bfc085181e6a6169dd2d3b893fecd28bab4d8cfe01f3e36,shopping,webarena-verified/assets/dataset/webarena-verified.json,IC4,,webarena-verified/assets/dataset/webarena-verified.json#5a5aeaadc41f44f98bfc085181e6a6169dd2d3b893fecd28bab4d8cfe01f3e36,
webarena-verified,6473f72db5dcefc97b5725b59e734504edc28a21,355,5a5aeaadc41f44f98bfc085181e6a6169dd2d3b893fecd28bab4d8cfe01f3e36,shopping,webarena-verified/assets/dataset/webarena-verified.json,IC5,,webarena-verified/assets/dataset/webarena-verified.json#5a5aeaadc41f44f98bfc085181e6a6169dd2d3b893fecd28bab4d8cfe01f3e36,
webarena-verified,6473f72db5dcefc97b5725b59e734504edc28a21,355,5a5aeaadc41f44f98bfc085181e6a6169dd2d3b893fecd28bab4d8cfe01f3e36,shopping,webarena-verified/assets/dataset/webarena-verified.json,IC6,,webarena-verified/assets/dataset/webarena-verified.json#5a5aeaadc41f44f98bfc085181e6a6169dd2d3b893fecd28bab4d8cfe01f3e36,
webarena-verified,6473f72db5dcefc97b5725b59e734504edc28a21,355,5a5aeaadc41f44f98bfc085181e6a6169dd2d3b893fecd28bab4d8cfe01f3e36,shopping,webarena-verified/assets/dataset/webarena-verified.json,IC7,,webarena-verified/assets/dataset/webarena-verified.json#5a5aeaadc41f44f98bfc085181e6a6169dd2d3b893fecd28bab4d8cfe01f3e36,
webarena-verified,6473f72db5dcefc97b5725b59e734504edc28a21,208,1bb44d48645bc6a5aca77740116a076e09c9347ba9ddd60db88292c54f966c02,shopping_admin,webarena-verified/assets/dataset/webarena-verified.json,IC1,,webarena-verified/assets/dataset/webarena-verified.json#1bb44d48645bc6a5aca77740116a076e09c9347ba9ddd60db88292c54f966c02,
webarena-verified,6473f72db5dcefc97b5725b59e734504edc28a21,208,1bb44d48645bc6a5aca77740116a076e09c9347ba9ddd60db88292c54f966c02,shopping_admin,webarena-verified/assets/dataset/webarena-verified.json,IC2,,webarena-verified/assets/dataset/webarena-verified.json#1bb44d48645bc6a5aca77740116a076e09c9347ba9ddd60db88292c54f966c02,
webarena-verified,6473f72db5dcefc97b5725b59e734504edc28a21,208,1bb44d48645bc6a5aca77740116a076e09c9347ba9ddd60db88292c54f966c02,shopping_admin,webarena-verified/assets/dataset/webarena-verified.json,IC3,,webarena-verified/assets/dataset/webarena-verified.json#1bb44d48645bc6a5aca77740116a076e09c9347ba9ddd60db88292c54f966c02,
webarena-verified,6473f72db5dcefc97b5725b59e734504edc28a21,208,1bb44d48645bc6a5aca77740116a076e09c9347ba9ddd60db88292c54f966c02,shopping_admin,webarena-verified/assets/dataset/webarena-verified.json,IC4,,webarena-verified/assets/dataset/webarena-verified.json#1bb44d48645bc6a5aca77740116a076e09c9347ba9ddd60db88292c54f966c02,
webarena-verified,6473f72db5dcefc97b5725b59e734504edc28a21,208,1bb44d48645bc6a5aca77740116a076e09c9347ba9ddd60db88292c54f966c02,shopping_admin,webarena-verified/assets/dataset/webarena-verified.json,IC5,,webarena-verified/assets/dataset/webarena-verified.json#1bb44d48645bc6a5aca77740116a076e09c9347ba9ddd60db88292c54f966c02,
webarena-verified,6473f72db5dcefc97b5725b59e734504edc28a21,208,1bb44d48645bc6a5aca77740116a076e09c9347ba9ddd60db88292c54f966c02,shopping_admin,webarena-verified/assets/dataset/webarena-verified.json,IC6,,webarena-verified/assets/dataset/webarena-verified.json#1bb44d48645bc6a5aca77740116a076e09c9347ba9ddd60db88292c54f966c02,
webarena-verified,6473f72db5dcefc97b5725b59e734504edc28a21,208,1bb44d48645bc6a5aca77740116a076e09c9347ba9ddd60db88292c54f966c02,shopping_admin,webarena-verified/assets/dataset/webarena-verified.json,IC7,,webarena-verified/assets/dataset/webarena-verified.json#1bb44d48645bc6a5aca77740116a076e09c9347ba9ddd60db88292c54f966c02,
webarena-verified,6473f72db5dcefc97b5725b59e734504edc28a21,209,e75677d602c35011b0a07985f63a48065b6124973f6e7cca53301a4eeecb8393,shopping_admin,webarena-verified/assets/dataset/webarena-verified.json,IC1,,webarena-verified/assets/dataset/webarena-verified.json#e75677d602c35011b0a07985f63a48065b6124973f6e7cca53301a4eeecb8393,
webarena-verified,6473f72db5dcefc97b5725b59e734504edc28a21,209,e75677d602c35011b0a07985f63a48065b6124973f6e7cca53301a4eeecb8393,shopping_admin,webarena-verified/assets/dataset/webarena-verified.json,IC2,,webarena-verified/assets/dataset/webarena-verified.json#e75677d602c35011b0a07985f63a48065b6124973f6e7cca53301a4eeecb8393,
webarena-verified,6473f72db5dcefc97b5725b59e734504edc28a21,209,e75677d602c35011b0a07985f63a48065b6124973f6e7cca53301a4eeecb8393,shopping_admin,webarena-verified/assets/dataset/webarena-verified.json,IC3,,webarena-verified/assets/dataset/webarena-verified.json#e75677d602c35011b0a07985f63a48065b6124973f6e7cca53301a4eeecb8393,
webarena-verified,6473f72db5dcefc97b5725b59e734504edc28a21,209,e75677d602c35011b0a07985f63a48065b6124973f6e7cca53301a4eeecb8393,shopping_admin,webarena-verified/assets/dataset/webarena-verified.json,IC4,,webarena-verified/assets/dataset/webarena-verified.json#e75677d602c35011b0a07985f63a48065b6124973f6e7cca53301a4eeecb8393,
webarena-verified,6473f72db5dcefc97b5725b59e734504edc28a21,209,e75677d602c35011b0a07985f63a48065b6124973f6e7cca53301a4eeecb8393,shopping_admin,webarena-verified/assets/dataset/webarena-verified.json,IC5,,webarena-verified/assets/dataset/webarena-verified.json#e75677d602c35011b0a07985f63a48065b6124973f6e7cca53301a4eeecb8393,
webarena-verified,6473f72db5dcefc97b5725b59e734504edc28a21,209,e75677d602c35011b0a07985f63a48065b6124973f6e7cca53301a4eeecb8393,shopping_admin,webarena-verified/assets/dataset/webarena-verified.json,IC6,,webarena-verified/assets/dataset/webarena-verified.json#e75677d602c35011b0a07985f63a48065b6124973f6e7cca53301a4eeecb8393,
webarena-verified,6473f72db5dcefc97b5725b59e734504edc28a21,209,e75677d602c35011b0a07985f63a48065b6124973f6e7cca53301a4eeecb8393,shopping_admin,webarena-verified/assets/dataset/webarena-verified.json,IC7,,webarena-verified/assets/dataset/webarena-verified.json#e75677d602c35011b0a07985f63a48065b6124973f6e7cca53301a4eeecb8393,
webarena-verified,6473f72db5dcefc97b5725b59e734504edc28a21,493,7508e1d7dac2759cb65ab8f0e6f2655cb71c9d37d243faa3807054d3fc3bf5cd,shopping_admin,webarena-verified/assets/dataset/webarena-verified.json,IC1,,webarena-verified/assets/dataset/webarena-verified.json#7508e1d7dac2759cb65ab8f0e6f2655cb71c9d37d243faa3807054d3fc3bf5cd,
webarena-verified,6473f72db5dcefc97b5725b59e734504edc28a21,493,7508e1d7dac2759cb65ab8f0e6f2655cb71c9d37d243faa3807054d3fc3bf5cd,shopping_admin,webarena-verified/assets/dataset/webarena-verified.json,IC2,,webarena-verified/assets/dataset/webarena-verified.json#7508e1d7dac2759cb65ab8f0e6f2655cb71c9d37d243faa3807054d3fc3bf5cd,
webarena-verified,6473f72db5dcefc97b5725b59e734504edc28a21,493,7508e1d7dac2759cb65ab8f0e6f2655cb71c9d37d243faa3807054d3fc3bf5cd,shopping_admin,webarena-verified/assets/dataset/webarena-verified.json,IC3,,webarena-verified/assets/dataset/webarena-verified.json#7508e1d7dac2759cb65ab8f0e6f2655cb71c9d37d243faa3807054d3fc3bf5cd,
webarena-verified,6473f72db5dcefc97b5725b59e734504edc28a21,493,7508e1d7dac2759cb65ab8f0e6f2655cb71c9d37d243faa3807054d3fc3bf5cd,shopping_admin,webarena-verified/assets/dataset/webarena-verified.json,IC4,,webarena-verified/assets/dataset/webarena-verified.json#7508e1d7dac2759cb65ab8f0e6f2655cb71c9d37d243faa3807054d3fc3bf5cd,
webarena-verified,6473f72db5dcefc97b5725b59e734504edc28a21,493,7508e1d7dac2759cb65ab8f0e6f2655cb71c9d37d243faa3807054d3fc3bf5cd,shopping_admin,webarena-verified/assets/dataset/webarena-verified.json,IC5,,webarena-verified/assets/dataset/webarena-verified.json#7508e1d7dac2759cb65ab8f0e6f2655cb71c9d37d243faa3807054d3fc3bf5cd,
webarena-verified,6473f72db5dcefc97b5725b59e734504edc28a21,493,7508e1d7dac2759cb65ab8f0e6f2655cb71c9d37d243faa3807054d3fc3bf5cd,shopping_admin,webarena-verified/assets/dataset/webarena-verified.json,IC6,,webarena-verified/assets/dataset/webarena-verified.json#7508e1d7dac2759cb65ab8f0e6f2655cb71c9d37d243faa3807054d3fc3bf5cd,
webarena-verified,6473f72db5dcefc97b5725b59e734504edc28a21,493,7508e1d7dac2759cb65ab8f0e6f2655cb71c9d37d243faa3807054d3fc3bf5cd,shopping_admin,webarena-verified/assets/dataset/webarena-verified.json,IC7,,webarena-verified/assets/dataset/webarena-verified.json#7508e1d7dac2759cb65ab8f0e6f2655cb71c9d37d243faa3807054d3fc3bf5cd,
webarena-verified,6473f72db5dcefc97b5725b59e734504edc28a21,496,2ea610ee69e8b683a42fb9ec8135d03682eaa56082028b8aa58b57b2b6a4f067,shopping_admin,webarena-verified/assets/dataset/webarena-verified.json,IC1,,webarena-verified/assets/dataset/webarena-verified.json#2ea610ee69e8b683a42fb9ec8135d03682eaa56082028b8aa58b57b2b6a4f067,
webarena-verified,6473f72db5dcefc97b5725b59e734504edc28a21,496,2ea610ee69e8b683a42fb9ec8135d03682eaa56082028b8aa58b57b2b6a4f067,shopping_admin,webarena-verified/assets/dataset/webarena-verified.json,IC2,,webarena-verified/assets/dataset/webarena-verified.json#2ea610ee69e8b683a42fb9ec8135d03682eaa56082028b8aa58b57b2b6a4f067,
webarena-verified,6473f72db5dcefc97b5725b59e734504edc28a21,496,2ea610ee69e8b683a42fb9ec8135d03682eaa56082028b8aa58b57b2b6a4f067,shopping_admin,webarena-verified/assets/dataset/webarena-verified.json,IC3,,webarena-verified/assets/dataset/webarena-verified.json#2ea610ee69e8b683a42fb9ec8135d03682eaa56082028b8aa58b57b2b6a4f067,
webarena-verified,6473f72db5dcefc97b5725b59e734504edc28a21,496,2ea610ee69e8b683a42fb9ec8135d03682eaa56082028b8aa58b57b2b6a4f067,shopping_admin,webarena-verified/assets/dataset/webarena-verified.json,IC4,,webarena-verified/assets/dataset/webarena-verified.json#2ea610ee69e8b683a42fb9ec8135d03682eaa56082028b8aa58b57b2b6a4f067,
webarena-verified,6473f72db5dcefc97b5725b59e734504edc28a21,496,2ea610ee69e8b683a42fb9ec8135d03682eaa56082028b8aa58b57b2b6a4f067,shopping_admin,webarena-verified/assets/dataset/webarena-verified.json,IC5,,webarena-verified/assets/dataset/webarena-verified.json#2ea610ee69e8b683a42fb9ec8135d03682eaa56082028b8aa58b57b2b6a4f067,
webarena-verified,6473f72db5dcefc97b5725b59e734504edc28a21,496,2ea610ee69e8b683a42fb9ec8135d03682eaa56082028b8aa58b57b2b6a4f067,shopping_admin,webarena-verified/assets/dataset/webarena-verified.json,IC6,,webarena-verified/assets/dataset/webarena-verified.json#2ea610ee69e8b683a42fb9ec8135d03682eaa56082028b8aa58b57b2b6a4f067,
webarena-verified,6473f72db5dcefc97b5725b59e734504edc28a21,496,2ea610ee69e8b683a42fb9ec8135d03682eaa56082028b8aa58b57b2b6a4f067,shopping_admin,webarena-verified/assets/dataset/webarena-verified.json,IC7,,webarena-verified/assets/dataset/webarena-verified.json#2ea610ee69e8b683a42fb9ec8135d03682eaa56082028b8aa58b57b2b6a4f067,
webarena-verified,6473f72db5dcefc97b5725b59e734504edc28a21,540,30e04a76d85811a65cba3c66196890d0402ddfc3449ed2bb3aef28d2fa4c087c,shopping_admin,webarena-verified/assets/dataset/webarena-verified.json,IC1,,webarena-verified/assets/dataset/webarena-verified.json#30e04a76d85811a65cba3c66196890d0402ddfc3449ed2bb3aef28d2fa4c087c,
webarena-verified,6473f72db5dcefc97b5725b59e734504edc28a21,540,30e04a76d85811a65cba3c66196890d0402ddfc3449ed2bb3aef28d2fa4c087c,shopping_admin,webarena-verified/assets/dataset/webarena-verified.json,IC2,,webarena-verified/assets/dataset/webarena-verified.json#30e04a76d85811a65cba3c66196890d0402ddfc3449ed2bb3aef28d2fa4c087c,
webarena-verified,6473f72db5dcefc97b5725b59e734504edc28a21,540,30e04a76d85811a65cba3c66196890d0402ddfc3449ed2bb3aef28d2fa4c087c,shopping_admin,webarena-verified/assets/dataset/webarena-verified.json,IC3,,webarena-verified/assets/dataset/webarena-verified.json#30e04a76d85811a65cba3c66196890d0402ddfc3449ed2bb3aef28d2fa4c087c,
webarena-verified,6473f72db5dcefc97b5725b59e734504edc28a21,540,30e04a76d85811a65cba3c66196890d0402ddfc3449ed2bb3aef28d2fa4c087c,shopping_admin,webarena-verified/assets/dataset/webarena-verified.json,IC4,,webarena-verified/assets/dataset/webarena-verified.json#30e04a76d85811a65cba3c66196890d0402ddfc3449ed2bb3aef28d2fa4c087c,
webarena-verified,6473f72db5dcefc97b5725b59e734504edc28a21,540,30e04a76d85811a65cba3c66196890d0402ddfc3449ed2bb3aef28d2fa4c087c,shopping_admin,webarena-verified/assets/dataset/webarena-verified.json,IC5,,webarena-verified/assets/dataset/webarena-verified.json#30e04a76d85811a65cba3c66196890d0402ddfc3449ed2bb3aef28d2fa4c087c,
webarena-verified,6473f72db5dcefc97b5725b59e734504edc28a21,540,30e04a76d85811a65cba3c66196890d0402ddfc3449ed2bb3aef28d2fa4c087c,shopping_admin,webarena-verified/assets/dataset/webarena-verified.json,IC6,,webarena-verified/assets/dataset/webarena-verified.json#30e04a76d85811a65cba3c66196890d0402ddfc3449ed2bb3aef28d2fa4c087c,
webarena-verified,6473f72db5dcefc97b5725b59e734504edc28a21,540,30e04a76d85811a65cba3c66196890d0402ddfc3449ed2bb3aef28d2fa4c087c,shopping_admin,webarena-verified/assets/dataset/webarena-verified.json,IC7,,webarena-verified/assets/dataset/webarena-verified.json#30e04a76d85811a65cba3c66196890d0402ddfc3449ed2bb3aef28d2fa4c087c,
webarena-verified,6473f72db5dcefc97b5725b59e734504edc28a21,290,59d09a3e9535a62c18787e7a0cffef467561e2acf4285f57dd0f7bb19edc2e55,shopping_admin,webarena-verified/assets/dataset/webarena-verified.json,IC1,,webarena-verified/assets/dataset/webarena-verified.json#59d09a3e9535a62c18787e7a0cffef467561e2acf4285f57dd0f7bb19edc2e55,
webarena-verified,6473f72db5dcefc97b5725b59e734504edc28a21,290,59d09a3e9535a62c18787e7a0cffef467561e2acf4285f57dd0f7bb19edc2e55,shopping_admin,webarena-verified/assets/dataset/webarena-verified.json,IC2,,webarena-verified/assets/dataset/webarena-verified.json#59d09a3e9535a62c18787e7a0cffef467561e2acf4285f57dd0f7bb19edc2e55,
webarena-verified,6473f72db5dcefc97b5725b59e734504edc28a21,290,59d09a3e9535a62c18787e7a0cffef467561e2acf4285f57dd0f7bb19edc2e55,shopping_admin,webarena-verified/assets/dataset/webarena-verified.json,IC3,,webarena-verified/assets/dataset/webarena-verified.json#59d09a3e9535a62c18787e7a0cffef467561e2acf4285f57dd0f7bb19edc2e55,
webarena-verified,6473f72db5dcefc97b5725b59e734504edc28a21,290,59d09a3e9535a62c18787e7a0cffef467561e2acf4285f57dd0f7bb19edc2e55,shopping_admin,webarena-verified/assets/dataset/webarena-verified.json,IC4,,webarena-verified/assets/dataset/webarena-verified.json#59d09a3e9535a62c18787e7a0cffef467561e2acf4285f57dd0f7bb19edc2e55,
webarena-verified,6473f72db5dcefc97b5725b59e734504edc28a21,290,59d09a3e9535a62c18787e7a0cffef467561e2acf4285f57dd0f7bb19edc2e55,shopping_admin,webarena-verified/assets/dataset/webarena-verified.json,IC5,,webarena-verified/assets/dataset/webarena-verified.json#59d09a3e9535a62c18787e7a0cffef467561e2acf4285f57dd0f7bb19edc2e55,
webarena-verified,6473f72db5dcefc97b5725b59e734504edc28a21,290,59d09a3e9535a62c18787e7a0cffef467561e2acf4285f57dd0f7bb19edc2e55,shopping_admin,webarena-verified/assets/dataset/webarena-verified.json,IC6,,webarena-verified/assets/dataset/webarena-verified.json#59d09a3e9535a62c18787e7a0cffef467561e2acf4285f57dd0f7bb19edc2e55,
webarena-verified,6473f72db5dcefc97b5725b59e734504edc28a21,290,59d09a3e9535a62c18787e7a0cffef467561e2acf4285f57dd0f7bb19edc2e55,shopping_admin,webarena-verified/assets/dataset/webarena-verified.json,IC7,,webarena-verified/assets/dataset/webarena-verified.json#59d09a3e9535a62c18787e7a0cffef467561e2acf4285f57dd0f7bb19edc2e55,
webarena-verified,6473f72db5dcefc97b5725b59e734504edc28a21,95,a8c446049bcc1390eca194de55774c78a5890a747d0ac2e9717ab61377a0bfb7,shopping_admin,webarena-verified/assets/dataset/webarena-verified.json,IC1,,webarena-verified/assets/dataset/webarena-verified.json#a8c446049bcc1390eca194de55774c78a5890a747d0ac2e9717ab61377a0bfb7,
webarena-verified,6473f72db5dcefc97b5725b59e734504edc28a21,95,a8c446049bcc1390eca194de55774c78a5890a747d0ac2e9717ab61377a0bfb7,shopping_admin,webarena-verified/assets/dataset/webarena-verified.json,IC2,,webarena-verified/assets/dataset/webarena-verified.json#a8c446049bcc1390eca194de55774c78a5890a747d0ac2e9717ab61377a0bfb7,
webarena-verified,6473f72db5dcefc97b5725b59e734504edc28a21,95,a8c446049bcc1390eca194de55774c78a5890a747d0ac2e9717ab61377a0bfb7,shopping_admin,webarena-verified/assets/dataset/webarena-verified.json,IC3,,webarena-verified/assets/dataset/webarena-verified.json#a8c446049bcc1390eca194de55774c78a5890a747d0ac2e9717ab61377a0bfb7,
webarena-verified,6473f72db5dcefc97b5725b59e734504edc28a21,95,a8c446049bcc1390eca194de55774c78a5890a747d0ac2e9717ab61377a0bfb7,shopping_admin,webarena-verified/assets/dataset/webarena-verified.json,IC4,,webarena-verified/assets/dataset/webarena-verified.json#a8c446049bcc1390eca194de55774c78a5890a747d0ac2e9717ab61377a0bfb7,
webarena-verified,6473f72db5dcefc97b5725b59e734504edc28a21,95,a8c446049bcc1390eca194de55774c78a5890a747d0ac2e9717ab61377a0bfb7,shopping_admin,webarena-verified/assets/dataset/webarena-verified.json,IC5,,webarena-verified/assets/dataset/webarena-verified.json#a8c446049bcc1390eca194de55774c78a5890a747d0ac2e9717ab61377a0bfb7,
webarena-verified,6473f72db5dcefc97b5725b59e734504edc28a21,95,a8c446049bcc1390eca194de55774c78a5890a747d0ac2e9717ab61377a0bfb7,shopping_admin,webarena-verified/assets/dataset/webarena-verified.json,IC6,,webarena-verified/assets/dataset/webarena-verified.json#a8c446049bcc1390eca194de55774c78a5890a747d0ac2e9717ab61377a0bfb7,
webarena-verified,6473f72db5dcefc97b5725b59e734504edc28a21,95,a8c446049bcc1390eca194de55774c78a5890a747d0ac2e9717ab61377a0bfb7,shopping_admin,webarena-verified/assets/dataset/webarena-verified.json,IC7,,webarena-verified/assets/dataset/webarena-verified.json#a8c446049bcc1390eca194de55774c78a5890a747d0ac2e9717ab61377a0bfb7,
webarena-verified,6473f72db5dcefc97b5725b59e734504edc28a21,495,c18e1bb5f0594018b5b25b9830c964926e126e090775fb780f81e8f6a6999150,shopping_admin,webarena-verified/assets/dataset/webarena-verified.json,IC1,,webarena-verified/assets/dataset/webarena-verified.json#c18e1bb5f0594018b5b25b9830c964926e126e090775fb780f81e8f6a6999150,
webarena-verified,6473f72db5dcefc97b5725b59e734504edc28a21,495,c18e1bb5f0594018b5b25b9830c964926e126e090775fb780f81e8f6a6999150,shopping_admin,webarena-verified/assets/dataset/webarena-verified.json,IC2,,webarena-verified/assets/dataset/webarena-verified.json#c18e1bb5f0594018b5b25b9830c964926e126e090775fb780f81e8f6a6999150,
webarena-verified,6473f72db5dcefc97b5725b59e734504edc28a21,495,c18e1bb5f0594018b5b25b9830c964926e126e090775fb780f81e8f6a6999150,shopping_admin,webarena-verified/assets/dataset/webarena-verified.json,IC3,,webarena-verified/assets/dataset/webarena-verified.json#c18e1bb5f0594018b5b25b9830c964926e126e090775fb780f81e8f6a6999150,
webarena-verified,6473f72db5dcefc97b5725b59e734504edc28a21,495,c18e1bb5f0594018b5b25b9830c964926e126e090775fb780f81e8f6a6999150,shopping_admin,webarena-verified/assets/dataset/webarena-verified.json,IC4,,webarena-verified/assets/dataset/webarena-verified.json#c18e1bb5f0594018b5b25b9830c964926e126e090775fb780f81e8f6a6999150,
webarena-verified,6473f72db5dcefc97b5725b59e734504edc28a21,495,c18e1bb5f0594018b5b25b9830c964926e126e090775fb780f81e8f6a6999150,shopping_admin,webarena-verified/assets/dataset/webarena-verified.json,IC5,,webarena-verified/assets/dataset/webarena-verified.json#c18e1bb5f0594018b5b25b9830c964926e126e090775fb780f81e8f6a6999150,
webarena-verified,6473f72db5dcefc97b5725b59e734504edc28a21,495,c18e1bb5f0594018b5b25b9830c964926e126e090775fb780f81e8f6a6999150,shopping_admin,webarena-verified/assets/dataset/webarena-verified.json,IC6,,webarena-verified/assets/dataset/webarena-verified.json#c18e1bb5f0594018b5b25b9830c964926e126e090775fb780f81e8f6a6999150,
webarena-verified,6473f72db5dcefc97b5725b59e734504edc28a21,495,c18e1bb5f0594018b5b25b9830c964926e126e090775fb780f81e8f6a6999150,shopping_admin,webarena-verified/assets/dataset/webarena-verified.json,IC7,,webarena-verified/assets/dataset/webarena-verified.json#c18e1bb5f0594018b5b25b9830c964926e126e090775fb780f81e8f6a6999150,
webarena-verified,6473f72db5dcefc97b5725b59e734504edc28a21,770,4c25aba7aa0ef09f8f589754e4b0b0f374a0f0a8f5711fd2d792eff9932d6c44,shopping_admin,webarena-verified/assets/dataset/webarena-verified.json,IC1,,webarena-verified/assets/dataset/webarena-verified.json#4c25aba7aa0ef09f8f589754e4b0b0f374a0f0a8f5711fd2d792eff9932d6c44,
webarena-verified,6473f72db5dcefc97b5725b59e734504edc28a21,770,4c25aba7aa0ef09f8f589754e4b0b0f374a0f0a8f5711fd2d792eff9932d6c44,shopping_admin,webarena-verified/assets/dataset/webarena-verified.json,IC2,,webarena-verified/assets/dataset/webarena-verified.json#4c25aba7aa0ef09f8f589754e4b0b0f374a0f0a8f5711fd2d792eff9932d6c44,
webarena-verified,6473f72db5dcefc97b5725b59e734504edc28a21,770,4c25aba7aa0ef09f8f589754e4b0b0f374a0f0a8f5711fd2d792eff9932d6c44,shopping_admin,webarena-verified/assets/dataset/webarena-verified.json,IC3,,webarena-verified/assets/dataset/webarena-verified.json#4c25aba7aa0ef09f8f589754e4b0b0f374a0f0a8f5711fd2d792eff9932d6c44,
webarena-verified,6473f72db5dcefc97b5725b59e734504edc28a21,770,4c25aba7aa0ef09f8f589754e4b0b0f374a0f0a8f5711fd2d792eff9932d6c44,shopping_admin,webarena-verified/assets/dataset/webarena-verified.json,IC4,,webarena-verified/assets/dataset/webarena-verified.json#4c25aba7aa0ef09f8f589754e4b0b0f374a0f0a8f5711fd2d792eff9932d6c44,
webarena-verified,6473f72db5dcefc97b5725b59e734504edc28a21,770,4c25aba7aa0ef09f8f589754e4b0b0f374a0f0a8f5711fd2d792eff9932d6c44,shopping_admin,webarena-verified/assets/dataset/webarena-verified.json,IC5,,webarena-verified/assets/dataset/webarena-verified.json#4c25aba7aa0ef09f8f589754e4b0b0f374a0f0a8f5711fd2d792eff9932d6c44,
webarena-verified,6473f72db5dcefc97b5725b59e734504edc28a21,770,4c25aba7aa0ef09f8f589754e4b0b0f374a0f0a8f5711fd2d792eff9932d6c44,shopping_admin,webarena-verified/assets/dataset/webarena-verified.json,IC6,,webarena-verified/assets/dataset/webarena-verified.json#4c25aba7aa0ef09f8f589754e4b0b0f374a0f0a8f5711fd2d792eff9932d6c44,
webarena-verified,6473f72db5dcefc97b5725b59e734504edc28a21,770,4c25aba7aa0ef09f8f589754e4b0b0f374a0f0a8f5711fd2d792eff9932d6c44,shopping_admin,webarena-verified/assets/dataset/webarena-verified.json,IC7,,webarena-verified/assets/dataset/webarena-verified.json#4c25aba7aa0ef09f8f589754e4b0b0f374a0f0a8f5711fd2d792eff9932d6c44,
webarena-verified,6473f72db5dcefc97b5725b59e734504edc28a21,680,9dce6e3b28769d8bdb879008aea0fba3b002b2ac0a47d3fae37658f058f52046,shopping_admin,webarena-verified/assets/dataset/webarena-verified.json,IC1,,webarena-verified/assets/dataset/webarena-verified.json#9dce6e3b28769d8bdb879008aea0fba3b002b2ac0a47d3fae37658f058f52046,
webarena-verified,6473f72db5dcefc97b5725b59e734504edc28a21,680,9dce6e3b28769d8bdb879008aea0fba3b002b2ac0a47d3fae37658f058f52046,shopping_admin,webarena-verified/assets/dataset/webarena-verified.json,IC2,,webarena-verified/assets/dataset/webarena-verified.json#9dce6e3b28769d8bdb879008aea0fba3b002b2ac0a47d3fae37658f058f52046,
webarena-verified,6473f72db5dcefc97b5725b59e734504edc28a21,680,9dce6e3b28769d8bdb879008aea0fba3b002b2ac0a47d3fae37658f058f52046,shopping_admin,webarena-verified/assets/dataset/webarena-verified.json,IC3,,webarena-verified/assets/dataset/webarena-verified.json#9dce6e3b28769d8bdb879008aea0fba3b002b2ac0a47d3fae37658f058f52046,
webarena-verified,6473f72db5dcefc97b5725b59e734504edc28a21,680,9dce6e3b28769d8bdb879008aea0fba3b002b2ac0a47d3fae37658f058f52046,shopping_admin,webarena-verified/assets/dataset/webarena-verified.json,IC4,,webarena-verified/assets/dataset/webarena-verified.json#9dce6e3b28769d8bdb879008aea0fba3b002b2ac0a47d3fae37658f058f52046,
webarena-verified,6473f72db5dcefc97b5725b59e734504edc28a21,680,9dce6e3b28769d8bdb879008aea0fba3b002b2ac0a47d3fae37658f058f52046,shopping_admin,webarena-verified/assets/dataset/webarena-verified.json,IC5,,webarena-verified/assets/dataset/webarena-verified.json#9dce6e3b28769d8bdb879008aea0fba3b002b2ac0a47d3fae37658f058f52046,
webarena-verified,6473f72db5dcefc97b5725b59e734504edc28a21,680,9dce6e3b28769d8bdb879008aea0fba3b002b2ac0a47d3fae37658f058f52046,shopping_admin,webarena-verified/assets/dataset/webarena-verified.json,IC6,,webarena-verified/assets/dataset/webarena-verified.json#9dce6e3b28769d8bdb879008aea0fba3b002b2ac0a47d3fae37658f058f52046,
webarena-verified,6473f72db5dcefc97b5725b59e734504edc28a21,680,9dce6e3b28769d8bdb879008aea0fba3b002b2ac0a47d3fae37658f058f52046,shopping_admin,webarena-verified/assets/dataset/webarena-verified.json,IC7,,webarena-verified/assets/dataset/webarena-verified.json#9dce6e3b28769d8bdb879008aea0fba3b002b2ac0a47d3fae37658f058f52046,
webarena-verified,6473f72db5dcefc97b5725b59e734504edc28a21,545,cc25f0c49566fceac128e7a170bcf50703bba9a60de9008890bfb2e9c6d8c331,shopping_admin,webarena-verified/assets/dataset/webarena-verified.json,IC1,,webarena-verified/assets/dataset/webarena-verified.json#cc25f0c49566fceac128e7a170bcf50703bba9a60de9008890bfb2e9c6d8c331,
webarena-verified,6473f72db5dcefc97b5725b59e734504edc28a21,545,cc25f0c49566fceac128e7a170bcf50703bba9a60de9008890bfb2e9c6d8c331,shopping_admin,webarena-verified/assets/dataset/webarena-verified.json,IC2,,webarena-verified/assets/dataset/webarena-verified.json#cc25f0c49566fceac128e7a170bcf50703bba9a60de9008890bfb2e9c6d8c331,
webarena-verified,6473f72db5dcefc97b5725b59e734504edc28a21,545,cc25f0c49566fceac128e7a170bcf50703bba9a60de9008890bfb2e9c6d8c331,shopping_admin,webarena-verified/assets/dataset/webarena-verified.json,IC3,,webarena-verified/assets/dataset/webarena-verified.json#cc25f0c49566fceac128e7a170bcf50703bba9a60de9008890bfb2e9c6d8c331,
webarena-verified,6473f72db5dcefc97b5725b59e734504edc28a21,545,cc25f0c49566fceac128e7a170bcf50703bba9a60de9008890bfb2e9c6d8c331,shopping_admin,webarena-verified/assets/dataset/webarena-verified.json,IC4,,webarena-verified/assets/dataset/webarena-verified.json#cc25f0c49566fceac128e7a170bcf50703bba9a60de9008890bfb2e9c6d8c331,
webarena-verified,6473f72db5dcefc97b5725b59e734504edc28a21,545,cc25f0c49566fceac128e7a170bcf50703bba9a60de9008890bfb2e9c6d8c331,shopping_admin,webarena-verified/assets/dataset/webarena-verified.json,IC5,,webarena-verified/assets/dataset/webarena-verified.json#cc25f0c49566fceac128e7a170bcf50703bba9a60de9008890bfb2e9c6d8c331,
webarena-verified,6473f72db5dcefc97b5725b59e734504edc28a21,545,cc25f0c49566fceac128e7a170bcf50703bba9a60de9008890bfb2e9c6d8c331,shopping_admin,webarena-verified/assets/dataset/webarena-verified.json,IC6,,webarena-verified/assets/dataset/webarena-verified.json#cc25f0c49566fceac128e7a170bcf50703bba9a60de9008890bfb2e9c6d8c331,
webarena-verified,6473f72db5dcefc97b5725b59e734504edc28a21,545,cc25f0c49566fceac128e7a170bcf50703bba9a60de9008890bfb2e9c6d8c331,shopping_admin,webarena-verified/assets/dataset/webarena-verified.json,IC7,,webarena-verified/assets/dataset/webarena-verified.json#cc25f0c49566fceac128e7a170bcf50703bba9a60de9008890bfb2e9c6d8c331,
webarena-verified,6473f72db5dcefc97b5725b59e734504edc28a21,501,f5a9fdee4ff17c81623ed7ab9cf2f8698c58bb591a9561bee25216f71ae5e19a,shopping_admin,webarena-verified/assets/dataset/webarena-verified.json,IC1,,webarena-verified/assets/dataset/webarena-verified.json#f5a9fdee4ff17c81623ed7ab9cf2f8698c58bb591a9561bee25216f71ae5e19a,
webarena-verified,6473f72db5dcefc97b5725b59e734504edc28a21,501,f5a9fdee4ff17c81623ed7ab9cf2f8698c58bb591a9561bee25216f71ae5e19a,shopping_admin,webarena-verified/assets/dataset/webarena-verified.json,IC2,,webarena-verified/assets/dataset/webarena-verified.json#f5a9fdee4ff17c81623ed7ab9cf2f8698c58bb591a9561bee25216f71ae5e19a,
webarena-verified,6473f72db5dcefc97b5725b59e734504edc28a21,501,f5a9fdee4ff17c81623ed7ab9cf2f8698c58bb591a9561bee25216f71ae5e19a,shopping_admin,webarena-verified/assets/dataset/webarena-verified.json,IC3,,webarena-verified/assets/dataset/webarena-verified.json#f5a9fdee4ff17c81623ed7ab9cf2f8698c58bb591a9561bee25216f71ae5e19a,
webarena-verified,6473f72db5dcefc97b5725b59e734504edc28a21,501,f5a9fdee4ff17c81623ed7ab9cf2f8698c58bb591a9561bee25216f71ae5e19a,shopping_admin,webarena-verified/assets/dataset/webarena-verified.json,IC4,,webarena-verified/assets/dataset/webarena-verified.json#f5a9fdee4ff17c81623ed7ab9cf2f8698c58bb591a9561bee25216f71ae5e19a,
webarena-verified,6473f72db5dcefc97b5725b59e734504edc28a21,501,f5a9fdee4ff17c81623ed7ab9cf2f8698c58bb591a9561bee25216f71ae5e19a,shopping_admin,webarena-verified/assets/dataset/webarena-verified.json,IC5,,webarena-verified/assets/dataset/webarena-verified.json#f5a9fdee4ff17c81623ed7ab9cf2f8698c58bb591a9561bee25216f71ae5e19a,
webarena-verified,6473f72db5dcefc97b5725b59e734504edc28a21,501,f5a9fdee4ff17c81623ed7ab9cf2f8698c58bb591a9561bee25216f71ae5e19a,shopping_admin,webarena-verified/assets/dataset/webarena-verified.json,IC6,,webarena-verified/assets/dataset/webarena-verified.json#f5a9fdee4ff17c81623ed7ab9cf2f8698c58bb591a9561bee25216f71ae5e19a,
webarena-verified,6473f72db5dcefc97b5725b59e734504edc28a21,501,f5a9fdee4ff17c81623ed7ab9cf2f8698c58bb591a9561bee25216f71ae5e19a,shopping_admin,webarena-verified/assets/dataset/webarena-verified.json,IC7,,webarena-verified/assets/dataset/webarena-verified.json#f5a9fdee4ff17c81623ed7ab9cf2f8698c58bb591a9561bee25216f71ae5e19a,
webarena-verified,6473f72db5dcefc97b5725b59e734504edc28a21,782,63871282f30564ae7f60c887c6e6a90488ea7d099efad5b815decfd6910d1e0b,shopping_admin,webarena-verified/assets/dataset/webarena-verified.json,IC1,,webarena-verified/assets/dataset/webarena-verified.json#63871282f30564ae7f60c887c6e6a90488ea7d099efad5b815decfd6910d1e0b,
webarena-verified,6473f72db5dcefc97b5725b59e734504edc28a21,782,63871282f30564ae7f60c887c6e6a90488ea7d099efad5b815decfd6910d1e0b,shopping_admin,webarena-verified/assets/dataset/webarena-verified.json,IC2,,webarena-verified/assets/dataset/webarena-verified.json#63871282f30564ae7f60c887c6e6a90488ea7d099efad5b815decfd6910d1e0b,
webarena-verified,6473f72db5dcefc97b5725b59e734504edc28a21,782,63871282f30564ae7f60c887c6e6a90488ea7d099efad5b815decfd6910d1e0b,shopping_admin,webarena-verified/assets/dataset/webarena-verified.json,IC3,,webarena-verified/assets/dataset/webarena-verified.json#63871282f30564ae7f60c887c6e6a90488ea7d099efad5b815decfd6910d1e0b,
webarena-verified,6473f72db5dcefc97b5725b59e734504edc28a21,782,63871282f30564ae7f60c887c6e6a90488ea7d099efad5b815decfd6910d1e0b,shopping_admin,webarena-verified/assets/dataset/webarena-verified.json,IC4,,webarena-verified/assets/dataset/webarena-verified.json#63871282f30564ae7f60c887c6e6a90488ea7d099efad5b815decfd6910d1e0b,
webarena-verified,6473f72db5dcefc97b5725b59e734504edc28a21,782,63871282f30564ae7f60c887c6e6a90488ea7d099efad5b815decfd6910d1e0b,shopping_admin,webarena-verified/assets/dataset/webarena-verified.json,IC5,,webarena-verified/assets/dataset/webarena-verified.json#63871282f30564ae7f60c887c6e6a90488ea7d099efad5b815decfd6910d1e0b,
webarena-verified,6473f72db5dcefc97b5725b59e734504edc28a21,782,63871282f30564ae7f60c887c6e6a90488ea7d099efad5b815decfd6910d1e0b,shopping_admin,webarena-verified/assets/dataset/webarena-verified.json,IC6,,webarena-verified/assets/dataset/webarena-verified.json#63871282f30564ae7f60c887c6e6a90488ea7d099efad5b815decfd6910d1e0b,
webarena-verified,6473f72db5dcefc97b5725b59e734504edc28a21,782,63871282f30564ae7f60c887c6e6a90488ea7d099efad5b815decfd6910d1e0b,shopping_admin,webarena-verified/assets/dataset/webarena-verified.json,IC7,,webarena-verified/assets/dataset/webarena-verified.json#63871282f30564ae7f60c887c6e6a90488ea7d099efad5b815decfd6910d1e0b,
webarena-verified,6473f72db5dcefc97b5725b59e734504edc28a21,696,521439adc698f21b92bc345dead481921c98efaea85d2fea3c31fdd1d0c23a14,shopping_admin,webarena-verified/assets/dataset/webarena-verified.json,IC1,,webarena-verified/assets/dataset/webarena-verified.json#521439adc698f21b92bc345dead481921c98efaea85d2fea3c31fdd1d0c23a14,
webarena-verified,6473f72db5dcefc97b5725b59e734504edc28a21,696,521439adc698f21b92bc345dead481921c98efaea85d2fea3c31fdd1d0c23a14,shopping_admin,webarena-verified/assets/dataset/webarena-verified.json,IC2,,webarena-verified/assets/dataset/webarena-verified.json#521439adc698f21b92bc345dead481921c98efaea85d2fea3c31fdd1d0c23a14,
webarena-verified,6473f72db5dcefc97b5725b59e734504edc28a21,696,521439adc698f21b92bc345dead481921c98efaea85d2fea3c31fdd1d0c23a14,shopping_admin,webarena-verified/assets/dataset/webarena-verified.json,IC3,,webarena-verified/assets/dataset/webarena-verified.json#521439adc698f21b92bc345dead481921c98efaea85d2fea3c31fdd1d0c23a14,
webarena-verified,6473f72db5dcefc97b5725b59e734504edc28a21,696,521439adc698f21b92bc345dead481921c98efaea85d2fea3c31fdd1d0c23a14,shopping_admin,webarena-verified/assets/dataset/webarena-verified.json,IC4,,webarena-verified/assets/dataset/webarena-verified.json#521439adc698f21b92bc345dead481921c98efaea85d2fea3c31fdd1d0c23a14,
webarena-verified,6473f72db5dcefc97b5725b59e734504edc28a21,696,521439adc698f21b92bc345dead481921c98efaea85d2fea3c31fdd1d0c23a14,shopping_admin,webarena-verified/assets/dataset/webarena-verified.json,IC5,,webarena-verified/assets/dataset/webarena-verified.json#521439adc698f21b92bc345dead481921c98efaea85d2fea3c31fdd1d0c23a14,
webarena-verified,6473f72db5dcefc97b5725b59e734504edc28a21,696,521439adc698f21b92bc345dead481921c98efaea85d2fea3c31fdd1d0c23a14,shopping_admin,webarena-verified/assets/dataset/webarena-verified.json,IC6,,webarena-verified/assets/dataset/webarena-verified.json#521439adc698f21b92bc345dead481921c98efaea85d2fea3c31fdd1d0c23a14,
webarena-verified,6473f72db5dcefc97b5725b59e734504edc28a21,696,521439adc698f21b92bc345dead481921c98efaea85d2fea3c31fdd1d0c23a14,shopping_admin,webarena-verified/assets/dataset/webarena-verified.json,IC7,,webarena-verified/assets/dataset/webarena-verified.json#521439adc698f21b92bc345dead481921c98efaea85d2fea3c31fdd1d0c23a14,
webarena-verified,6473f72db5dcefc97b5725b59e734504edc28a21,200,91e4cf12a88d7ea505b767d608e23f7a62c7229bc97aee2931e2da9e268c4f8b,shopping_admin,webarena-verified/assets/dataset/webarena-verified.json,IC1,,webarena-verified/assets/dataset/webarena-verified.json#91e4cf12a88d7ea505b767d608e23f7a62c7229bc97aee2931e2da9e268c4f8b,
webarena-verified,6473f72db5dcefc97b5725b59e734504edc28a21,200,91e4cf12a88d7ea505b767d608e23f7a62c7229bc97aee2931e2da9e268c4f8b,shopping_admin,webarena-verified/assets/dataset/webarena-verified.json,IC2,,webarena-verified/assets/dataset/webarena-verified.json#91e4cf12a88d7ea505b767d608e23f7a62c7229bc97aee2931e2da9e268c4f8b,
webarena-verified,6473f72db5dcefc97b5725b59e734504edc28a21,200,91e4cf12a88d7ea505b767d608e23f7a62c7229bc97aee2931e2da9e268c4f8b,shopping_admin,webarena-verified/assets/dataset/webarena-verified.json,IC3,,webarena-verified/assets/dataset/webarena-verified.json#91e4cf12a88d7ea505b767d608e23f7a62c7229bc97aee2931e2da9e268c4f8b,
webarena-verified,6473f72db5dcefc97b5725b59e734504edc28a21,200,91e4cf12a88d7ea505b767d608e23f7a62c7229bc97aee2931e2da9e268c4f8b,shopping_admin,webarena-verified/assets/dataset/webarena-verified.json,IC4,,webarena-verified/assets/dataset/webarena-verified.json#91e4cf12a88d7ea505b767d608e23f7a62c7229bc97aee2931e2da9e268c4f8b,
webarena-verified,6473f72db5dcefc97b5725b59e734504edc28a21,200,91e4cf12a88d7ea505b767d608e23f7a62c7229bc97aee2931e2da9e268c4f8b,shopping_admin,webarena-verified/assets/dataset/webarena-verified.json,IC5,,webarena-verified/assets/dataset/webarena-verified.json#91e4cf12a88d7ea505b767d608e23f7a62c7229bc97aee2931e2da9e268c4f8b,
webarena-verified,6473f72db5dcefc97b5725b59e734504edc28a21,200,91e4cf12a88d7ea505b767d608e23f7a62c7229bc97aee2931e2da9e268c4f8b,shopping_admin,webarena-verified/assets/dataset/webarena-verified.json,IC6,,webarena-verified/assets/dataset/webarena-verified.json#91e4cf12a88d7ea505b767d608e23f7a62c7229bc97aee2931e2da9e268c4f8b,
webarena-verified,6473f72db5dcefc97b5725b59e734504edc28a21,200,91e4cf12a88d7ea505b767d608e23f7a62c7229bc97aee2931e2da9e268c4f8b,shopping_admin,webarena-verified/assets/dataset/webarena-verified.json,IC7,,webarena-verified/assets/dataset/webarena-verified.json#91e4cf12a88d7ea505b767d608e23f7a62c7229bc97aee2931e2da9e268c4f8b,
webarena-verified,6473f72db5dcefc97b5725b59e734504edc28a21,490,d377b3acd04f447eb66dfb1f1cb8fe9029392ef02e961f48bf491251c6f5b6e2,shopping_admin,webarena-verified/assets/dataset/webarena-verified.json,IC1,,webarena-verified/assets/dataset/webarena-verified.json#d377b3acd04f447eb66dfb1f1cb8fe9029392ef02e961f48bf491251c6f5b6e2,
webarena-verified,6473f72db5dcefc97b5725b59e734504edc28a21,490,d377b3acd04f447eb66dfb1f1cb8fe9029392ef02e961f48bf491251c6f5b6e2,shopping_admin,webarena-verified/assets/dataset/webarena-verified.json,IC2,,webarena-verified/assets/dataset/webarena-verified.json#d377b3acd04f447eb66dfb1f1cb8fe9029392ef02e961f48bf491251c6f5b6e2,
webarena-verified,6473f72db5dcefc97b5725b59e734504edc28a21,490,d377b3acd04f447eb66dfb1f1cb8fe9029392ef02e961f48bf491251c6f5b6e2,shopping_admin,webarena-verified/assets/dataset/webarena-verified.json,IC3,,webarena-verified/assets/dataset/webarena-verified.json#d377b3acd04f447eb66dfb1f1cb8fe9029392ef02e961f48bf491251c6f5b6e2,
webarena-verified,6473f72db5dcefc97b5725b59e734504edc28a21,490,d377b3acd04f447eb66dfb1f1cb8fe9029392ef02e961f48bf491251c6f5b6e2,shopping_admin,webarena-verified/assets/dataset/webarena-verified.json,IC4,,webarena-verified/assets/dataset/webarena-verified.json#d377b3acd04f447eb66dfb1f1cb8fe9029392ef02e961f48bf491251c6f5b6e2,
webarena-verified,6473f72db5dcefc97b5725b59e734504edc28a21,490,d377b3acd04f447eb66dfb1f1cb8fe9029392ef02e961f48bf491251c6f5b6e2,shopping_admin,webarena-verified/assets/dataset/webarena-verified.json,IC5,,webarena-verified/assets/dataset/webarena-verified.json#d377b3acd04f447eb66dfb1f1cb8fe9029392ef02e961f48bf491251c6f5b6e2,
webarena-verified,6473f72db5dcefc97b5725b59e734504edc28a21,490,d377b3acd04f447eb66dfb1f1cb8fe9029392ef02e961f48bf491251c6f5b6e2,shopping_admin,webarena-verified/assets/dataset/webarena-verified.json,IC6,,webarena-verified/assets/dataset/webarena-verified.json#d377b3acd04f447eb66dfb1f1cb8fe9029392ef02e961f48bf491251c6f5b6e2,
webarena-verified,6473f72db5dcefc97b5725b59e734504edc28a21,490,d377b3acd04f447eb66dfb1f1cb8fe9029392ef02e961f48bf491251c6f5b6e2,shopping_admin,webarena-verified/assets/dataset/webarena-verified.json,IC7,,webarena-verified/assets/dataset/webarena-verified.json#d377b3acd04f447eb66dfb1f1cb8fe9029392ef02e961f48bf491251c6f5b6e2,
webarena-verified,6473f72db5dcefc97b5725b59e734504edc28a21,470,e2a3742506b5be612f119a40b6e85e53e0abbcc242e0ecb920e79dc16664f34a,shopping_admin,webarena-verified/assets/dataset/webarena-verified.json,IC1,,webarena-verified/assets/dataset/webarena-verified.json#e2a3742506b5be612f119a40b6e85e53e0abbcc242e0ecb920e79dc16664f34a,
webarena-verified,6473f72db5dcefc97b5725b59e734504edc28a21,470,e2a3742506b5be612f119a40b6e85e53e0abbcc242e0ecb920e79dc16664f34a,shopping_admin,webarena-verified/assets/dataset/webarena-verified.json,IC2,,webarena-verified/assets/dataset/webarena-verified.json#e2a3742506b5be612f119a40b6e85e53e0abbcc242e0ecb920e79dc16664f34a,
webarena-verified,6473f72db5dcefc97b5725b59e734504edc28a21,470,e2a3742506b5be612f119a40b6e85e53e0abbcc242e0ecb920e79dc16664f34a,shopping_admin,webarena-verified/assets/dataset/webarena-verified.json,IC3,,webarena-verified/assets/dataset/webarena-verified.json#e2a3742506b5be612f119a40b6e85e53e0abbcc242e0ecb920e79dc16664f34a,
webarena-verified,6473f72db5dcefc97b5725b59e734504edc28a21,470,e2a3742506b5be612f119a40b6e85e53e0abbcc242e0ecb920e79dc16664f34a,shopping_admin,webarena-verified/assets/dataset/webarena-verified.json,IC4,,webarena-verified/assets/dataset/webarena-verified.json#e2a3742506b5be612f119a40b6e85e53e0abbcc242e0ecb920e79dc16664f34a,
webarena-verified,6473f72db5dcefc97b5725b59e734504edc28a21,470,e2a3742506b5be612f119a40b6e85e53e0abbcc242e0ecb920e79dc16664f34a,shopping_admin,webarena-verified/assets/dataset/webarena-verified.json,IC5,,webarena-verified/assets/dataset/webarena-verified.json#e2a3742506b5be612f119a40b6e85e53e0abbcc242e0ecb920e79dc16664f34a,
webarena-verified,6473f72db5dcefc97b5725b59e734504edc28a21,470,e2a3742506b5be612f119a40b6e85e53e0abbcc242e0ecb920e79dc16664f34a,shopping_admin,webarena-verified/assets/dataset/webarena-verified.json,IC6,,webarena-verified/assets/dataset/webarena-verified.json#e2a3742506b5be612f119a40b6e85e53e0abbcc242e0ecb920e79dc16664f34a,
webarena-verified,6473f72db5dcefc97b5725b59e734504edc28a21,470,e2a3742506b5be612f119a40b6e85e53e0abbcc242e0ecb920e79dc16664f34a,shopping_admin,webarena-verified/assets/dataset/webarena-verified.json,IC7,,webarena-verified/assets/dataset/webarena-verified.json#e2a3742506b5be612f119a40b6e85e53e0abbcc242e0ecb920e79dc16664f34a,
webarena-verified,6473f72db5dcefc97b5725b59e734504edc28a21,678,a977d17b46954a4ae87e1b6c683b4877c1cad4867c7ba4784687cea19541987c,shopping_admin,webarena-verified/assets/dataset/webarena-verified.json,IC1,,webarena-verified/assets/dataset/webarena-verified.json#a977d17b46954a4ae87e1b6c683b4877c1cad4867c7ba4784687cea19541987c,
webarena-verified,6473f72db5dcefc97b5725b59e734504edc28a21,678,a977d17b46954a4ae87e1b6c683b4877c1cad4867c7ba4784687cea19541987c,shopping_admin,webarena-verified/assets/dataset/webarena-verified.json,IC2,,webarena-verified/assets/dataset/webarena-verified.json#a977d17b46954a4ae87e1b6c683b4877c1cad4867c7ba4784687cea19541987c,
webarena-verified,6473f72db5dcefc97b5725b59e734504edc28a21,678,a977d17b46954a4ae87e1b6c683b4877c1cad4867c7ba4784687cea19541987c,shopping_admin,webarena-verified/assets/dataset/webarena-verified.json,IC3,,webarena-verified/assets/dataset/webarena-verified.json#a977d17b46954a4ae87e1b6c683b4877c1cad4867c7ba4784687cea19541987c,
webarena-verified,6473f72db5dcefc97b5725b59e734504edc28a21,678,a977d17b46954a4ae87e1b6c683b4877c1cad4867c7ba4784687cea19541987c,shopping_admin,webarena-verified/assets/dataset/webarena-verified.json,IC4,,webarena-verified/assets/dataset/webarena-verified.json#a977d17b46954a4ae87e1b6c683b4877c1cad4867c7ba4784687cea19541987c,
webarena-verified,6473f72db5dcefc97b5725b59e734504edc28a21,678,a977d17b46954a4ae87e1b6c683b4877c1cad4867c7ba4784687cea19541987c,shopping_admin,webarena-verified/assets/dataset/webarena-verified.json,IC5,,webarena-verified/assets/dataset/webarena-verified.json#a977d17b46954a4ae87e1b6c683b4877c1cad4867c7ba4784687cea19541987c,
webarena-verified,6473f72db5dcefc97b5725b59e734504edc28a21,678,a977d17b46954a4ae87e1b6c683b4877c1cad4867c7ba4784687cea19541987c,shopping_admin,webarena-verified/assets/dataset/webarena-verified.json,IC6,,webarena-verified/assets/dataset/webarena-verified.json#a977d17b46954a4ae87e1b6c683b4877c1cad4867c7ba4784687cea19541987c,
webarena-verified,6473f72db5dcefc97b5725b59e734504edc28a21,678,a977d17b46954a4ae87e1b6c683b4877c1cad4867c7ba4784687cea19541987c,shopping_admin,webarena-verified/assets/dataset/webarena-verified.json,IC7,,webarena-verified/assets/dataset/webarena-verified.json#a977d17b46954a4ae87e1b6c683b4877c1cad4867c7ba4784687cea19541987c,
webarena-verified,6473f72db5dcefc97b5725b59e734504edc28a21,199,79597e66d8ecfc54e22df906dbde7ab046ebfb9a3925195121de905974b2960e,shopping_admin,webarena-verified/assets/dataset/webarena-verified.json,IC1,,webarena-verified/assets/dataset/webarena-verified.json#79597e66d8ecfc54e22df906dbde7ab046ebfb9a3925195121de905974b2960e,
webarena-verified,6473f72db5dcefc97b5725b59e734504edc28a21,199,79597e66d8ecfc54e22df906dbde7ab046ebfb9a3925195121de905974b2960e,shopping_admin,webarena-verified/assets/dataset/webarena-verified.json,IC2,,webarena-verified/assets/dataset/webarena-verified.json#79597e66d8ecfc54e22df906dbde7ab046ebfb9a3925195121de905974b2960e,
webarena-verified,6473f72db5dcefc97b5725b59e734504edc28a21,199,79597e66d8ecfc54e22df906dbde7ab046ebfb9a3925195121de905974b2960e,shopping_admin,webarena-verified/assets/dataset/webarena-verified.json,IC3,,webarena-verified/assets/dataset/webarena-verified.json#79597e66d8ecfc54e22df906dbde7ab046ebfb9a3925195121de905974b2960e,
webarena-verified,6473f72db5dcefc97b5725b59e734504edc28a21,199,79597e66d8ecfc54e22df906dbde7ab046ebfb9a3925195121de905974b2960e,shopping_admin,webarena-verified/assets/dataset/webarena-verified.json,IC4,,webarena-verified/assets/dataset/webarena-verified.json#79597e66d8ecfc54e22df906dbde7ab046ebfb9a3925195121de905974b2960e,
webarena-verified,6473f72db5dcefc97b5725b59e734504edc28a21,199,79597e66d8ecfc54e22df906dbde7ab046ebfb9a3925195121de905974b2960e,shopping_admin,webarena-verified/assets/dataset/webarena-verified.json,IC5,,webarena-verified/assets/dataset/webarena-verified.json#79597e66d8ecfc54e22df906dbde7ab046ebfb9a3925195121de905974b2960e,
webarena-verified,6473f72db5dcefc97b5725b59e734504edc28a21,199,79597e66d8ecfc54e22df906dbde7ab046ebfb9a3925195121de905974b2960e,shopping_admin,webarena-verified/assets/dataset/webarena-verified.json,IC6,,webarena-verified/assets/dataset/webarena-verified.json#79597e66d8ecfc54e22df906dbde7ab046ebfb9a3925195121de905974b2960e,
webarena-verified,6473f72db5dcefc97b5725b59e734504edc28a21,199,79597e66d8ecfc54e22df906dbde7ab046ebfb9a3925195121de905974b2960e,shopping_admin,webarena-verified/assets/dataset/webarena-verified.json,IC7,,webarena-verified/assets/dataset/webarena-verified.json#79597e66d8ecfc54e22df906dbde7ab046ebfb9a3925195121de905974b2960e,
